uniprot,Rg,chi2_pre,chi2_rg,eff,expPREs,expRg,expRgErr,fasta,initPREs,ionic,labels,obs,pH,rgarray,tau_c,temp,weights,wh,cal,bt,N
THB_C2,,,,,,1.91,0.076,"['G', 'P', 'G', 'S', 'E', 'D', 'V', 'W', 'E', 'I', 'L', 'R', 'Q', 'A', 'P', 'P', 'S', 'E', 'Y', 'E', 'R', 'I', 'A', 'F', 'Q', 'Y', 'G', 'V', 'T', 'D', 'L', 'R', 'G', 'M', 'L', 'K', 'R', 'L', 'K', 'G', 'M', 'R', 'R', 'D', 'E', 'K', 'K', 'S', 'T', 'A', 'F', 'Q', 'K', 'K', 'L', 'E', 'P', 'A', 'Y', 'Q', 'V', 'S', 'K', 'G', 'H', 'K', 'I', 'R', 'L', 'T', 'V', 'E', 'L', 'A', 'D', 'H', 'D', 'A', 'E', 'V', 'K', 'W', 'L', 'K', 'N', 'G', 'Q', 'E', 'I', 'Q', 'M', 'S', 'G', 'S', 'K', 'Y', 'I', 'F', 'E', 'S', 'I', 'G', 'A', 'K', 'R', 'T', 'L', 'T', 'I', 'S', 'Q', 'C', 'S', 'L', 'A', 'D', 'D', 'A', 'A', 'Y', 'Q', 'C', 'V', 'V', 'G', 'G', 'E', 'K', 'C', 'S', 'T', 'E', 'L', 'F', 'V', 'K', 'E']",,0.15,,,6.5,,,295.15,,,2.0690411662064943,"[2.06923861 2.06827669 2.06808736 2.06911541 2.06904674 2.07192042
 2.06658459 2.06986106 2.06825026 2.07076969 2.0694946  2.0708865
 2.06709033 2.06844092 2.0700118  2.07131563 2.06882871 2.07073291
 2.06752548 2.07045128 2.07460407 2.06757921 2.06834576 2.06906756
 2.07038938 2.06905535 2.06905905 2.06901375 2.06745658 2.06799606
 2.07054935 2.07004505 2.06883591 2.06910382 2.06668245 2.06737792
 2.07042202 2.0677749  2.07021024 2.06999384 2.07196951 2.07082028
 2.06902064 2.07084425 2.06980913 2.07110197 2.06816299 2.06773031
 2.0715157  2.06805867 2.06786849 2.06778104 2.07122288 2.06847703
 2.06965713 2.06898179 2.06899151 2.06989361 2.06907559 2.06870876
 2.07077968 2.06977178 2.06820403 2.06933137 2.06932679 2.07059174
 2.06767948 2.07158263 2.07170266 2.06824643 2.07046263 2.07030362
 2.07302503 2.068097   2.06723971 2.06958162 2.06723692 2.0675902
 2.06848725 2.06640585 2.0677304  2.07029009 2.06832336 2.0687624
 2.06940278 2.06883677 2.06810615 2.06951564 2.0690455  2.07019064
 2.07247862 2.0692038  2.07034692 2.06704121 2.06890659 2.06987752
 2.0682484  2.06831673 2.07164797 2.06913517 2.06749347 2.0722853
 2.06910522 2.06600279 2.07034224 2.06904157 2.06674787 2.07027255
 2.06741205 2.07132901 2.07058109 2.06757183 2.0685306  2.06743532
 2.07015503 2.06899071 2.07022805 2.06659986 2.06672651 2.06999495
 2.06982506 2.06702158 2.06977919 2.06661338 2.06940463 2.06985435
 2.06752651 2.06748442 2.0709417  2.07076108 2.06877702 2.06914014
 2.07079144 2.07015262 2.06901431 2.06873215 2.07145001 2.07008326
 2.07065854 2.06715354 2.06861377 2.06604089 2.06979777 2.06973772
 2.07076773 2.06903932 2.06869503 2.06866162 2.06786256 2.07004812
 2.06884964 2.0711307  2.07014535 2.06682155 2.0699419  2.06955405
 2.06921347 2.06786679 2.06650447 2.06819519 2.07120602 2.06860503
 2.07104856 2.07090148 2.06963164 2.06977978 2.06980488 2.06930912
 2.06967626 2.06878727 2.06739313 2.06677028 2.0682408  2.06878621
 2.06998804 2.0691151  2.06981978 2.07037639 2.06582813 2.06584672
 2.0677679  2.06797666 2.06761368 2.06863326 2.06858432 2.06879635
 2.06875451 2.06830369 2.06975721 2.06881407 2.0688721  2.06952121
 2.06856916 2.06729794 2.06665479 2.06944242 2.06970394 2.07040028
 2.06987151 2.07137211 2.06947007 2.07269805 2.06768274 2.07169062
 2.07034648 2.0672814  2.06869077 2.0717335  2.06820376 2.06865136
 2.06923222 2.06919222 2.06858274 2.06930056 2.06955204 2.06728072
 2.06831189 2.06848692 2.07029881 2.07050923 2.07011069 2.06655947
 2.06725306 2.06621344 2.07003206 2.07081839 2.07000016 2.06803562
 2.07055864 2.0711383  2.06724438 2.06935841 2.07103763 2.06590838
 2.06915764 2.06617904 2.06949806 2.07133762 2.06898703 2.06894067
 2.06827315 2.06706424 2.06950376 2.06912262 2.06658766 2.06715752
 2.07074964 2.0692341  2.06922965 2.06976266 2.06577691 2.06807653
 2.06844078 2.06898047 2.0685945  2.07142331 2.06940221 2.06887484
 2.07007959 2.06861232 2.07070052 2.06866024 2.06937516 2.06882257
 2.06932934 2.07134936 2.0695409  2.06959211 2.06909694 2.06778173
 2.06714193 2.0644896  2.07109127 2.06757462 2.06653364 2.07029265
 2.06870237 2.06838259 2.07197579 2.06955915 2.07094009 2.06715115
 2.06829143 2.0707382  2.07018337 2.06429294 2.06874955 2.06916904
 2.0699817  2.06973989 2.06775073 2.06873436 2.07090819 2.0671754
 2.06765964 2.06955019 2.06744915 2.07108469 2.0707084  2.06691229
 2.06883953 2.07098772 2.06764899 2.06895501 2.07122548 2.07224895
 2.06640321 2.07250686 2.07034991 2.06935013 2.06943119 2.06838626
 2.07092227 2.07082911 2.06750922 2.06831376 2.06949982 2.06665571
 2.06870687 2.06723195 2.07012448 2.06819368 2.07079473 2.06957849
 2.06954193 2.06876616 2.06799918 2.06726662 2.06858029 2.0700992
 2.07005818 2.06714316 2.06920731 2.06853202 2.06510703 2.065577
 2.06863579 2.0698909  2.07109815 2.06963351 2.07005581 2.0699766
 2.07056577 2.06827901 2.06750853 2.06771432 2.07199449 2.07106007
 2.06936965 2.06929092 2.07012747 2.07046202 2.06863278 2.07167818
 2.06930513 2.07137852 2.07015022 2.06984986 2.07036579 2.06985648
 2.06913456 2.06833027 2.06865611 2.06786314 2.07006235 2.06949303
 2.06992129 2.07096934 2.06789252 2.07042486 2.07103289 2.06810635
 2.06909193 2.07080302 2.06720875 2.07027183 2.0701038  2.06791347
 2.06958381 2.06516929 2.07020605 2.06719811 2.0677979  2.0688531
 2.06884496 2.06890046 2.07062945 2.06636057 2.06878273 2.06936594
 2.06835794 2.06979571 2.067766   2.067321   2.06666295 2.0677328
 2.07126144 2.07005017 2.06873491 2.06637294 2.06781917 2.07094274
 2.06785862 2.06717269 2.06903506 2.06746122 2.0665982  2.0690222
 2.06957923 2.06798826 2.06918105 2.07023969 2.06806107 2.07386558
 2.06911203 2.06887801 2.06789576 2.06760807 2.06874543 2.07124095
 2.06916988 2.06704139 2.07125227 2.07047234 2.06635578 2.06886082
 2.07198839 2.06690541 2.06763183 2.07337227 2.07058919 2.06764673
 2.06814557 2.07021444 2.06903008 2.07108679 2.07116644 2.06974329
 2.06912451 2.07163455 2.06917283 2.06810258 2.06973525 2.07039462
 2.06946583 2.0701302  2.07102013 2.06604207 2.06957459 2.06958558
 2.07086274 2.06871979 2.06851998 2.06937867 2.06817504 2.06882416
 2.06738464 2.06937656 2.06983879 2.0691653  2.06902044 2.07028837
 2.06841366 2.06907501 2.07027708 2.07214651 2.06568693 2.06936273
 2.06692702 2.06855034 2.06769214 2.06762111 2.06956304 2.06872712
 2.0705285  2.06990699 2.06977712 2.06825158 2.07076499 2.07188388
 2.06797867 2.07099163 2.0687468  2.07002171 2.06916918 2.07009335
 2.06866693 2.0689445  2.07051449 2.06981415 2.07051234 2.0711959
 2.06968347 2.06834123 2.0689561  2.06999106 2.0703413  2.06804939
 2.06936678 2.06937322 2.06736665 2.06811421 2.06918657 2.06927558
 2.07059738 2.06733681 2.06628431 2.06982297 2.06793513 2.06818318
 2.0687866  2.06838631 2.06547054 2.06846881 2.06876065 2.06922437
 2.06794871 2.07058683 2.06696595 2.06595822 2.06692255 2.06723067
 2.06965056 2.07032036 2.06617575 2.07063556 2.06838563 2.06925382
 2.06948762 2.06599333 2.0682033  2.06643202 2.06809184 2.06858785
 2.06822969 2.07031657 2.06879037 2.07131637 2.06759975 2.07011566
 2.0708512  2.0681924  2.06786996 2.06919368 2.06725272 2.07166479
 2.06862264 2.06856345 2.06911858 2.06946243 2.06866424 2.06944931
 2.06965969 2.07046657 2.06946915 2.06861137 2.07032905 2.06752861
 2.06824679 2.06800324 2.06905538 2.06906272 2.06808637 2.07136531
 2.06974944 2.07055699 2.06698273 2.07051366 2.06841131 2.06718527
 2.06819875 2.0693851  2.06941762 2.07088164 2.07187684 2.07275313
 2.07149685 2.06947448 2.06858961 2.07003238 2.06807672 2.0690645
 2.07141792 2.06636495 2.06720056 2.06824876 2.06693896 2.0698508
 2.07009404 2.07016861 2.06999674 2.06942632 2.07241128 2.0676199
 2.06720192 2.06993537 2.07062385 2.06953745 2.06946569 2.07088618
 2.06861807 2.06997782 2.07231707 2.06901235 2.06868728 2.06996442
 2.06946505 2.07011218 2.06956027 2.07067403 2.07022222 2.06745744
 2.06718608 2.06962089 2.06790917 2.06813706 2.06700362 2.06889592
 2.06706532 2.06750446 2.07043943 2.06885604 2.06601132 2.0644565
 2.07092204 2.06975349 2.06745714 2.06861635 2.06626828 2.07048097
 2.06694753 2.06744071 2.06841851 2.07096611 2.06914611 2.06745188
 2.07168667 2.06773351 2.07136042 2.06961548 2.07107454 2.06739865
 2.06989393 2.06905711 2.0665335  2.0702793  2.0654971  2.07044435
 2.07081252 2.06736501 2.06951657 2.06834948 2.06833797 2.06898278
 2.06806133 2.06981948 2.07151959 2.06908568 2.06823733 2.07181778
 2.07116494 2.06744068 2.0708971  2.06946758 2.06855456 2.07055361
 2.07048954 2.06653238 2.07056704 2.06707376 2.07040403 2.06712729
 2.06955028 2.06558071 2.07066207 2.07068897 2.07327034 2.06513576
 2.07213782 2.07001054 2.06955726 2.06951528 2.06875506 2.06731818
 2.06822154 2.06803312 2.06939293 2.06776276 2.06854835 2.06668283
 2.06816135 2.06753008 2.06946946 2.06739145 2.07202784 2.07331519
 2.07010272 2.068073   2.06830344 2.0674042  2.06914596 2.06772694
 2.0688357  2.06679688 2.07096812 2.07080227 2.06919865 2.07026285
 2.07181668 2.06832626 2.06908666 2.07034604 2.07064979 2.07114237
 2.06821476 2.07043928 2.06928838 2.06988916 2.06855151 2.06706753
 2.06807421 2.0692624  2.06846107 2.06673535 2.06813396 2.07104172
 2.06845701 2.07149062 2.06847983 2.07001799 2.06954273 2.06878806
 2.06815844 2.06830397 2.0683265  2.06861836 2.06744204 2.06996813
 2.06612522 2.07115124 2.068674   2.06839472 2.07007611 2.06825559
 2.06924649 2.06896831 2.07026011 2.0711332  2.06595593 2.06777396
 2.06745712 2.06846004 2.06979339 2.06962799 2.07096037 2.06738004
 2.06587007 2.0710686  2.07081034 2.06709936 2.06879593 2.07060069
 2.07177712 2.06980317 2.06598809 2.06756367 2.06893128 2.07100389
 2.06728736 2.07160732 2.06866596 2.06787019 2.07166266 2.07073779
 2.06983494 2.06820879 2.06722032 2.06953913 2.06735997 2.07028358
 2.06814584 2.06896338 2.06804065 2.0681323  2.06799562 2.06671112
 2.06987178 2.06802148 2.07000529 2.06937845 2.07021957 2.07062678
 2.06756162 2.07079863 2.0677467  2.07097207 2.06867501 2.06843703
 2.06949038 2.06847072 2.0684281  2.06910426 2.06994762 2.06862624
 2.06978113 2.07129171 2.0674684  2.06674708 2.06860708 2.07123639
 2.06962586 2.06963865 2.06934869 2.07225684 2.06925189 2.07128988
 2.07048537 2.06886027 2.06707398 2.06991382 2.0675962  2.06757574
 2.06757193 2.06690783 2.06805681 2.06994472 2.06974327 2.06845012
 2.0667278  2.06803242 2.06806394 2.06915287 2.06681822 2.07008788
 2.06680132 2.06900405 2.06827486 2.07229635 2.07016016 2.07139738
 2.07082914 2.0681637  2.06905732 2.06949902 2.07091159 2.07080665
 2.06814829 2.06807805 2.07176836 2.06957972 2.06964829 2.06815056
 2.06906399 2.06984782 2.06990858 2.06917585 2.07199823 2.07186265
 2.06966543 2.06852894 2.06704837 2.07002856 2.06908646 2.06791634
 2.07125698 2.06713877 2.07080413 2.06923088 2.0689814  2.07082614
 2.07069073 2.06774846 2.06850468 2.06776333 2.06691822 2.06891326
 2.06665759 2.06724592 2.06879817 2.07018732 2.06844026 2.06886152
 2.06641157 2.0701607  2.07159943 2.068392   2.06883115 2.06844743
 2.06729646 2.06625136 2.06845751 2.0694648  2.06776364 2.0679188
 2.07015106 2.07315344 2.07089918 2.06887648 2.07058024 2.06870765
 2.07172141 2.06894086 2.06803886 2.06809553 2.07038428 2.068293
 2.06859367 2.06835279 2.06974807 2.06984461 2.07071292 2.06994306
 2.06816715 2.06961611 2.07138367 2.07064498 2.07081376 2.07029607
 2.07039823 2.06826114 2.06884467 2.07053943 2.06809254 2.06763957
 2.07383792 2.06598093 2.06818192 2.07036722 2.06771772 2.06910765
 2.0703362  2.06897887 2.06861131 2.06785057 2.07014298 2.0688067
 2.06980607 2.0681653  2.06796466 2.06884929 2.07110376 2.06886643
 2.06911164 2.06791249 2.07063121 2.06954854 2.07166836 2.06792179
 2.07015267 2.07053673 2.06999839 2.06747357 2.06865105 2.06795085
 2.06565646 2.07014537 2.06823827 2.06925749 2.06830755 2.06999797
 2.06661359 2.06659809 2.06783157 2.06765113 2.06920045 2.07016855
 2.07054169 2.06886801 2.06729952 2.06816631 2.06923262 2.06848144
 2.07195379 2.06817824 2.07021102 2.07158024 2.06992189 2.06783316
 2.06910364 2.06902951 2.06921898 2.07098915 2.06870721 2.06782032
 2.07375234 2.06635269 2.06787291 2.07051613 2.06997699 2.06538586
 2.06848705 2.0727849  2.07046719 2.06981547 2.0692556  2.06906283
 2.06856371 2.06916777 2.06780472 2.0716991 ]",137
Ubq2,,,,,,2.19,0.18,"['M', 'A', 'S', 'H', 'H', 'H', 'H', 'H', 'H', 'G', 'A', 'Q', 'I', 'F', 'V', 'K', 'T', 'L', 'T', 'G', 'K', 'T', 'I', 'T', 'L', 'E', 'V', 'E', 'P', 'S', 'D', 'T', 'I', 'E', 'N', 'V', 'K', 'A', 'K', 'I', 'Q', 'D', 'K', 'E', 'G', 'I', 'P', 'P', 'D', 'Q', 'Q', 'R', 'L', 'I', 'F', 'A', 'G', 'K', 'Q', 'L', 'E', 'D', 'G', 'R', 'T', 'L', 'S', 'D', 'Y', 'N', 'I', 'Q', 'K', 'E', 'S', 'T', 'L', 'H', 'L', 'V', 'L', 'R', 'L', 'R', 'G', 'G', 'M', 'Q', 'I', 'F', 'V', 'K', 'T', 'L', 'T', 'G', 'K', 'T', 'I', 'T', 'L', 'E', 'V', 'E', 'P', 'S', 'D', 'T', 'I', 'E', 'N', 'V', 'K', 'A', 'K', 'I', 'Q', 'D', 'K', 'E', 'G', 'I', 'P', 'P', 'D', 'Q', 'Q', 'R', 'L', 'I', 'F', 'A', 'G', 'K', 'Q', 'L', 'E', 'D', 'G', 'R', 'T', 'L', 'S', 'D', 'Y', 'N', 'I', 'Q', 'K', 'E', 'S', 'T', 'L', 'H', 'L', 'V', 'L', 'R', 'L', 'R', 'G', 'G']",,0.33,,,8.0,,,293.0,,,2.0756733707883033,"[2.07448717 2.07677573 2.07463594 2.07506285 2.07440597 2.07527102
 2.07750878 2.07572669 2.0750232  2.07330034 2.07714813 2.07544563
 2.07674203 2.0743952  2.0762712  2.07254448 2.07636604 2.07418799
 2.07600312 2.07553639 2.07298568 2.0750245  2.07501839 2.07373941
 2.07630069 2.0745715  2.07565231 2.07452505 2.07525915 2.07639605
 2.07589609 2.07504624 2.0748125  2.07477037 2.07708064 2.07486118
 2.07545692 2.07650856 2.07557894 2.07363723 2.07525805 2.07476446
 2.07524699 2.07591214 2.07602838 2.07422191 2.07497605 2.0745252
 2.07534297 2.07614572 2.07656504 2.07618744 2.07698516 2.07695882
 2.07845439 2.07434638 2.07547323 2.07453102 2.0752739  2.07716561
 2.07629388 2.07536494 2.07461885 2.0766551  2.07493115 2.07591089
 2.07545846 2.07832304 2.07566537 2.07563901 2.07620453 2.07655719
 2.07611717 2.0759924  2.07553293 2.07600593 2.07513328 2.07560139
 2.07553918 2.0745114  2.07418025 2.07682647 2.07520293 2.07620265
 2.07486237 2.0755467  2.07591466 2.07511812 2.07468329 2.07528115
 2.07456356 2.0750265  2.07632436 2.07539297 2.07541718 2.07549733
 2.07458165 2.07502596 2.07611674 2.07427902 2.07567923 2.07615637
 2.07669986 2.07554378 2.07456206 2.07543209 2.07547957 2.07808502
 2.07540171 2.07350289 2.07368805 2.07535538 2.07617449 2.07515725
 2.07450314 2.07513814 2.07593224 2.07453959 2.07634473 2.075476
 2.07663777 2.07469018 2.07585065 2.0774334  2.07546334 2.07430826
 2.07714462 2.07533987 2.0759884  2.07524442 2.07625972 2.07647004
 2.07566896 2.07525719 2.07624103 2.07599807 2.07536375 2.07452816
 2.07470712 2.07547139 2.07653433 2.07891616 2.07483945 2.07719426
 2.07507762 2.07578174 2.0739416  2.07726011 2.07580997 2.07676728
 2.07461792 2.07670692 2.07584918 2.07441326 2.07586956 2.07589039
 2.07678496 2.07593472 2.07509031 2.07651485 2.07405793 2.0776304
 2.07461337 2.07635708 2.07650962 2.07491034 2.07542273 2.07543272
 2.07594601 2.07536528 2.0747398  2.07463716 2.07576109 2.07639693
 2.07633899 2.07613572 2.07728444 2.07479928 2.07672504 2.07454799
 2.07419672 2.07656939 2.07556183 2.07483625 2.07623477 2.0753925
 2.07623622 2.07506617 2.07619783 2.07619453 2.07788    2.07681261
 2.07595809 2.0766273  2.07581623 2.07539631 2.07629451 2.07613518
 2.07782664 2.07584395 2.07598968 2.07526216 2.07501011 2.07546023
 2.07486518 2.07578954 2.07470152 2.07710092 2.07658829 2.07644976
 2.07610973 2.07383961 2.07653732 2.0754216  2.07575765 2.07337575
 2.07793415 2.07526629 2.07548993 2.07444665 2.07630923 2.07436919
 2.07627761 2.073591   2.07690647 2.07396731 2.0747976  2.07600177
 2.07687097 2.07498114 2.07330778 2.07538218 2.07643291 2.07518272
 2.07585443 2.07702703 2.07529649 2.07618163 2.07556002 2.075236
 2.07724049 2.07486323 2.07389907 2.07692092 2.07644891 2.07548401
 2.07752612 2.07487114 2.0775513  2.07425928 2.07623336 2.07589417
 2.07666907 2.07557323 2.07533619 2.0730767  2.07515675 2.075723
 2.07394172 2.07582107 2.0772413  2.07643175 2.0740203  2.07717104
 2.07621934 2.0753578  2.07786294 2.07598631 2.07452888 2.07448309
 2.0741737  2.07560045 2.07790343 2.07620091 2.07609594 2.07489668
 2.07366428 2.07687019 2.07611286 2.07627573 2.07562825 2.07501243
 2.07530436 2.07553014 2.07614218 2.07606636 2.07438506 2.07532744
 2.0763503  2.07591262 2.07574269 2.07665629 2.0763894  2.07705076
 2.07461013 2.07474671 2.07447476 2.07521432 2.07487683 2.0762476
 2.07670849 2.07409597 2.07620655 2.07716585 2.07541414 2.07706752
 2.07481217 2.07660251 2.07564749 2.07499843 2.07601253 2.07322997
 2.07616712 2.07508533 2.07618713 2.07533827 2.07466256 2.07508122
 2.07615001 2.07569993 2.07618152 2.0736513  2.07517691 2.07580968
 2.07574403 2.07503282 2.07702207 2.07679433 2.07646302 2.07601551
 2.07597232 2.07565075 2.0749354  2.07664019 2.07590397 2.0748384
 2.0755286  2.07617545 2.07417373 2.07423366 2.07648151 2.07324695
 2.07412936 2.07661315 2.07442675 2.07561037 2.07684146 2.07511592
 2.07334227 2.07606088 2.07616305 2.07487492 2.0732148  2.07450165
 2.07325732 2.07712215 2.07548375 2.07710378 2.07600513 2.07588319
 2.0747819  2.07644397 2.07710527 2.07658813 2.07587413 2.07629554
 2.07727281 2.07746416 2.07611051 2.07358954 2.07669522 2.07674694
 2.07513575 2.07572572 2.0742976  2.07512485 2.0747921  2.07477587
 2.07507095 2.07467675 2.07586519 2.07681108 2.07556784 2.07579257
 2.07676672 2.0747465  2.0746859  2.07643196 2.07716201 2.07638654
 2.07602813 2.07492596 2.0772899  2.07556394 2.07636514 2.07551935
 2.07556883 2.07468942 2.0753983  2.07587488 2.07613999 2.07363468
 2.07628086 2.07474724 2.07456357 2.07435455 2.07632385 2.07701682
 2.07560531 2.07621458 2.07653466 2.07558447 2.07522001 2.0746633
 2.07563873 2.07641153 2.07743976 2.07478128 2.07471712 2.07478194
 2.07699231 2.07421195 2.07511075 2.07645696 2.07603395 2.07486942
 2.07496724 2.07594926 2.07529714 2.07482936 2.07679103 2.07665675
 2.07788378 2.07562164 2.07648921 2.07583145 2.07539981 2.07578985
 2.07556954 2.07647841 2.07435554 2.07385998 2.07635234 2.07598722
 2.07586927 2.0772964  2.07655797 2.07523592 2.07554642 2.0749279
 2.07669037 2.07577097 2.07495482 2.07422126 2.07586695 2.07467833
 2.07624198 2.07563256 2.07571005 2.07711187 2.07714754 2.07512277
 2.07522781 2.07395312 2.07357192 2.07529899 2.07527938 2.07516874
 2.07577399 2.07482779 2.07697576 2.07599849 2.07526063 2.07534223
 2.07600499 2.0760807  2.07431277 2.0770755  2.0761235  2.07448474
 2.07682488 2.07611432 2.07539188 2.07601947 2.07560871 2.07542457
 2.0758503  2.07401521 2.07457825 2.07500949 2.07526943 2.07580616
 2.07386656 2.07564598 2.07592686 2.0769294  2.07434964 2.07568966
 2.07639904 2.07716025 2.07472674 2.07450535 2.07568137 2.07545579
 2.07680428 2.07719558 2.07617644 2.07638613 2.07485405 2.0758331
 2.07409367 2.07515487 2.07691613 2.07664544 2.07401397 2.07423782
 2.07445369 2.07527203 2.07535101 2.07635717 2.07701247 2.07502269
 2.07590926 2.07645377 2.07492784 2.07747492 2.07379642 2.07431941
 2.07588914 2.07616152 2.07716769 2.07618804 2.07607751 2.07595075
 2.07669344 2.07413836 2.07474281 2.07697203 2.07527148 2.0751871
 2.07619582 2.07492832 2.07354968 2.07509322 2.07683685 2.07326532
 2.07544173 2.07623626 2.07600267 2.07460781 2.07704322 2.07542369
 2.077158   2.07503071 2.0765382  2.07675129 2.07496853 2.07520262
 2.07577198 2.07492123 2.0758475  2.07692517 2.0760288  2.07641796
 2.07705974 2.07573414 2.07761903 2.07665052 2.07530446 2.07693596
 2.074843   2.07554686 2.07422619 2.07572121 2.07557013 2.07702808
 2.07522785 2.07480153 2.07524576 2.07604648 2.07639381 2.07587272
 2.07665648 2.07588015 2.07445956 2.07546095 2.07464951 2.07555518
 2.07707084 2.07615033 2.07581086 2.07606072 2.07463673 2.07608212
 2.07420433 2.07479672 2.07655313 2.07614931 2.0757377  2.07637136
 2.07591467 2.07519483 2.07515151 2.07602709 2.07648336 2.07488157
 2.07638164 2.07648955 2.07359172 2.07461001 2.07716344 2.07600362
 2.0748959  2.07618159 2.07587026 2.07728211 2.07457053 2.07609962
 2.0760938  2.07491427 2.07553611 2.07679608 2.07595701 2.07593985
 2.07660148 2.0752331  2.07370602 2.07510478 2.07573893 2.07725746
 2.07516853 2.07455442 2.07525299 2.07455343 2.07522421 2.07698013
 2.07601137 2.07658516 2.07545084 2.07481285 2.07535875 2.07628916
 2.07536442 2.07488087 2.07553211 2.0772084  2.07695132 2.07581042
 2.07547039 2.0736591  2.07604083 2.0769745  2.07512643 2.07676307
 2.07710592 2.07502851 2.07641683 2.07624751 2.07610624 2.07602486
 2.07461032 2.07572371 2.07466972 2.07566629 2.07722774 2.07505923
 2.07651524 2.07633956 2.07553635 2.0756661  2.07636801 2.07537781
 2.07632399 2.0742408  2.07649557 2.07489822 2.07545709 2.07682604
 2.07614067 2.07525302 2.07514989 2.07513286 2.0764009  2.07659137
 2.07529001 2.07512039 2.07513571 2.07399637 2.07615053 2.07427988
 2.07601109 2.07519732 2.07657125 2.07411563 2.07756847 2.0752801
 2.07675315 2.07384914 2.07615693 2.07633766 2.07468949 2.07548982
 2.07799665 2.07491672 2.07423827 2.07671832 2.07530803 2.07491698
 2.07519865 2.07441855 2.07577109 2.07555638 2.07602273 2.07540541
 2.07682723 2.07658007 2.07508994 2.07503632 2.07701344 2.07539669
 2.07569517 2.07522565 2.07578249 2.07770436 2.0762749  2.07735659
 2.07571252 2.07616961 2.0774402  2.07523118 2.07411179 2.07523191
 2.07546213 2.07725123 2.07517122 2.07429226 2.07614848 2.07623172
 2.07423646 2.07507276 2.07614764 2.07562072 2.07625409 2.07510716
 2.07558887 2.07673452 2.07524113 2.07471459 2.0756769  2.07522158
 2.07508235 2.07734838 2.07531798 2.07540012 2.07477708 2.07388512
 2.07467033 2.07533399 2.07503766 2.07567627 2.07454794 2.07624934
 2.07649742 2.07497439 2.07591574 2.07651204 2.07518895 2.07635783
 2.07446596 2.076558   2.07534766 2.07637033 2.07635086 2.07645506
 2.07550537 2.07687524 2.07665458 2.07521692 2.07555955 2.07532755
 2.07650178 2.07341472 2.07687752 2.07484062 2.07515904 2.07779606
 2.07564026 2.07411265 2.07606573 2.076693   2.0747303  2.07670236
 2.07523315 2.0759203  2.07505588 2.07467436 2.07488131 2.07642605
 2.07599402 2.07588433 2.07602845 2.07494913 2.07579366 2.07582827
 2.07502941 2.0755929  2.07654801 2.07565049 2.07524999 2.07679843
 2.07470927 2.07500869 2.07594675 2.07575607 2.07354467 2.07588175
 2.07647642 2.07747995 2.07482383 2.07779875 2.07691651 2.07598754
 2.07669024 2.07668    2.07472501 2.07634779 2.07529889 2.07654012
 2.07546069 2.07571684 2.07541069 2.07610718 2.07427097 2.07653911
 2.07724891 2.07519384 2.07501792 2.07640365 2.07610284 2.07512709
 2.07446825 2.07621618 2.07294971 2.07579149 2.07587265 2.07704895
 2.07641025 2.07684554 2.07672638 2.0767856  2.07582182 2.0741958
 2.07653786 2.07621122 2.07519961 2.0750427  2.07632343 2.0741119
 2.07549961 2.0743109  2.07482815 2.07556756 2.07628653 2.07683264
 2.0754199  2.0749152  2.074782   2.07453593 2.07462507 2.07574667
 2.07595828 2.07538405 2.07596446 2.07675477 2.0751884  2.07410844
 2.07707167 2.07630641 2.07700332 2.07598279 2.07538425 2.07417383
 2.07688299 2.07532714 2.07537486 2.07502207 2.07406823 2.07539665
 2.07593982 2.07459737 2.07727188 2.07676137 2.07585595 2.074934
 2.07650124 2.07580916 2.07603528 2.07602262 2.07553832 2.07584815
 2.07542087 2.07620171 2.07724539 2.07645079 2.0755438  2.07561002
 2.07600751 2.0734752  2.07567678 2.07453166 2.07765325 2.07471223
 2.07566323 2.0763987  2.07503828 2.07468497 2.07599033 2.07795497
 2.0751422  2.07352408 2.07516031 2.07520915 2.0732872  2.0751289
 2.07538782 2.07510838 2.07578198 2.07623785 2.07568158 2.07375853
 2.07447839 2.07648706 2.07713843 2.07537975 2.07486872 2.07484347
 2.07453095 2.07503145 2.07461911 2.07668326 2.07453323 2.07562845
 2.07571968 2.07560705 2.07525111 2.07629389 2.07478367 2.07420222
 2.07592483 2.07357098 2.07531565 2.07700378 2.07348364 2.07545558
 2.07510324 2.07580336 2.07523518 2.07745332 2.07502925 2.07575692
 2.07534114 2.07495442 2.07637871 2.07643598 2.07509466 2.0776921
 2.07640243 2.07757437 2.07455072 2.07590178 2.0754091  2.07644131
 2.07607727 2.07710448 2.07410822 2.07675845 2.07430582 2.07586433
 2.07596776 2.07405985 2.07540861 2.07411927 2.07655098 2.0751478
 2.07713691 2.0753779  2.074311   2.07427426 2.07473836 2.07375138
 2.07640013 2.07461257 2.0776146  2.07617164 2.07475049 2.07624413
 2.07417407 2.07591097 2.07594357 2.07615437]",162
Ubq3,,,,,,2.62,0.018,"['M', 'Q', 'I', 'F', 'V', 'K', 'T', 'L', 'T', 'G', 'K', 'T', 'I', 'T', 'L', 'E', 'V', 'E', 'P', 'S', 'D', 'T', 'I', 'E', 'N', 'V', 'K', 'A', 'K', 'I', 'Q', 'D', 'K', 'E', 'G', 'I', 'P', 'P', 'D', 'Q', 'Q', 'R', 'L', 'I', 'F', 'A', 'G', 'K', 'Q', 'L', 'E', 'D', 'G', 'R', 'T', 'L', 'S', 'D', 'Y', 'N', 'I', 'Q', 'K', 'E', 'S', 'T', 'L', 'H', 'L', 'V', 'L', 'R', 'L', 'R', 'G', 'G', 'M', 'Q', 'I', 'F', 'V', 'K', 'T', 'L', 'T', 'G', 'K', 'T', 'I', 'T', 'L', 'E', 'V', 'E', 'P', 'S', 'D', 'T', 'I', 'E', 'N', 'V', 'K', 'A', 'K', 'I', 'Q', 'D', 'K', 'E', 'G', 'I', 'P', 'P', 'D', 'Q', 'Q', 'R', 'L', 'I', 'F', 'A', 'G', 'K', 'Q', 'L', 'E', 'D', 'G', 'R', 'T', 'L', 'S', 'D', 'Y', 'N', 'I', 'Q', 'K', 'E', 'S', 'T', 'L', 'H', 'L', 'V', 'L', 'R', 'L', 'R', 'G', 'G', 'M', 'Q', 'I', 'F', 'V', 'K', 'T', 'L', 'T', 'G', 'K', 'T', 'I', 'T', 'L', 'E', 'V', 'E', 'P', 'S', 'D', 'T', 'I', 'E', 'N', 'V', 'K', 'A', 'K', 'I', 'Q', 'D', 'K', 'E', 'G', 'I', 'P', 'P', 'D', 'Q', 'Q', 'R', 'L', 'I', 'F', 'A', 'G', 'K', 'Q', 'L', 'E', 'D', 'G', 'R', 'T', 'L', 'S', 'D', 'Y', 'N', 'I', 'Q', 'K', 'E', 'S', 'T', 'L', 'H', 'L', 'V', 'L', 'R', 'L', 'R', 'G', 'G']",,0.33,,,8.0,,,293.0,,,2.645458469392012,"[2.64509099 2.64479738 2.64484994 2.64453466 2.64157621 2.6466848
 2.64530077 2.64594832 2.64495163 2.64165388 2.64647511 2.64467185
 2.6471806  2.64640009 2.64823732 2.65028519 2.64457985 2.64472732
 2.64521308 2.64138334 2.6440787  2.64352473 2.64559771 2.64700813
 2.64623175 2.64509065 2.64490638 2.64523806 2.64657884 2.64483764
 2.64784725 2.64653407 2.64480779 2.64730451 2.64581268 2.64458054
 2.64468085 2.64568505 2.64501325 2.64569925 2.64352974 2.64427996
 2.64445207 2.643205   2.64480061 2.64816243 2.6435963  2.64671778
 2.6446697  2.64746244 2.64583251 2.64466744 2.64825788 2.64664976
 2.64483231 2.64367917 2.64600887 2.64554364 2.64302483 2.64543382
 2.64157156 2.6452231  2.64714166 2.64283688 2.64433597 2.64601319
 2.64551448 2.64311263 2.64469186 2.64251428 2.64202471 2.64220159
 2.64657644 2.64620898 2.64281834 2.64262834 2.64287465 2.64595703
 2.64593178 2.64586396 2.64476717 2.64472759 2.64590271 2.64490125
 2.64530054 2.64721488 2.6478637  2.64484563 2.64697979 2.64599463
 2.64665403 2.64595583 2.64468527 2.64578228 2.64539807 2.6448888
 2.64887145 2.64360505 2.64749566 2.6474166  2.64724851 2.64338273
 2.64590213 2.64789771 2.64719277 2.64756166 2.64465134 2.64540058
 2.64645031 2.64400429 2.64562069 2.64365816 2.64623931 2.64468969
 2.64770411 2.64564247 2.64446236 2.64379732 2.64381761 2.64701183
 2.64318419 2.64439196 2.64443435 2.64344128 2.6459144  2.64350354
 2.64398172 2.64628114 2.64603322 2.64455457 2.64464685 2.64608647
 2.64380611 2.64545449 2.64208642 2.64619851 2.64521955 2.64670533
 2.64620828 2.64538823 2.64572183 2.64563254 2.64702968 2.64463635
 2.64366803 2.64849824 2.64547923 2.64445018 2.64506049 2.64689608
 2.64467107 2.64510053 2.64533522 2.64762881 2.64571689 2.64545478
 2.64725733 2.64592233 2.6468861  2.6433979  2.6438626  2.64611279
 2.64255646 2.64510298 2.64446094 2.64571453 2.64726725 2.64338712
 2.64730691 2.64592207 2.64223384 2.64733974 2.64663647 2.64314853
 2.6453728  2.64400731 2.64720632 2.64366264 2.64334598 2.64677652
 2.6454941  2.64920129 2.6462232  2.64500958 2.64759801 2.64860117
 2.64664106 2.64790695 2.64446087 2.64509127 2.64710333 2.64326885
 2.6475884  2.64505979 2.64515902 2.64438128 2.64769316 2.64978057
 2.64584466 2.64463065 2.64724439 2.64751823 2.64614042 2.64587123
 2.64504393 2.64691142 2.64608296 2.64575695 2.64549143 2.64720217
 2.64905334 2.64614854 2.64640542 2.64671926 2.64545394 2.64328885
 2.64586067 2.64635806 2.65001851 2.64506508 2.64530081 2.64368839
 2.64451565 2.6439407  2.64475094 2.64643764 2.64576773 2.64490243
 2.6459635  2.64493601 2.64512238 2.64478145 2.64457518 2.64703104
 2.6447545  2.64595252 2.64404783 2.64434664 2.64553336 2.64785309
 2.64456459 2.64284209 2.64570074 2.64445705 2.64585237 2.64351097
 2.644815   2.64319368 2.64634563 2.64489971 2.6437718  2.64493144
 2.64562028 2.64689861 2.64416488 2.64637232 2.64619501 2.64572239
 2.64326725 2.6449227  2.64499574 2.64313925 2.64501914 2.64481868
 2.64447242 2.64589581 2.64527233 2.64499018 2.64252832 2.64592348
 2.64641212 2.64291035 2.64619387 2.64392894 2.6448133  2.64318701
 2.64841669 2.64576545 2.64785002 2.64545596 2.64689644 2.64238022
 2.64585582 2.64456668 2.64413703 2.64569788 2.64756437 2.64735879
 2.64612579 2.64821505 2.64466891 2.64558862 2.64764832 2.64145355
 2.64569802 2.64785444 2.64452817 2.64413635 2.64443865 2.64612009
 2.64300415 2.64376854 2.64582122 2.64336424 2.64182077 2.6438775
 2.64417159 2.64466398 2.64985483 2.64296841 2.64524658 2.64601746
 2.64397156 2.64440609 2.64653167 2.64809883 2.64580124 2.64455767
 2.64716767 2.64792297 2.64574111 2.64705194 2.64748289 2.64884022
 2.64520776 2.64588908 2.64497166 2.64497763 2.64732205 2.64363269
 2.64240126 2.64832004 2.64302967 2.64586609 2.64750225 2.64533011
 2.64643063 2.64614363 2.64571217 2.64539086 2.64803785 2.64541758
 2.64596792 2.64506689 2.64563336 2.64628484 2.64597451 2.64623969
 2.64979226 2.64659792 2.64921798 2.64368933 2.6469476  2.64645925
 2.64787303 2.64345127 2.64543132 2.64512718 2.64277673 2.64336994
 2.64368608 2.64512714 2.64466462 2.64463145 2.64247055 2.6460276
 2.64280225 2.6433865  2.64442721 2.64722678 2.64487859 2.64615481
 2.64567593 2.64616838 2.64288322 2.64656709 2.64646545 2.6451897
 2.64572291 2.64516006 2.64787719 2.6446756  2.64644311 2.64297885
 2.645039   2.64146866 2.64449619 2.64359866 2.64483064 2.64516953
 2.64589786 2.64593613 2.64403792 2.64816918 2.64752161 2.64625163
 2.6460624  2.64462996 2.64362438 2.6470669  2.6479344  2.64398609
 2.64601176 2.64411586 2.64756424 2.64483632 2.64555165 2.64662416
 2.64181816 2.64467209 2.6456811  2.64577573 2.64318995 2.64307754
 2.64509355 2.64673607 2.6455777  2.64679812 2.64289068 2.64492839
 2.64430257 2.64744371 2.64349107 2.64757332 2.64307898 2.64628619
 2.64200308 2.64408005 2.64532438 2.64477855 2.6431642  2.64808469
 2.64180513 2.6446133  2.64716672 2.64637471 2.6448603  2.64346323
 2.64497173 2.64621123 2.6446805  2.64704511 2.64554729 2.64584249
 2.64720105 2.644847   2.64433986 2.64482027 2.64406693 2.64548632
 2.6454706  2.64714155 2.64678763 2.64612591 2.64498531 2.64743681
 2.64587191 2.64532547 2.6440836  2.64743206 2.64619239 2.64519946
 2.64459022 2.64500689 2.64707917 2.64525095 2.64202097 2.6443185
 2.64362262 2.64624208 2.64707765 2.64501756 2.64890804 2.6460048
 2.64697553 2.64610022 2.6454023  2.64500432 2.64487197 2.64209944
 2.6447778  2.64604007 2.64653832 2.6470336  2.64339366 2.64601849
 2.64562851 2.64678108 2.64500042 2.64446636 2.64654284 2.64591923
 2.64339888 2.64680176 2.64536591 2.6461     2.64635107 2.643688
 2.6452075  2.64358257 2.64590466 2.6461943  2.64494189 2.64576341
 2.64314559 2.64584612 2.6460625  2.64558288 2.64254968 2.64531025
 2.64435317 2.64606401 2.64466867 2.64710924 2.64638732 2.64533332
 2.64590054 2.64170599 2.64486415 2.6451745  2.64379799 2.64631802
 2.64711231 2.6450369  2.64632254 2.64231113 2.64557574 2.64729868
 2.64339194 2.64483704 2.64461031 2.6471479  2.64292885 2.6458909
 2.643445   2.64689976 2.64202299 2.64573387 2.64502769 2.64530646
 2.64500996 2.64702475 2.64650875 2.64670061 2.6443887  2.6440489
 2.64376124 2.64569477 2.64414136 2.64297324 2.64407852 2.6458076
 2.64753002 2.64736122 2.64480447 2.64409732 2.64536005 2.64718785
 2.6464367  2.64182775 2.64607066 2.64436727 2.64540802 2.64607433
 2.64382019 2.64514641 2.64379185 2.64796223 2.64457232 2.64442005
 2.64588654 2.64474307 2.64452649 2.64438465 2.64407853 2.64688241
 2.64505684 2.64637065 2.64409689 2.64547493 2.64622228 2.64438465
 2.64722337 2.64512777 2.6462041  2.64525933 2.64347657 2.64650771
 2.64496811 2.64333386 2.64693473 2.64443873 2.64640133 2.64414124
 2.64529823 2.64259757 2.6434234  2.64649951 2.64514831 2.64487267
 2.64433634 2.64668985 2.64307771 2.6461969  2.64370395 2.64593447
 2.64749381 2.64819023 2.64544942 2.64526178 2.64634383 2.64530561
 2.64507891 2.64668734 2.64633625 2.64824224 2.64541779 2.64636906
 2.64526497 2.64518621 2.64748731 2.64657343 2.64760645 2.64622192
 2.64233681 2.64767907 2.64181008 2.64199745 2.64504293 2.64417743
 2.64715757 2.64679256 2.64587713 2.64736093 2.64666051 2.64329972
 2.64729817 2.64590553 2.64640967 2.64631841 2.64740171 2.64377554
 2.64547848 2.64606291 2.64411863 2.64439919 2.64615526 2.64500951
 2.6445473  2.64533134 2.6444628  2.64599194 2.6461681  2.64558134
 2.64357996 2.64717208 2.64641913 2.64386501 2.64603441 2.64567647
 2.64655399 2.64468519 2.64466731 2.64613364 2.64725078 2.64538524
 2.64311622 2.64538329 2.64575543 2.64800501 2.64648724 2.64739414
 2.64545142 2.64437245 2.64440743 2.64792703 2.64840655 2.64503748
 2.64674971 2.64529346 2.6472356  2.6431245  2.64856855 2.6426247
 2.64501902 2.64540044 2.6454586  2.64521294 2.64460636 2.64870649
 2.64366073 2.64383943 2.64636317 2.64692733 2.64469892 2.64705672
 2.64076299 2.64656496 2.64603367 2.64596891 2.64265083 2.64526422
 2.6459582  2.64644379 2.64604322 2.64577276 2.64558407 2.64610294
 2.64695619 2.64741238 2.64516368 2.64641287 2.64327353 2.64603492
 2.64558372 2.64406604 2.64568613 2.6455421  2.64431973 2.64590815
 2.64513052 2.64379663 2.64422951 2.64673379 2.6454139  2.64667838
 2.64452911 2.64651477 2.64624321 2.64629173 2.64583447 2.64436064
 2.64464369 2.64633387 2.64597329 2.64452682 2.64868701 2.64805964
 2.64733548 2.64637571 2.64634478 2.64739039 2.64289196 2.6450637
 2.64578758 2.64699523 2.64613473 2.64578483 2.64422141 2.64446946
 2.64340937 2.64685603 2.64849898 2.64641305 2.64615917 2.64423635
 2.64742278 2.64587971 2.64363118 2.64835349 2.64482802 2.64409478
 2.6445902  2.64447758 2.64548965 2.64772651 2.64785926 2.6460088
 2.64580679 2.64645608 2.64416452 2.64307881 2.64642252 2.64742911
 2.64603142 2.64425379 2.64448175 2.642929   2.64403389 2.64392697
 2.64419774 2.64820224 2.64253596 2.64445965 2.64492611 2.64482474
 2.64607511 2.64610511 2.64621241 2.64585634 2.64580818 2.64763659
 2.64535477 2.64655291 2.64548894 2.647535   2.6466249  2.64587665
 2.64682668 2.64477916 2.64529097 2.64569339 2.64475655 2.64920817
 2.64356788 2.64533127 2.64421304 2.64581244 2.64512226 2.64372485
 2.64431697 2.64482734 2.64397709 2.64528164 2.64721158 2.64725064
 2.64314802 2.64532399 2.64571312 2.64671307 2.64467396 2.64541833
 2.64557277 2.64728191 2.64510683 2.6446941  2.64379141 2.64736771
 2.64525983 2.64685549 2.64725532 2.64320096 2.64679743 2.64680692
 2.64716517 2.64667423 2.64279167 2.64504359 2.64554539 2.64518657
 2.64651406 2.64356528 2.64631802 2.64504656 2.64631751 2.64634941
 2.64595408 2.64742707 2.64652503 2.64601564 2.64717346 2.64360624
 2.64344772 2.64488165 2.64624877 2.64512286 2.64612406 2.64857564
 2.64690666 2.64875463 2.6455135  2.64836793 2.64556399 2.64647504
 2.64611598 2.64522865 2.64776199 2.64464785 2.64652029 2.64568046
 2.64631609 2.64350175 2.64426471 2.64806821 2.64585824 2.64388639
 2.64603427 2.64644224 2.64249563 2.64618004 2.64551697 2.64682279
 2.6472651  2.6471145  2.64371378 2.64504068 2.64643123 2.64431712
 2.64617178 2.64461545 2.64567636 2.64646396 2.64190361 2.64296766
 2.64558711 2.65026909 2.64877464 2.64351048 2.64594414 2.64520917
 2.64334569 2.64639773 2.64262038 2.64529423 2.64726578 2.64644104
 2.64594199 2.64671307 2.64583278 2.64325337 2.64764281 2.6471932
 2.64645347 2.64740174 2.64557971 2.64658435 2.64836953 2.64375685
 2.64395851 2.64478065 2.64586483 2.64468012 2.64291349 2.64258522
 2.6460078  2.64527195 2.64596527 2.64535458 2.64817611 2.64374575
 2.64472217 2.64407872 2.64640119 2.64495142 2.64396066 2.6453195
 2.64422621 2.64562568 2.64224316 2.64331424 2.64951242 2.6460544
 2.64535006 2.64237722 2.64682758 2.6465427  2.6469419  2.64364432
 2.6443811  2.64559935 2.64594093 2.64465236 2.64612101 2.64669677
 2.64460586 2.64728618 2.64679875 2.64427788 2.6468033  2.64744372
 2.64607373 2.64734986 2.64662029 2.64964044 2.64654335 2.64421164
 2.64800077 2.64360611 2.64646563 2.64428933 2.6460374  2.64639693
 2.64208175 2.64320494 2.64411992 2.64485687 2.64536813 2.644227
 2.64335849 2.6414008  2.64580228 2.64408166 2.64704991 2.64645344
 2.64602681 2.64691522 2.64758421 2.64594656 2.64689625 2.64548158
 2.64302195 2.64591364 2.64602367 2.64462588 2.64624616 2.64489187
 2.64446783 2.64608941 2.64358522 2.64533099]",228
Ubq4,,,,,,3.19,0.092,"['M', 'Q', 'I', 'F', 'V', 'K', 'T', 'L', 'T', 'G', 'K', 'T', 'I', 'T', 'L', 'E', 'V', 'E', 'P', 'S', 'D', 'T', 'I', 'E', 'N', 'V', 'K', 'A', 'K', 'I', 'Q', 'D', 'K', 'E', 'G', 'I', 'P', 'P', 'D', 'Q', 'Q', 'R', 'L', 'I', 'F', 'A', 'G', 'K', 'Q', 'L', 'E', 'D', 'G', 'R', 'T', 'L', 'S', 'D', 'Y', 'N', 'I', 'Q', 'K', 'E', 'S', 'T', 'L', 'H', 'L', 'V', 'L', 'R', 'L', 'R', 'G', 'G', 'M', 'Q', 'I', 'F', 'V', 'K', 'T', 'L', 'T', 'G', 'K', 'T', 'I', 'T', 'L', 'E', 'V', 'E', 'P', 'S', 'D', 'T', 'I', 'E', 'N', 'V', 'K', 'A', 'K', 'I', 'Q', 'D', 'K', 'E', 'G', 'I', 'P', 'P', 'D', 'Q', 'Q', 'R', 'L', 'I', 'F', 'A', 'G', 'K', 'Q', 'L', 'E', 'D', 'G', 'R', 'T', 'L', 'S', 'D', 'Y', 'N', 'I', 'Q', 'K', 'E', 'S', 'T', 'L', 'H', 'L', 'V', 'L', 'R', 'L', 'R', 'G', 'G', 'M', 'Q', 'I', 'F', 'V', 'K', 'T', 'L', 'T', 'G', 'K', 'T', 'I', 'T', 'L', 'E', 'V', 'E', 'P', 'S', 'D', 'T', 'I', 'E', 'N', 'V', 'K', 'A', 'K', 'I', 'Q', 'D', 'K', 'E', 'G', 'I', 'P', 'P', 'D', 'Q', 'Q', 'R', 'L', 'I', 'F', 'A', 'G', 'K', 'Q', 'L', 'E', 'D', 'G', 'R', 'T', 'L', 'S', 'D', 'Y', 'N', 'I', 'Q', 'K', 'E', 'S', 'T', 'L', 'H', 'L', 'V', 'L', 'R', 'L', 'R', 'G', 'G', 'M', 'Q', 'I', 'F', 'V', 'K', 'T', 'L', 'T', 'G', 'K', 'T', 'I', 'T', 'L', 'E', 'V', 'E', 'P', 'S', 'D', 'T', 'I', 'E', 'N', 'V', 'K', 'A', 'K', 'I', 'Q', 'D', 'K', 'E', 'G', 'I', 'P', 'P', 'D', 'Q', 'Q', 'R', 'L', 'I', 'F', 'A', 'G', 'K', 'Q', 'L', 'E', 'D', 'G', 'R', 'T', 'L', 'S', 'D', 'Y', 'N', 'I', 'Q', 'K', 'E', 'S', 'T', 'L', 'H', 'L', 'V', 'L', 'R', 'L', 'R', 'G', 'G']",,0.33,,,8.0,,,293.0,,,3.252404312533298,"[3.25553632 3.25183793 3.25402689 3.25148195 3.2502418  3.25048393
 3.25415649 3.25298434 3.25171964 3.2552456  3.24990701 3.25118344
 3.25309477 3.25231823 3.25460249 3.25204177 3.25361497 3.24692178
 3.25414295 3.25420045 3.25179354 3.25117179 3.25453365 3.25305132
 3.25578439 3.25277918 3.25192914 3.25726269 3.25268766 3.24786102
 3.25079976 3.25511277 3.25412315 3.25325202 3.24886974 3.25326739
 3.24667846 3.25376588 3.25544376 3.25257523 3.24927346 3.25572839
 3.25557297 3.25568918 3.25320893 3.24926921 3.2544148  3.25190078
 3.25286021 3.25327096 3.25160493 3.2495443  3.25624665 3.25050086
 3.25693458 3.2514708  3.25307238 3.24925902 3.24990876 3.24780247
 3.25424897 3.25030517 3.24951567 3.25510128 3.25439238 3.25708417
 3.253478   3.25240582 3.25251183 3.2533944  3.25260397 3.2521362
 3.25515597 3.25150971 3.254652   3.25140037 3.25599609 3.25283468
 3.25323753 3.25546473 3.25501455 3.25204041 3.25179564 3.25468792
 3.25633369 3.25357341 3.25590518 3.2494231  3.25422361 3.2527329
 3.24983701 3.25147015 3.25107305 3.25151738 3.25347039 3.25019285
 3.25123427 3.25412201 3.25444759 3.25379703 3.25516062 3.25218643
 3.25340849 3.25307264 3.24848706 3.25348996 3.25284986 3.24881216
 3.25245545 3.25145423 3.25184344 3.25384361 3.25069325 3.25188643
 3.24919536 3.25395715 3.25343427 3.25441807 3.2547676  3.25100781
 3.25286566 3.25530504 3.25411615 3.25273707 3.25653401 3.25181267
 3.25538866 3.25447353 3.24743804 3.25319096 3.2527632  3.25292223
 3.25112748 3.25473099 3.25326187 3.25079251 3.25320727 3.24714819
 3.2500812  3.25473454 3.2558316  3.25329489 3.25151327 3.25579346
 3.2530091  3.25481335 3.25302905 3.25235748 3.25654882 3.25610735
 3.24920326 3.25176986 3.25293743 3.25270019 3.24924845 3.25483107
 3.25285431 3.25594573 3.25525614 3.25454958 3.25136209 3.25376397
 3.24970887 3.25453264 3.25020802 3.2530917  3.25250837 3.25474111
 3.25107125 3.25445918 3.25075056 3.25608822 3.25392948 3.25220301
 3.24761672 3.2522177  3.25161764 3.25469044 3.25194578 3.25107558
 3.25399857 3.25405404 3.25258314 3.25009796 3.24915881 3.25096445
 3.25360243 3.25179935 3.25390201 3.25575671 3.2496564  3.2506442
 3.2536171  3.25419606 3.25376777 3.25449951 3.25355881 3.25166237
 3.25423845 3.25522245 3.25365569 3.25515452 3.25164585 3.24897681
 3.25511272 3.25288115 3.25457477 3.25589127 3.25512903 3.25396387
 3.25244016 3.25138682 3.25135753 3.25174623 3.2499958  3.25216213
 3.2558971  3.25534402 3.25172971 3.25116779 3.25248357 3.25124912
 3.24903976 3.25044137 3.25491057 3.25234792 3.25280195 3.25500964
 3.25248993 3.25144891 3.25200558 3.24854835 3.25736447 3.25357547
 3.25019703 3.25240574 3.25266794 3.25604196 3.2507084  3.25152124
 3.25325621 3.25452108 3.25482601 3.25310381 3.25463789 3.25016043
 3.25004107 3.25562135 3.25486599 3.25323805 3.25422598 3.25115686
 3.25471068 3.25500184 3.24756036 3.25206343 3.25458976 3.2526404
 3.25086574 3.25206494 3.25190918 3.25392632 3.25095525 3.251876
 3.25108089 3.24978439 3.25557516 3.25304303 3.25530014 3.25366426
 3.25325603 3.25073763 3.25137859 3.25678158 3.24979824 3.25083259
 3.25161399 3.25322952 3.24874278 3.25664855 3.25327473 3.25459245
 3.2506691  3.25228688 3.25266506 3.25581101 3.25570762 3.2558656
 3.25254226 3.25699917 3.2559751  3.25624621 3.2521654  3.25289227
 3.24805454 3.25445648 3.25822013 3.25400661 3.25431566 3.25084701
 3.25268272 3.25528298 3.25254718 3.25266867 3.24956439 3.25171375
 3.25183173 3.25335725 3.25174846 3.25146167 3.25381429 3.25395329
 3.25476992 3.25147106 3.2530188  3.25306587 3.25090687 3.25152398
 3.25499787 3.24774671 3.24930018 3.24721994 3.25294681 3.2504253
 3.25124038 3.25045186 3.25215192 3.2535695  3.25260717 3.25176653
 3.2561598  3.25087535 3.24958064 3.24790609 3.25308523 3.2508526
 3.25438462 3.25025257 3.25174717 3.25183121 3.2519973  3.25275273
 3.25509697 3.25032414 3.25260869 3.25302041 3.24996557 3.25441204
 3.25075413 3.25570394 3.25228987 3.2490828  3.25347178 3.24881637
 3.24927614 3.25534459 3.25254946 3.25035462 3.25773117 3.25236748
 3.24942368 3.24856061 3.25618133 3.25609837 3.25106796 3.25436361
 3.25280933 3.25014629 3.25563307 3.25306847 3.25016489 3.24882529
 3.25088669 3.25154977 3.25019809 3.25088323 3.25454284 3.2530949
 3.25402373 3.24727326 3.252309   3.24949873 3.24900878 3.2518799
 3.25110927 3.25314056 3.2525915  3.25404192 3.25509521 3.25447977
 3.25045696 3.25435614 3.25568912 3.25410639 3.25465156 3.24870614
 3.25369695 3.25136954 3.25044938 3.25430522 3.24977461 3.24944455
 3.25069872 3.24919979 3.25129936 3.25773709 3.2523055  3.25482841
 3.2526421  3.25269848 3.2508864  3.25301794 3.25229372 3.25163562
 3.24774567 3.25672428 3.25256243 3.24944289 3.24982307 3.25079194
 3.25162651 3.25041457 3.25314935 3.25465412 3.2548748  3.24947608
 3.25214536 3.25470893 3.25223752 3.25216392 3.2549102  3.25195602
 3.24872852 3.24794681 3.25524292 3.25513456 3.25372716 3.25359782
 3.25667147 3.25479108 3.25447448 3.25325224 3.25283535 3.25051816
 3.25055582 3.25677666 3.25372261 3.25300524 3.24718819 3.25102458
 3.25273636 3.24780187 3.25503233 3.25071933 3.25279768 3.25231864
 3.25083541 3.25614655 3.25253025 3.2503723  3.25375282 3.25157427
 3.25069345 3.25553597 3.25418501 3.25158033 3.25136184 3.25094825
 3.25224467 3.25276455 3.25183807 3.25086681 3.24877535 3.25190465
 3.25252926 3.2490583  3.2573036  3.25004304 3.24997844 3.25361599
 3.25354997 3.2499061  3.25956245 3.25046851 3.25213461 3.25464337
 3.25221527 3.25665187 3.2523252  3.24824413 3.24966931 3.25209375
 3.24648144 3.25208257 3.25073305 3.25232511 3.24949425 3.25035773
 3.25315007 3.25134729 3.25444302 3.25087585 3.25385007 3.250601
 3.25329282 3.25227331 3.25282268 3.2567355  3.25697299 3.25115089
 3.25554477 3.25071641 3.25009274 3.25090764 3.25290173 3.24681549
 3.25513831 3.25507235 3.25127744 3.2526851  3.25137942 3.24809954
 3.25117946 3.2510044  3.2516193  3.25409106 3.25594271 3.25513808
 3.2529865  3.24856809 3.2497508  3.25463218 3.25580946 3.2523162
 3.25558763 3.25727979 3.25411803 3.25099649 3.25474484 3.24904678
 3.25061476 3.25148961 3.25710571 3.24868434 3.25130001 3.25077973
 3.24550356 3.25428872 3.25430055 3.24962696 3.24936353 3.25075382
 3.25021194 3.24778379 3.24635995 3.25645529 3.25436363 3.25732218
 3.25294299 3.25445839 3.25324091 3.2536383  3.25244475 3.2534667
 3.25070865 3.25554382 3.2555269  3.25485268 3.25457224 3.2493679
 3.25196138 3.25177038 3.25400562 3.25134543 3.25292051 3.24691201
 3.25248667 3.2550495  3.25108342 3.25312873 3.25091549 3.24875972
 3.24484765 3.25085052 3.25113613 3.25068272 3.25325938 3.2550345
 3.25220117 3.25413669 3.25212744 3.25374618 3.25146357 3.2489248
 3.25132124 3.25753332 3.2507486  3.2574628  3.25500596 3.25250751
 3.25152741 3.24843387 3.2534601  3.25203355 3.25372882 3.25060557
 3.25329778 3.25185158 3.2571775  3.25566702 3.24864883 3.25231576
 3.25393586 3.2473829  3.25264656 3.25370629 3.24783697 3.25251763
 3.25030082 3.2527067  3.25138272 3.25741211 3.25166334 3.25762489
 3.25596092 3.24971227 3.25081936 3.25169994 3.24446485 3.25092157
 3.25401087 3.25062697 3.25591303 3.25318918 3.25641618 3.25408885
 3.24962605 3.25233241 3.25054306 3.2527269  3.2500547  3.25307752
 3.25167729 3.2512837  3.24907296 3.24922416 3.25634716 3.2540349
 3.25347666 3.25455427 3.25042012 3.25185361 3.2578204  3.25261635
 3.25035218 3.25557096 3.25616412 3.25101727 3.25272093 3.25113172
 3.25113118 3.24961608 3.25191994 3.25151549 3.25217959 3.25348944
 3.25513711 3.2509976  3.25424878 3.25038365 3.25287397 3.25108001
 3.25075984 3.24971175 3.2561383  3.2574134  3.25134382 3.25336749
 3.25252656 3.25185754 3.2549755  3.25338857 3.25564528 3.251714
 3.25337438 3.25497059 3.25398934 3.24939921 3.25475049 3.25281269
 3.25170404 3.26077031 3.25576081 3.25224668 3.25473118 3.25481349
 3.25185553 3.25313952 3.25480488 3.25510636 3.25434214 3.25630943
 3.25152549 3.24656096 3.25422804 3.25479599 3.25312392 3.25077093
 3.25009805 3.24944383 3.25142191 3.25022827 3.25479195 3.2546222
 3.25046535 3.25384031 3.25055104 3.2521655  3.25110285 3.25023397
 3.24948984 3.25381775 3.25166298 3.25138406 3.25771783 3.25477073
 3.25333547 3.25748803 3.25186329 3.25019667 3.25149494 3.25167907
 3.25531983 3.25098415 3.25214464 3.24723444 3.25636835 3.25470934
 3.25311863 3.24903365 3.25349105 3.25136011 3.25574346 3.25183763
 3.25328001 3.24667819 3.2522594  3.24929212 3.25474531 3.25077745
 3.251195   3.24921264 3.25300226 3.25437216 3.25260614 3.25148763
 3.25040219 3.25297549 3.25563334 3.25217066 3.25375631 3.25569319
 3.25584322 3.24724193 3.25142635 3.25113074 3.2545378  3.25445768
 3.2540072  3.24945958 3.25396088 3.25082519 3.2513006  3.2524125
 3.2500682  3.25229092 3.24821233 3.25555873 3.25145639 3.25166086
 3.25470187 3.24752948 3.25262833 3.25954662 3.2525791  3.25270321
 3.25383917 3.25298548 3.24785901 3.25216187 3.25296772 3.25165763
 3.2527478  3.25475273 3.25056155 3.25234989 3.25154879 3.25409518
 3.25118078 3.24825283 3.24924724 3.2535263  3.25182233 3.24691645
 3.2545711  3.24978132 3.2493025  3.25059661 3.24976037 3.25496518
 3.25632825 3.2528795  3.24687399 3.25241931 3.25514593 3.25278348
 3.24927841 3.25217177 3.25084919 3.24952359 3.25378641 3.25297089
 3.25103062 3.25062793 3.2505928  3.24921    3.24862011 3.24977619
 3.24890263 3.25237257 3.25528901 3.25155049 3.25262379 3.24847665
 3.2493105  3.25204178 3.25222359 3.25199691 3.2527115  3.24987974
 3.25711172 3.25561649 3.25487556 3.25496003 3.25267827 3.25241918
 3.25228808 3.24552402 3.25334676 3.25173614 3.25211452 3.25519916
 3.25301508 3.2541971  3.25252773 3.25320081 3.25190935 3.25247241
 3.25446342 3.25502528 3.25593917 3.24521973 3.2533075  3.25097139
 3.25031674 3.25059671 3.25082921 3.25110871 3.24857049 3.25179191
 3.25461898 3.25500754 3.24787657 3.25129592 3.24807325 3.25206701
 3.25508041 3.25156498 3.2523928  3.24848482 3.2540045  3.25242265
 3.25298358 3.25392655 3.25281969 3.25418082 3.2535511  3.24681627
 3.25244165 3.25225763 3.25101124 3.25328249 3.25279716 3.25049175
 3.25263169 3.25275117 3.25131297 3.25574236 3.25203818 3.2475119
 3.24887331 3.25398816 3.25251957 3.24800729 3.25334627 3.25103686
 3.25337781 3.2533822  3.24641806 3.25128354 3.25100656 3.2526126
 3.25258809 3.24910794 3.24919933 3.25102129 3.25484402 3.25365108
 3.25443191 3.25153733 3.25037792 3.25261139 3.25026106 3.25468835
 3.25236572 3.25227905 3.2552792  3.2488777  3.25045144 3.253561
 3.250661   3.25505235 3.25087498 3.25043424 3.24854553 3.25392256
 3.25225618 3.25088435 3.25379485 3.24926658 3.25088666 3.24942084
 3.2519981  3.25249787 3.2525819  3.25108832 3.25211909 3.25026746
 3.25512997 3.25316118 3.25197841 3.25115631 3.25073841 3.2544668
 3.25704548 3.25238892 3.25419223 3.25422758 3.24787386 3.25270318
 3.25015042 3.25093137 3.25545825 3.25391526 3.24719133 3.25098921
 3.25280803 3.25476703 3.25560846 3.25190381 3.2496399  3.25043783
 3.25280987 3.25283372 3.25432889 3.25090881 3.2522382  3.2476714
 3.25108146 3.24849069 3.255821   3.2488676  3.2497003  3.24664764
 3.25071929 3.25337592 3.25306152 3.25378733 3.25151937 3.25446342
 3.25077189 3.25584883 3.25384514 3.25039586 3.25416807 3.2579657
 3.25302371 3.24809448 3.25132065 3.25442003]",304
Gal3,,,,,,2.91,0.06,"['M', 'A', 'D', 'N', 'F', 'S', 'L', 'H', 'D', 'A', 'L', 'S', 'G', 'S', 'G', 'N', 'P', 'N', 'P', 'Q', 'G', 'W', 'P', 'G', 'A', 'W', 'G', 'N', 'Q', 'P', 'A', 'G', 'A', 'G', 'G', 'Y', 'P', 'G', 'A', 'S', 'Y', 'P', 'G', 'A', 'Y', 'P', 'G', 'Q', 'A', 'P', 'P', 'G', 'A', 'Y', 'P', 'G', 'Q', 'A', 'P', 'P', 'G', 'A', 'Y', 'H', 'G', 'A', 'P', 'G', 'A', 'Y', 'P', 'G', 'A', 'P', 'A', 'P', 'G', 'V', 'Y', 'P', 'G', 'P', 'P', 'S', 'G', 'P', 'G', 'A', 'Y', 'P', 'S', 'S', 'G', 'Q', 'P', 'S', 'A', 'P', 'G', 'A', 'Y', 'P', 'A', 'T', 'G', 'P', 'Y', 'G', 'A', 'P', 'A', 'G', 'P', 'L', 'I', 'V', 'P', 'Y', 'N', 'L', 'P', 'L', 'P', 'G', 'G', 'V', 'V', 'P', 'R', 'M', 'L', 'I', 'T', 'I', 'L', 'G', 'T', 'V', 'K', 'P', 'N', 'A', 'N', 'R', 'I', 'A', 'L', 'D', 'F', 'Q', 'R', 'G', 'N', 'D', 'V', 'A', 'F', 'H', 'F', 'N', 'P', 'R', 'F', 'N', 'E', 'N', 'N', 'R', 'R', 'V', 'I', 'V', 'C', 'N', 'T', 'K', 'L', 'D', 'N', 'N', 'W', 'G', 'R', 'E', 'E', 'R', 'Q', 'S', 'V', 'F', 'P', 'F', 'E', 'S', 'G', 'K', 'P', 'F', 'K', 'I', 'Q', 'V', 'L', 'V', 'E', 'P', 'D', 'H', 'F', 'K', 'V', 'A', 'V', 'N', 'D', 'A', 'H', 'L', 'L', 'Q', 'Y', 'N', 'H', 'R', 'V', 'K', 'K', 'L', 'N', 'E', 'I', 'S', 'K', 'L', 'G', 'I', 'S', 'G', 'D', 'I', 'D', 'L', 'T', 'S', 'A', 'S', 'Y', 'T', 'M', 'I']",,0.04,,,7.0,,,303.0,,,3.099983631720715,"[3.09391462 3.10481897 3.09943003 3.10207297 3.09928282 3.10155355
 3.10115281 3.09758709 3.09885864 3.09235592 3.1022209  3.09936579
 3.0961097  3.09849011 3.100439   3.10116631 3.09285118 3.10000559
 3.10324731 3.09893987 3.10162403 3.09991911 3.09742965 3.09599559
 3.10073092 3.09876364 3.10333913 3.10086714 3.10252644 3.10198045
 3.10166315 3.10078353 3.09946814 3.1042354  3.10040961 3.10132599
 3.09909823 3.09908346 3.0985882  3.10015066 3.09619632 3.10017925
 3.10162362 3.09792369 3.10026105 3.10799643 3.09440677 3.09558094
 3.09821864 3.09668138 3.09849428 3.09536188 3.10586987 3.10221547
 3.09697466 3.09864168 3.10173819 3.1004298  3.10161155 3.10047154
 3.10570035 3.1032083  3.10269173 3.09684866 3.09929482 3.09911894
 3.10475957 3.09898791 3.10395909 3.10064982 3.09850595 3.09677933
 3.10452873 3.10017999 3.0983184  3.09656779 3.10033569 3.09635668
 3.09768625 3.10079213 3.10109676 3.10541431 3.10548545 3.09990069
 3.10134949 3.10341235 3.10016097 3.10244917 3.10189522 3.10048156
 3.10440834 3.09981468 3.09883486 3.09417858 3.10419967 3.09728879
 3.10870896 3.0983361  3.10195402 3.10601014 3.0966     3.10049525
 3.09611227 3.09677511 3.09000527 3.09220249 3.0995093  3.10350809
 3.10394462 3.10094503 3.08882097 3.1017566  3.10374226 3.10400253
 3.09739534 3.10069257 3.10296994 3.09890618 3.09967772 3.09642667
 3.10293866 3.10935242 3.09866362 3.0974139  3.09916153 3.09897184
 3.09605618 3.10094685 3.10400128 3.09097295 3.10052543 3.09522079
 3.09868958 3.10003224 3.09963221 3.09965644 3.09066529 3.10418107
 3.10122979 3.09095132 3.10318857 3.10564265 3.09601763 3.1030809
 3.09285666 3.10626903 3.10166711 3.09179566 3.0998485  3.10402167
 3.09523505 3.09590031 3.09712144 3.0996801  3.10322561 3.09307985
 3.10163624 3.10432941 3.10377006 3.09559985 3.09607404 3.100165
 3.10032523 3.10650731 3.09908058 3.10164911 3.10523861 3.10206996
 3.09830591 3.09821873 3.10182494 3.10352902 3.09894165 3.10083008
 3.10014835 3.09849105 3.09626812 3.09818384 3.10408236 3.10291257
 3.10195259 3.10326148 3.10081274 3.10232317 3.10207255 3.10508791
 3.10182656 3.10385315 3.09790566 3.10877231 3.10000021 3.09744937
 3.09401229 3.10295669 3.09930314 3.10353629 3.10163696 3.09761508
 3.09462539 3.09646203 3.10674114 3.0990157  3.10144755 3.09917859
 3.09543425 3.09939701 3.09857287 3.09850921 3.10615223 3.09622566
 3.10437651 3.10107208 3.10172999 3.0974122  3.10237156 3.09729124
 3.0966485  3.09520254 3.10783875 3.10372582 3.10391532 3.09567338
 3.09473153 3.10047814 3.09834321 3.10290903 3.10053265 3.10307972
 3.1028459  3.10087428 3.09671804 3.09655386 3.10289964 3.0988233
 3.09791852 3.1020779  3.09376693 3.09702613 3.10210133 3.10329086
 3.09397346 3.09959702 3.1011701  3.10432165 3.10024398 3.09989129
 3.10038099 3.10697983 3.10266546 3.10091528 3.10234639 3.10182307
 3.10078323 3.10114496 3.10060747 3.09963224 3.10144869 3.0986002
 3.10202513 3.09823789 3.09476235 3.10206187 3.10044495 3.10351644
 3.09539783 3.09902031 3.09917354 3.10002627 3.10118606 3.10164241
 3.09949711 3.10241489 3.10201747 3.09657621 3.09733668 3.1050873
 3.09430291 3.09407396 3.09929048 3.09792887 3.1014009  3.10437194
 3.10023199 3.10265406 3.09334218 3.09737444 3.09890863 3.10507191
 3.10007983 3.09359086 3.0964512  3.09741643 3.09784464 3.1063039
 3.09919083 3.10030377 3.10430297 3.10025325 3.09915766 3.10100154
 3.10176552 3.10707751 3.09493948 3.10143903 3.10127148 3.10431781
 3.10037974 3.09564015 3.09999299 3.09922128 3.09610546 3.0942799
 3.0972976  3.10182982 3.10268251 3.09484819 3.10624508 3.10154085
 3.09403177 3.09976249 3.09217287 3.10129914 3.10015143 3.09548984
 3.10009063 3.10177347 3.10381857 3.09903673 3.10203691 3.09464798
 3.10170659 3.09725812 3.1050896  3.10104626 3.1022258  3.10320314
 3.0984722  3.09900194 3.09893522 3.09987629 3.10087309 3.10101173
 3.09809709 3.10386188 3.10263028 3.10170306 3.10175412 3.10282073
 3.10027423 3.10437182 3.10190521 3.10211942 3.0975756  3.0954786
 3.09283802 3.09803543 3.10308448 3.09864949 3.10133922 3.09670072
 3.10102106 3.09587743 3.10057517 3.10084216 3.09500732 3.10162298
 3.10177648 3.10150035 3.10567431 3.09633804 3.09731705 3.09785703
 3.10427526 3.10025995 3.09756391 3.09832139 3.09899252 3.10249493
 3.10219548 3.10472666 3.10410441 3.10029162 3.09909833 3.10154317
 3.10328985 3.09698955 3.09768036 3.09581091 3.09581717 3.09737333
 3.09705683 3.09363787 3.09691644 3.09869975 3.10010039 3.10251338
 3.09548194 3.10823141 3.09708143 3.09438297 3.09818391 3.09902306
 3.10585876 3.10267188 3.10208659 3.09944093 3.10050273 3.1006997
 3.09576799 3.09128503 3.10392803 3.09812962 3.10526098 3.10151635
 3.10015003 3.10513033 3.10152766 3.1009348  3.10189161 3.10095749
 3.10022092 3.10106762 3.09976597 3.10159866 3.10015217 3.10940988
 3.10228495 3.10206097 3.09545222 3.10393583 3.10942632 3.09780279
 3.10218945 3.09616078 3.10336971 3.10609191 3.09548481 3.09515508
 3.10298759 3.09865418 3.09948455 3.09405558 3.09872502 3.09905034
 3.1022401  3.10080922 3.10375051 3.10192403 3.10328337 3.10057532
 3.10343557 3.0984329  3.09792096 3.09533505 3.09257282 3.10214664
 3.09890517 3.10232347 3.10645972 3.09603601 3.10166335 3.09629647
 3.10199378 3.09549226 3.09984441 3.10178466 3.1018575  3.09977798
 3.10229355 3.0977644  3.09753531 3.09904614 3.10216456 3.1002124
 3.10192914 3.10580202 3.09914012 3.1025978  3.102155   3.09683715
 3.10245254 3.089268   3.09671445 3.10018029 3.09962988 3.10304517
 3.09666139 3.10577133 3.09353099 3.09988563 3.0970177  3.10371864
 3.10152739 3.09975111 3.09822825 3.10023589 3.10556715 3.10339773
 3.09671205 3.10153275 3.09841781 3.09622161 3.10605053 3.09108555
 3.09849501 3.10138484 3.10082001 3.10564551 3.10513431 3.10077351
 3.09962294 3.10386532 3.09319881 3.09906913 3.10313797 3.09192817
 3.10571914 3.10264782 3.10090592 3.10136861 3.09729647 3.10153095
 3.09890124 3.10420639 3.09363378 3.10350017 3.10371153 3.09785642
 3.10015317 3.10084469 3.09882489 3.09861828 3.09886909 3.1049455
 3.09827309 3.09913512 3.09185974 3.10078378 3.09863134 3.09882206
 3.09800565 3.09913902 3.09982136 3.09999381 3.10751424 3.09689205
 3.09836806 3.09797566 3.10510142 3.09922659 3.09729137 3.09275863
 3.10034281 3.09384946 3.10078378 3.10195146 3.09706862 3.10647999
 3.10583902 3.09968172 3.10194476 3.10292053 3.09560113 3.10129813
 3.10723303 3.09567122 3.09571206 3.0939393  3.09834746 3.10331681
 3.10130764 3.09835819 3.09995124 3.09741884 3.10236766 3.10161846
 3.09422965 3.10695762 3.10022479 3.10352378 3.10041422 3.1075091
 3.1005378  3.09508847 3.10145138 3.09965125 3.09206555 3.10264157
 3.0966009  3.10161933 3.09719253 3.10263305 3.10082228 3.09677872
 3.10046482 3.10276581 3.09821786 3.09688186 3.10129572 3.10298129
 3.09778736 3.09963099 3.10146426 3.09217098 3.09680721 3.10039228
 3.09678524 3.09985385 3.09485921 3.09570537 3.10176523 3.100945
 3.0955822  3.10420325 3.09579328 3.09658237 3.10064573 3.09623403
 3.09961591 3.09851909 3.09980847 3.10041561 3.09920531 3.09849158
 3.10769993 3.1045716  3.09556163 3.09980304 3.09848662 3.09862575
 3.10102634 3.10943351 3.10496833 3.09799718 3.09882177 3.09907119
 3.09857218 3.10665931 3.0959052  3.09939556 3.10073395 3.10437351
 3.10615506 3.10269773 3.10381654 3.10207557 3.09865465 3.09927874
 3.09418103 3.09720268 3.09669062 3.09782153 3.09858489 3.09729016
 3.10169007 3.10988223 3.10014197 3.1018924  3.096586   3.09343845
 3.10340721 3.10228337 3.09725975 3.09861349 3.10050877 3.0969885
 3.10109039 3.10399686 3.09840466 3.10367395 3.09452295 3.09498401
 3.10121562 3.09629783 3.09948377 3.09676027 3.09838635 3.09228953
 3.10388503 3.10319136 3.09254221 3.10370674 3.1037523  3.10579323
 3.09967311 3.10878684 3.09869303 3.09325378 3.09394187 3.09874346
 3.10194676 3.0978657  3.10100405 3.10239747 3.10172218 3.1037141
 3.10592853 3.1045027  3.09824213 3.09796298 3.09980753 3.09554656
 3.10692044 3.10114792 3.09815955 3.10207549 3.10158262 3.10235927
 3.09625081 3.10004203 3.09887488 3.10545039 3.09954841 3.10785916
 3.10359558 3.09763527 3.10392686 3.10282373 3.09749514 3.10048193
 3.10627349 3.09741504 3.09854845 3.09682544 3.09827984 3.09642516
 3.10278112 3.09947136 3.0986691  3.0987385  3.10137615 3.10029506
 3.09855989 3.09341457 3.1009624  3.09793306 3.09877107 3.10562277
 3.10131276 3.09424946 3.09446867 3.10168073 3.10308362 3.09570571
 3.09955048 3.09850148 3.10277797 3.10344161 3.10023268 3.09660575
 3.09831722 3.09843905 3.09891597 3.10345581 3.10617097 3.09290837
 3.09799851 3.09863519 3.10435795 3.10508713 3.10125719 3.09576208
 3.09860193 3.1016578  3.09760219 3.09934024 3.10464693 3.09917049
 3.09954814 3.09416401 3.10123668 3.10426184 3.10131188 3.10244171
 3.09736359 3.09536313 3.09191962 3.09657717 3.10043517 3.09463345
 3.10220675 3.1031232  3.10351556 3.09751119 3.09422025 3.10197077
 3.10537572 3.10926683 3.10595333 3.10077645 3.100015   3.09749653
 3.09936292 3.10129523 3.09556143 3.09898846 3.10224917 3.09845067
 3.10496609 3.10243552 3.10374512 3.10119732 3.10138331 3.10079295
 3.09873151 3.10148912 3.10506543 3.09806411 3.09629001 3.10059413
 3.09933164 3.09824117 3.09836028 3.10218806 3.1002454  3.10299356
 3.10194226 3.09671383 3.1003853  3.09293068 3.09670398 3.10495202
 3.10347685 3.09490752 3.10168623 3.10419574 3.09702338 3.10313016
 3.10343763 3.10301971 3.10142995 3.08842137 3.09653678 3.09964253
 3.10455984 3.09689674 3.09589297 3.09830049 3.10238527 3.09384116
 3.09578668 3.09992778 3.09252135 3.09643744 3.09841614 3.09055157
 3.10782189 3.09578529 3.09893218 3.10262834 3.09794353 3.09717361
 3.09574119 3.10102363 3.09807113 3.09985477 3.10182013 3.10400277
 3.09954246 3.10103941 3.09659763 3.10042262 3.10287405 3.09814436
 3.09565343 3.10027553 3.09237667 3.10575779 3.10858959 3.09931953
 3.09893213 3.10212669 3.09664978 3.09656902 3.10477    3.10274661
 3.09885487 3.10089459 3.09857046 3.09644216 3.10286353 3.10045519
 3.09756998 3.0966901  3.10449369 3.10128435 3.09784889 3.10245135
 3.10363169 3.096923   3.09388102 3.09745136 3.10288952 3.09803018
 3.09627109 3.09084611 3.09914931 3.09728194 3.09816421 3.09444173
 3.09462235 3.09773778 3.09480572 3.10469016 3.09503    3.09890138
 3.10041506 3.09639623 3.0962379  3.09594008 3.0961904  3.10358451
 3.09888521 3.10421623 3.09718468 3.10337928 3.10444191 3.10138308
 3.1009216  3.09612597 3.10569644 3.09763637 3.0995402  3.09856302
 3.10061778 3.10074656 3.09469399 3.09716247 3.10271294 3.09984468
 3.09884954 3.09696212 3.09463207 3.09555802 3.10091693 3.09492365
 3.10061007 3.09590079 3.10046159 3.09827204 3.09900015 3.10160898
 3.10165852 3.09478795 3.10287131 3.09978057 3.09901768 3.09749107
 3.09960613 3.09848298 3.10033327 3.0980955  3.10142429 3.09340529
 3.10154875 3.10639861 3.10173511 3.10067364 3.09514093 3.10031447
 3.09749281 3.10526343 3.09796143 3.09607218 3.10440485 3.10306466
 3.09830909 3.10076242 3.10183734 3.10153909 3.10224848 3.09852427
 3.09864622 3.09887107 3.10112291 3.10162959 3.10052116 3.09705391
 3.10339308 3.09966838 3.09299724 3.10207966 3.09687918 3.10165063
 3.09974934 3.10042522 3.09533822 3.10111557 3.10031783 3.09874084
 3.09946007 3.10353201 3.09390016 3.10154101 3.10326603 3.10031744
 3.09222148 3.09866827 3.09694019 3.10054182]",250
TIA1,,,,,,2.75,0.05,"['G', 'E', 'D', 'E', 'M', 'P', 'K', 'T', 'L', 'Y', 'V', 'G', 'N', 'L', 'S', 'R', 'D', 'V', 'T', 'E', 'A', 'L', 'I', 'L', 'Q', 'L', 'F', 'S', 'Q', 'I', 'G', 'P', 'C', 'K', 'N', 'C', 'K', 'M', 'I', 'M', 'D', 'T', 'A', 'G', 'N', 'D', 'P', 'Y', 'C', 'F', 'V', 'E', 'F', 'H', 'E', 'H', 'R', 'H', 'A', 'A', 'A', 'A', 'L', 'A', 'A', 'M', 'N', 'G', 'R', 'K', 'I', 'M', 'G', 'K', 'E', 'V', 'K', 'V', 'N', 'W', 'A', 'T', 'T', 'P', 'S', 'S', 'Q', 'K', 'L', 'P', 'Q', 'T', 'G', 'N', 'H', 'F', 'H', 'V', 'F', 'V', 'G', 'D', 'L', 'S', 'P', 'E', 'I', 'T', 'T', 'E', 'D', 'I', 'K', 'A', 'A', 'F', 'A', 'P', 'F', 'G', 'R', 'I', 'S', 'D', 'A', 'R', 'V', 'V', 'K', 'D', 'M', 'A', 'T', 'G', 'K', 'S', 'K', 'G', 'Y', 'G', 'F', 'V', 'S', 'F', 'F', 'N', 'K', 'W', 'D', 'A', 'E', 'N', 'A', 'I', 'Q', 'Q', 'M', 'G', 'G', 'Q', 'W', 'L', 'G', 'G', 'R', 'Q', 'I', 'R', 'T', 'N', 'W', 'A', 'T', 'R', 'K', 'P', 'P', 'A', 'P', 'K', 'S', 'T', 'Y', 'E', 'S', 'N', 'T', 'K', 'Q', 'L', 'S', 'Y', 'D', 'E', 'V', 'V', 'N', 'Q', 'S', 'S', 'P', 'S', 'N', 'C', 'T', 'V', 'Y', 'C', 'G', 'G', 'V', 'T', 'S', 'G', 'L', 'T', 'E', 'Q', 'L', 'M', 'R', 'Q', 'T', 'F', 'S', 'P', 'F', 'G', 'Q', 'I', 'M', 'E', 'I', 'R', 'V', 'F', 'P', 'D', 'K', 'G', 'Y', 'S', 'F', 'V', 'R', 'F', 'N', 'S', 'H', 'E', 'S', 'A', 'A', 'H', 'A', 'I', 'V', 'S', 'V', 'N', 'G', 'T', 'T', 'I', 'E', 'G', 'H', 'V', 'V', 'K', 'C', 'Y', 'W', 'G', 'K']",,0.1,,,6.0,,,293.15,,,2.6791219573475504,"[2.67796647 2.67724439 2.679201   2.67866985 2.68027858 2.6793813
 2.67451599 2.67756258 2.67861875 2.67860276 2.68057463 2.68382789
 2.67658197 2.67767626 2.68165399 2.67765894 2.68162589 2.6793576
 2.68172046 2.68131228 2.68012774 2.67900126 2.68098527 2.67682241
 2.67967858 2.67929018 2.67520079 2.68056862 2.67971835 2.6757258
 2.68162377 2.67866558 2.67554445 2.67981747 2.6796689  2.68308726
 2.68149013 2.67715187 2.68133288 2.67849742 2.67768382 2.67688107
 2.67941373 2.68044149 2.67788108 2.68064412 2.67661503 2.67679495
 2.68347671 2.67928832 2.67707066 2.67800032 2.67801116 2.67719311
 2.6737089  2.68038599 2.68017369 2.67561905 2.68018379 2.68110235
 2.68134681 2.67883196 2.67892206 2.67920018 2.67953369 2.67906155
 2.6818787  2.68185271 2.67752042 2.67935069 2.67824052 2.67971
 2.68005668 2.68036734 2.67615049 2.67765121 2.67979702 2.67475484
 2.68198496 2.67840246 2.68513859 2.68082575 2.6785103  2.67747476
 2.68030143 2.67679358 2.68050286 2.67889999 2.67949014 2.68166816
 2.67840119 2.67934942 2.67996002 2.67843721 2.67658856 2.67676945
 2.68119045 2.68110273 2.68170656 2.67981718 2.67828198 2.6801136
 2.68189639 2.67957478 2.67740621 2.68089829 2.6823589  2.67925305
 2.67761075 2.67750618 2.6792192  2.67968282 2.68283603 2.67435115
 2.68020136 2.67994134 2.68059897 2.67991115 2.67955412 2.68447518
 2.67860429 2.67523082 2.67683484 2.67910217 2.67699104 2.67748924
 2.67855259 2.67977609 2.68044477 2.6792912  2.67930714 2.67989629
 2.68168221 2.67927093 2.67662771 2.67950122 2.68186198 2.68160951
 2.67262416 2.6797357  2.67718536 2.67788976 2.67780012 2.68040226
 2.67520214 2.68214472 2.6805254  2.67831889 2.67957778 2.67993704
 2.67941174 2.68182213 2.68083849 2.68065066 2.67964182 2.67896656
 2.67812175 2.67813971 2.67844072 2.67870048 2.67732905 2.67875041
 2.68196157 2.6819413  2.67943907 2.68045864 2.67696405 2.67884505
 2.67916072 2.68059528 2.679413   2.67741418 2.68152944 2.67804362
 2.67999636 2.683739   2.679918   2.68051266 2.6757996  2.67754316
 2.68256945 2.67915    2.67540762 2.67994248 2.67913948 2.67914143
 2.68119328 2.67919953 2.67639108 2.6767498  2.6818002  2.67966507
 2.67907318 2.67586198 2.68199854 2.682166   2.68140902 2.68222025
 2.67529611 2.67891905 2.67655709 2.67690709 2.67886908 2.68092819
 2.67903404 2.67894327 2.6769197  2.67768784 2.67564802 2.68169088
 2.67833026 2.67969877 2.67773592 2.67664564 2.6763177  2.68031822
 2.6820848  2.67813757 2.68272485 2.67898294 2.68433027 2.68233983
 2.67412188 2.67660969 2.67794324 2.67793819 2.67725071 2.68008114
 2.6794729  2.67954271 2.68043837 2.67952752 2.68003475 2.67698198
 2.68049212 2.67741368 2.68234293 2.6803747  2.68148643 2.67563958
 2.68176147 2.68028079 2.67982518 2.67891999 2.6801991  2.68063418
 2.67888106 2.68166312 2.68136226 2.67982747 2.67784966 2.680929
 2.67864911 2.67822512 2.67951713 2.68372398 2.67984588 2.67953135
 2.68314263 2.6837486  2.67633014 2.68278827 2.68276885 2.67699317
 2.67963564 2.67984246 2.68010536 2.67733734 2.67849245 2.67776871
 2.67759395 2.68017748 2.67953316 2.68007622 2.677671   2.67948168
 2.67714148 2.68263471 2.67580881 2.67605241 2.678968   2.67699495
 2.67496704 2.67607977 2.67788984 2.67568172 2.67865116 2.67558348
 2.6787578  2.68139499 2.67698936 2.68119094 2.67859691 2.67848315
 2.68146472 2.67790041 2.68233741 2.68003495 2.67608582 2.67560121
 2.67805351 2.68383225 2.67589578 2.67740416 2.68247161 2.68204919
 2.68134922 2.67916744 2.68241396 2.68201507 2.67847345 2.67912328
 2.67576557 2.68044873 2.67914051 2.67835974 2.67615836 2.67558964
 2.67589962 2.68210064 2.67975824 2.67691045 2.67864962 2.68066035
 2.67944711 2.6807435  2.67886887 2.67781936 2.67589717 2.67871462
 2.67589775 2.68122024 2.6827135  2.68018866 2.67943654 2.679973
 2.68056286 2.67819651 2.68669012 2.67800539 2.67982167 2.68177959
 2.67934163 2.6788703  2.67807693 2.67955933 2.67886285 2.67744322
 2.68099323 2.67998349 2.67888736 2.67934167 2.68281939 2.68090641
 2.67847611 2.67866724 2.68149476 2.67695863 2.67847181 2.68327988
 2.67979819 2.67950958 2.6801276  2.67688757 2.67780479 2.67660214
 2.67843676 2.67650762 2.67545938 2.67980299 2.68069895 2.67927196
 2.67616623 2.67915883 2.68222915 2.68267422 2.68265347 2.67827845
 2.67858131 2.6791673  2.68243468 2.67752121 2.68072064 2.67841594
 2.67970375 2.68063566 2.67809328 2.6786308  2.6787541  2.67965978
 2.6797825  2.68378224 2.67539114 2.67862865 2.680399   2.67605241
 2.67836499 2.67703153 2.67926949 2.67767198 2.67963393 2.68091465
 2.67962176 2.68151989 2.68097945 2.67810105 2.67863595 2.67802853
 2.67904032 2.68051104 2.68239942 2.68081594 2.68071489 2.67993439
 2.67993641 2.67985009 2.67970641 2.68115616 2.67993029 2.68544817
 2.68093716 2.68007428 2.67790751 2.6778539  2.68135246 2.6787685
 2.68390631 2.67986591 2.6835011  2.6819133  2.68008408 2.68083583
 2.67902517 2.67465157 2.68435742 2.67602024 2.67707145 2.68265349
 2.67714245 2.67856237 2.68152388 2.67951004 2.68142174 2.67901053
 2.67914096 2.6811964  2.68257619 2.6761919  2.68129833 2.68265731
 2.674208   2.68049109 2.68076163 2.67943103 2.67487519 2.67729047
 2.68071261 2.6797444  2.67638316 2.67722651 2.68055645 2.67682334
 2.67852603 2.67983149 2.67689424 2.67889754 2.67750313 2.68424065
 2.67799885 2.67779429 2.67638169 2.68015233 2.67883937 2.68279046
 2.67975293 2.67801989 2.6786928  2.68591197 2.68063995 2.67621037
 2.67892768 2.67919227 2.68079971 2.67573755 2.67867008 2.68064669
 2.67639106 2.67788719 2.67966628 2.68045396 2.68224225 2.67808514
 2.68119717 2.67928917 2.68219532 2.68042403 2.67993379 2.67797302
 2.68011961 2.67750779 2.67929551 2.67690428 2.68013492 2.67493858
 2.67789773 2.67809147 2.67867098 2.6816806  2.67837059 2.67538766
 2.67509039 2.68007366 2.67851417 2.67686855 2.6803802  2.67855919
 2.68060117 2.67862123 2.67922446 2.68058767 2.6771455  2.68410772
 2.68032401 2.68158994 2.68206729 2.67822021 2.68046436 2.67959053
 2.67811237 2.6784937  2.68078    2.68312653 2.67433154 2.6796561
 2.67579176 2.67894713 2.68391107 2.67763379 2.67895354 2.67951205
 2.67618583 2.67962424 2.68274489 2.6784451  2.6791548  2.67954854
 2.6802678  2.67952533 2.68170566 2.67747097 2.6796321  2.6792315
 2.67891499 2.68103783 2.67873733 2.67605131 2.6795941  2.67999468
 2.675721   2.68102023 2.67790565 2.68258041 2.67647797 2.68110031
 2.67952063 2.67818229 2.67992998 2.68227827 2.67711013 2.68095607
 2.6818816  2.67392605 2.6812339  2.68050077 2.68020392 2.67860504
 2.67720864 2.67822155 2.67587581 2.68015157 2.68101195 2.67688265
 2.68281878 2.6825134  2.67879892 2.67996774 2.6811255  2.67662334
 2.6782087  2.67913796 2.67891821 2.67916509 2.68066076 2.67764907
 2.67774058 2.68102598 2.67941407 2.67970766 2.67956849 2.68169376
 2.67902741 2.67693284 2.6778528  2.67876124 2.68132766 2.68154702
 2.68102574 2.68219749 2.67923565 2.6804652  2.68175517 2.67845245
 2.679154   2.67977958 2.67735553 2.67666338 2.67623779 2.67756809
 2.67597377 2.6786953  2.67595983 2.68089707 2.67721295 2.67835929
 2.6843193  2.67726746 2.67536419 2.67898422 2.67876157 2.68370787
 2.67692797 2.67616703 2.68040445 2.67582149 2.68275041 2.67950899
 2.68016706 2.67846748 2.68095808 2.68566941 2.67598595 2.67720032
 2.68012967 2.68090242 2.68351136 2.67788063 2.67981981 2.68089752
 2.67785122 2.67882336 2.68224051 2.67720285 2.67855026 2.67806389
 2.67939814 2.6762095  2.67806611 2.67921348 2.68044574 2.67927592
 2.67697825 2.67442253 2.67722885 2.68048606 2.6818651  2.67748628
 2.6750914  2.68163001 2.67495953 2.67884072 2.67748896 2.67580466
 2.68064776 2.68208872 2.68249583 2.68186923 2.67672133 2.6773178
 2.68170009 2.67964446 2.68163804 2.67984909 2.67880338 2.67703907
 2.67926844 2.68005549 2.67807044 2.67699834 2.68112786 2.68114994
 2.67611177 2.68330939 2.67770021 2.67868989 2.68003491 2.67748641
 2.67947922 2.67995056 2.67427752 2.6781085  2.67733302 2.68125951
 2.68016171 2.67711685 2.68098787 2.67786918 2.67606662 2.6802219
 2.67964838 2.67601547 2.67770083 2.67970819 2.67750199 2.67839149
 2.67784257 2.67620378 2.67563513 2.67761283 2.67788429 2.68283808
 2.67942579 2.67970247 2.67522312 2.68109768 2.67785435 2.68021901
 2.67875402 2.67988042 2.67813426 2.67962847 2.67967011 2.67551186
 2.67921378 2.68068047 2.68053931 2.68007399 2.67896806 2.67894105
 2.67685767 2.6803179  2.67717182 2.68102724 2.67502505 2.67916304
 2.68013078 2.68413976 2.68039788 2.68374897 2.67634679 2.6840906
 2.67939243 2.68252658 2.68253832 2.67826677 2.67729322 2.67947759
 2.67517814 2.67824533 2.67812741 2.68064667 2.67691952 2.67864908
 2.67992372 2.67905067 2.67294485 2.67907515 2.6765665  2.67924265
 2.67679399 2.68204405 2.68001102 2.67781662 2.67958523 2.67863896
 2.68227383 2.67838474 2.67812118 2.68017549 2.67951953 2.67623565
 2.67927076 2.67700029 2.68145337 2.68100977 2.67987006 2.67945639
 2.67922118 2.67610105 2.68002283 2.68112479 2.6798882  2.67845865
 2.68125679 2.67862056 2.68042038 2.6785409  2.67984079 2.67939155
 2.67742659 2.67694552 2.68172869 2.67899743 2.67874514 2.68029289
 2.67905681 2.67949517 2.67825027 2.68075249 2.677406   2.67953581
 2.67895942 2.67967753 2.68146531 2.6786386  2.68191923 2.676556
 2.67659674 2.68177984 2.68471176 2.67639868 2.68067637 2.67954965
 2.67709065 2.67496373 2.68062698 2.67972751 2.68267544 2.67941924
 2.67894968 2.68068262 2.68289639 2.68006147 2.67833612 2.67567082
 2.68347012 2.67861205 2.6785584  2.67994785 2.6810963  2.68397302
 2.67382527 2.67791987 2.67933557 2.67989615 2.67821121 2.68045138
 2.67708569 2.68021726 2.67952955 2.68009971 2.67693435 2.67957758
 2.67587356 2.67703726 2.68061648 2.68203595 2.68314425 2.68057783
 2.68252663 2.679817   2.68225536 2.68250377 2.67909809 2.67717343
 2.67748979 2.67692181 2.68044219 2.67841319 2.67719873 2.678859
 2.67792514 2.67864101 2.67879679 2.68206535 2.67826159 2.67613954
 2.67841902 2.67903755 2.67830821 2.67786347 2.68004667 2.68183484
 2.67895428 2.67817463 2.68172603 2.6785134  2.68186547 2.67847931
 2.67874743 2.67738257 2.67993301 2.68114817 2.67640282 2.67797633
 2.67485081 2.68367054 2.67801722 2.67751264 2.67913656 2.68249375
 2.67627717 2.67807804 2.68403438 2.67857597 2.67864336 2.68034073
 2.67908495 2.67807658 2.68070197 2.67857345 2.68075138 2.6787883
 2.67659018 2.67787118 2.6814057  2.67916881 2.67698642 2.67795012
 2.67964676 2.67676685 2.6769485  2.67714991 2.6794453  2.67858102
 2.68029096 2.67878824 2.67968363 2.68206392 2.6810325  2.67812451
 2.67662928 2.68149277 2.67804556 2.67540577 2.67960089 2.67502103
 2.67883386 2.6762697  2.68034431 2.6760138  2.67938296 2.67920619
 2.67959514 2.68006631 2.67483402 2.68071157 2.6782504  2.67812869
 2.67894536 2.67819326 2.67785435 2.68090272 2.68064419 2.67886386
 2.67894515 2.67904376 2.68041884 2.67601667 2.67784839 2.67636513
 2.68107613 2.67736823 2.67857342 2.67761254 2.67846873 2.6817468
 2.67872248 2.67419267 2.68356762 2.67816322 2.67886966 2.67668511
 2.67812334 2.67847322 2.67970043 2.6797662  2.67737113 2.68086902
 2.67744166 2.68314386 2.68182569 2.6782443  2.67963279 2.67946682
 2.6783041  2.67978959 2.68007624 2.68165117 2.67967096 2.67403927
 2.67646435 2.6805507  2.67765883 2.68235766 2.67958705 2.67785324
 2.67892071 2.67832804 2.67615943 2.67677547]",275
hnRNPA1S,,,,,,3.12,0.078,"['M', 'S', 'K', 'S', 'E', 'S', 'P', 'K', 'E', 'P', 'E', 'Q', 'L', 'R', 'K', 'L', 'F', 'I', 'G', 'G', 'L', 'S', 'F', 'E', 'T', 'T', 'D', 'E', 'S', 'L', 'R', 'S', 'H', 'F', 'E', 'Q', 'W', 'G', 'T', 'L', 'T', 'D', 'C', 'V', 'V', 'M', 'R', 'D', 'P', 'N', 'T', 'K', 'R', 'S', 'R', 'G', 'F', 'G', 'F', 'V', 'T', 'Y', 'A', 'T', 'V', 'E', 'E', 'V', 'D', 'A', 'A', 'M', 'N', 'A', 'R', 'P', 'H', 'K', 'V', 'D', 'G', 'R', 'V', 'V', 'E', 'P', 'K', 'R', 'A', 'V', 'S', 'R', 'E', 'D', 'S', 'Q', 'R', 'P', 'G', 'A', 'H', 'L', 'T', 'V', 'K', 'K', 'I', 'F', 'V', 'G', 'G', 'I', 'K', 'E', 'D', 'T', 'E', 'E', 'H', 'H', 'L', 'R', 'D', 'Y', 'F', 'E', 'Q', 'Y', 'G', 'K', 'I', 'E', 'V', 'I', 'E', 'I', 'M', 'T', 'D', 'R', 'G', 'S', 'G', 'K', 'K', 'R', 'G', 'F', 'A', 'F', 'V', 'T', 'F', 'D', 'D', 'H', 'D', 'S', 'V', 'D', 'K', 'I', 'V', 'I', 'Q', 'K', 'Y', 'H', 'T', 'V', 'N', 'G', 'H', 'N', 'C', 'E', 'V', 'R', 'K', 'A', 'L', 'S', 'K', 'Q', 'E', 'M', 'A', 'S', 'A', 'S', 'S', 'S', 'Q', 'R', 'G', 'R', 'S', 'G', 'S', 'G', 'N', 'F', 'G', 'G', 'G', 'R', 'G', 'G', 'G', 'F', 'G', 'G', 'N', 'D', 'N', 'F', 'G', 'R', 'G', 'G', 'N', 'F', 'S', 'G', 'R', 'G', 'G', 'F', 'G', 'G', 'S', 'R', 'G', 'G', 'G', 'G', 'Y', 'G', 'G', 'S', 'G', 'D', 'G', 'Y', 'N', 'G', 'F', 'G', 'N', 'D', 'G', 'S', 'N', 'F', 'G', 'G', 'G', 'G', 'N', 'Y', 'N', 'N', 'Q', 'S', 'S', 'N', 'F', 'G', 'P', 'M', 'K', 'G', 'G', 'N', 'F', 'G', 'G', 'R', 'S', 'S', 'G', 'P', 'Y', 'G', 'G', 'G', 'G', 'Q', 'Y', 'F', 'A', 'K', 'P', 'R', 'N', 'Q', 'G', 'G', 'Y', 'G', 'G', 'S', 'S', 'S', 'S', 'S', 'S', 'Y', 'G', 'S', 'G', 'R', 'R', 'F']",,0.15,,,7.5,,,293.15,,,3.3106215677621185,"[3.3070858  3.30868972 3.31248    3.31040076 3.30647485 3.31268261
 3.30814086 3.3079453  3.31542067 3.31394925 3.31629642 3.30971072
 3.30850135 3.30932974 3.31264477 3.31213029 3.31384138 3.3086498
 3.31136607 3.31275969 3.31187104 3.30369567 3.31008884 3.31429647
 3.30460029 3.30670034 3.31656426 3.31756878 3.31164083 3.31103232
 3.31454906 3.31390708 3.3136557  3.31281303 3.31444889 3.31379132
 3.30839615 3.30445271 3.30759143 3.31014248 3.31475856 3.3130304
 3.30568158 3.30547539 3.31186755 3.3145771  3.30629123 3.30587757
 3.31831169 3.30830425 3.30929987 3.30877533 3.30904916 3.31675648
 3.30917173 3.31115551 3.31117444 3.31362501 3.30990695 3.31096331
 3.30384672 3.31153106 3.31439438 3.31303566 3.31191879 3.30988698
 3.31405978 3.30775446 3.31415959 3.30754968 3.31659619 3.31475068
 3.31579677 3.30931604 3.31618152 3.30550278 3.3158279  3.31117988
 3.31195488 3.31417514 3.3110239  3.30726663 3.31197566 3.31006739
 3.31503561 3.30665546 3.31009143 3.31150868 3.30973615 3.31558343
 3.31283266 3.30900467 3.31449295 3.31195142 3.31115526 3.30904446
 3.31857151 3.31336466 3.31220685 3.30504925 3.30823284 3.31249138
 3.31434952 3.31547051 3.31600739 3.31261044 3.31539652 3.3065842
 3.30961352 3.31100185 3.31461425 3.31673619 3.31214905 3.31469312
 3.306896   3.31376737 3.30910089 3.31092784 3.30928002 3.31463092
 3.30987475 3.31190874 3.31195    3.31356578 3.30878374 3.31189369
 3.30859708 3.30732311 3.30365134 3.31254309 3.31392133 3.31274865
 3.30691357 3.30948519 3.31280691 3.31192948 3.31084143 3.31129481
 3.30652078 3.31290391 3.31154598 3.31400214 3.31279351 3.31256454
 3.30847969 3.30870085 3.31604447 3.30902345 3.30566628 3.31170851
 3.31240632 3.31220849 3.30562264 3.30549856 3.30864103 3.31519712
 3.31003719 3.30222108 3.31384213 3.30506845 3.31426577 3.30527036
 3.30610737 3.30785808 3.30812212 3.31412297 3.31350837 3.31344096
 3.3052786  3.31242966 3.30877003 3.31355164 3.30241654 3.31469423
 3.31370644 3.308264   3.31439704 3.30899692 3.30863205 3.3106389
 3.30980112 3.31432439 3.31760246 3.30964072 3.31299534 3.30527266
 3.30708078 3.30698206 3.30622218 3.31744571 3.30746369 3.31262895
 3.3051816  3.30917182 3.31503706 3.30786843 3.31350219 3.30492951
 3.3116377  3.30851651 3.30823288 3.30537298 3.3172302  3.30887993
 3.30923542 3.30812436 3.30475517 3.31111021 3.31041732 3.31125938
 3.31553336 3.30811358 3.32111609 3.31708273 3.31217488 3.31468829
 3.3047155  3.31134474 3.31102444 3.30926604 3.30910077 3.30683888
 3.3084022  3.30870802 3.30776544 3.31273062 3.31374297 3.30876453
 3.31220063 3.30788133 3.3109249  3.31347058 3.31556531 3.30923341
 3.30951666 3.30550882 3.31123119 3.30606724 3.31490502 3.30801025
 3.3143931  3.30568512 3.30796952 3.30788156 3.30840706 3.31227228
 3.31265092 3.30993811 3.30933887 3.31564231 3.31101509 3.30678969
 3.30957579 3.3150812  3.31280473 3.30721929 3.31212859 3.30605402
 3.31040042 3.30900666 3.31015593 3.31426775 3.30680173 3.30741612
 3.30977447 3.31247027 3.30600439 3.31254969 3.30713325 3.30527614
 3.31808616 3.30779927 3.30353221 3.31531281 3.30688646 3.30719158
 3.31082985 3.31485429 3.31557329 3.31105181 3.31254164 3.30904279
 3.30524685 3.31041442 3.30860113 3.31816675 3.31131552 3.31568738
 3.30837223 3.3112933  3.31551648 3.31389626 3.31284748 3.31249467
 3.31322467 3.3096893  3.31336506 3.31714623 3.31063663 3.31061451
 3.31104294 3.31174737 3.30320568 3.30485506 3.30834613 3.30625996
 3.30811065 3.31284653 3.30831823 3.30610156 3.31120842 3.30893128
 3.31356367 3.30771514 3.31069691 3.31234538 3.30543119 3.3178804
 3.31001076 3.3128827  3.30717203 3.31418054 3.30903711 3.30752813
 3.31550904 3.31109321 3.30602849 3.31112257 3.31289243 3.31737673
 3.30972667 3.31385134 3.31150833 3.31331618 3.3098621  3.30764747
 3.31351268 3.30889384 3.30773441 3.3171295  3.30846905 3.31237541
 3.30900758 3.30784887 3.31107109 3.30914017 3.31236694 3.30552939
 3.31008435 3.31125432 3.31179371 3.31501764 3.31540704 3.31058466
 3.3149667  3.31150301 3.31439671 3.30967269 3.31212096 3.31491641
 3.31466012 3.31288543 3.31079438 3.31224677 3.30967035 3.3131716
 3.30969052 3.31362629 3.30655085 3.31715433 3.30390871 3.31251979
 3.31383097 3.30741515 3.31539372 3.3103573  3.31394711 3.31084013
 3.30622822 3.30838008 3.30916452 3.30687797 3.31157323 3.30707027
 3.31052142 3.31492081 3.30625741 3.30785692 3.31502491 3.30464456
 3.31025435 3.30722426 3.31576875 3.30674424 3.30853865 3.30912703
 3.30865624 3.31716795 3.30984971 3.31182026 3.30362067 3.30770584
 3.30634234 3.31115672 3.31050732 3.30887897 3.30908191 3.31406415
 3.30568922 3.30053202 3.31240579 3.31020612 3.3099618  3.30797476
 3.31333303 3.30602249 3.31101895 3.3142238  3.30997138 3.31331784
 3.30986892 3.31411811 3.31384989 3.30976792 3.31099989 3.31402615
 3.31259993 3.31323416 3.30901998 3.30597517 3.30617195 3.30687928
 3.3095877  3.31323161 3.30787982 3.30690702 3.31591602 3.3120145
 3.31069899 3.30925492 3.31303686 3.31006049 3.30549629 3.31057792
 3.30895634 3.31457555 3.31559616 3.30755283 3.30804691 3.30676208
 3.31171411 3.31165889 3.31468328 3.31338337 3.30579602 3.31444826
 3.30616131 3.30746391 3.30713992 3.31103641 3.3075909  3.31793787
 3.30822638 3.31079223 3.31053823 3.30834897 3.30802368 3.31037188
 3.308486   3.30863537 3.30987467 3.3081486  3.31341827 3.31663759
 3.3099402  3.30242571 3.31227133 3.31193426 3.31424331 3.31357649
 3.31200752 3.31205934 3.30540047 3.31332689 3.30794112 3.31158191
 3.3148509  3.312137   3.30930829 3.30605361 3.30950867 3.30604459
 3.30932602 3.32055251 3.31300814 3.3099746  3.31383821 3.31021531
 3.30763762 3.31830687 3.31279246 3.30965108 3.31035816 3.3117107
 3.31115763 3.30874145 3.31117541 3.31134777 3.31339067 3.30939308
 3.31112777 3.31618276 3.31343286 3.307197   3.31028422 3.31706743
 3.30795609 3.30800551 3.30671503 3.30533328 3.30995075 3.31285398
 3.31140128 3.30767466 3.31014421 3.31230562 3.31089386 3.31212456
 3.31306069 3.30902542 3.31152636 3.30817916 3.3111066  3.30979928
 3.31114299 3.30927775 3.3131005  3.30986333 3.30559847 3.3105343
 3.3098453  3.31464352 3.31060448 3.3061223  3.31606897 3.3058786
 3.30598995 3.30322808 3.31261598 3.31406104 3.31178205 3.30580344
 3.31430498 3.31314587 3.30866789 3.3095522  3.30683276 3.31574583
 3.31182453 3.31238257 3.31512771 3.3135267  3.31147337 3.31128689
 3.31024872 3.3147897  3.31314459 3.3095497  3.30825626 3.307958
 3.30827413 3.30451377 3.311978   3.30640777 3.31160025 3.31276905
 3.30774173 3.31186777 3.31177746 3.31492759 3.31073214 3.31007843
 3.30703337 3.31001415 3.31495532 3.31010024 3.30942049 3.31433802
 3.30769742 3.31223502 3.30369996 3.30424222 3.30569383 3.31039295
 3.3079942  3.31461384 3.3081907  3.30361033 3.31299826 3.30824806
 3.31028656 3.30889312 3.30834839 3.31702656 3.31418879 3.3163145
 3.30935362 3.3043313  3.31127069 3.30636857 3.30935105 3.30462658
 3.30826776 3.31128258 3.30826265 3.30905539 3.30856687 3.31315091
 3.308885   3.31000054 3.31185422 3.3170188  3.31329682 3.31193338
 3.30668098 3.3113164  3.31252687 3.30554191 3.31289969 3.30605304
 3.31392331 3.30884846 3.31474094 3.31601467 3.31378738 3.30973959
 3.30597722 3.30984844 3.30983395 3.31279331 3.31271912 3.31370483
 3.31411806 3.31256465 3.3164393  3.31092533 3.30468378 3.31504522
 3.31135823 3.31376083 3.31444483 3.31064749 3.31239103 3.31160147
 3.30842787 3.30900521 3.3203854  3.3018394  3.31455169 3.30865464
 3.31455281 3.31025751 3.31274437 3.31256315 3.31265289 3.3082168
 3.30964004 3.3072264  3.3075393  3.31064488 3.31016402 3.30500527
 3.31203197 3.30899688 3.30879818 3.30665606 3.31496962 3.31111033
 3.31411002 3.31050588 3.3134297  3.3070413  3.30520567 3.30392742
 3.30948649 3.30575682 3.31411045 3.31144015 3.31207308 3.30778889
 3.31783904 3.30854738 3.31181416 3.30642939 3.31630829 3.31325059
 3.31131497 3.31093743 3.31380946 3.30894443 3.31451961 3.31877773
 3.31509123 3.30881356 3.31307696 3.30812375 3.31011227 3.30508512
 3.3128641  3.31607387 3.31133231 3.31180036 3.3126519  3.30676367
 3.31240077 3.31333193 3.30911367 3.31882405 3.3145659  3.3108096
 3.30303842 3.30545911 3.30991103 3.30830725 3.30811299 3.31436035
 3.31033665 3.31309391 3.31904035 3.31250843 3.31259431 3.31257943
 3.30736025 3.31074521 3.31083208 3.30946099 3.31243202 3.31744119
 3.3128188  3.31166952 3.312516   3.30779993 3.31365156 3.30920212
 3.30736763 3.3052466  3.3097714  3.31832675 3.30989239 3.31463538
 3.31457732 3.30733175 3.31227058 3.30507378 3.31221309 3.31605118
 3.31115069 3.31246151 3.31234657 3.30954828 3.30779199 3.30705223
 3.31045913 3.30821662 3.31065004 3.31144434 3.30843718 3.3142628
 3.31462136 3.31298483 3.31250614 3.31153742 3.30747915 3.30786438
 3.30988283 3.30631332 3.30967183 3.31019623 3.30425894 3.31069804
 3.30484137 3.30894615 3.3061934  3.30817708 3.31389384 3.31178684
 3.31317283 3.31233121 3.30241398 3.31119239 3.30801634 3.30760133
 3.30816857 3.31208192 3.31328739 3.30748259 3.31321383 3.30743701
 3.31561808 3.30713537 3.31208122 3.31211501 3.31041545 3.31227338
 3.316732   3.31032522 3.30850446 3.31279196 3.30690918 3.30803379
 3.31244355 3.31380037 3.30330884 3.30899311 3.31121178 3.3157069
 3.31100068 3.30832442 3.30941624 3.31322979 3.31098315 3.30893165
 3.31542116 3.31103663 3.31266523 3.30819678 3.31167281 3.31323672
 3.31065886 3.31097287 3.31291573 3.30825324 3.31440311 3.31187712
 3.30789808 3.31631365 3.31068633 3.30115064 3.31415106 3.30924335
 3.31083595 3.30948803 3.31482492 3.31355489 3.30898171 3.30520494
 3.31328754 3.3129774  3.30947445 3.31224221 3.31014092 3.30798302
 3.31228473 3.31032228 3.30758349 3.31017609 3.30925389 3.30959177
 3.31311164 3.30501916 3.3099279  3.30903028 3.30688661 3.31240861
 3.31851513 3.31548602 3.31307079 3.31141727 3.31255259 3.31188739
 3.31006193 3.30455014 3.31452483 3.30478107 3.31308285 3.31330599
 3.30862179 3.31548405 3.31264318 3.31257979 3.30600088 3.30948756
 3.31603582 3.31309389 3.30788436 3.30898029 3.31066595 3.30889395
 3.30788361 3.30895649 3.31211126 3.31299065 3.30816733 3.30711848
 3.30399262 3.31086071 3.30803269 3.30417744 3.31618445 3.30603598
 3.30816658 3.31403988 3.30539144 3.30708237 3.31062692 3.31194329
 3.30785343 3.31221363 3.30994168 3.30575682 3.31147444 3.30660999
 3.30625018 3.30955421 3.31238835 3.31368286 3.31552609 3.3095923
 3.31325036 3.31375433 3.31202708 3.30740842 3.30431425 3.30717217
 3.31418996 3.31225781 3.31159462 3.30993785 3.30896437 3.30925892
 3.3081887  3.30941088 3.31451976 3.31250257 3.30618228 3.31089597
 3.30907851 3.30821891 3.30710281 3.3108639  3.30574493 3.31217627
 3.31241337 3.30791267 3.30939636 3.30968969 3.30864804 3.31051109
 3.30684619 3.30896452 3.30651171 3.31153543 3.31065783 3.31082894
 3.31284234 3.30413251 3.31172742 3.31641779 3.30200068 3.31411721
 3.31030902 3.30919152 3.31193206 3.30867601 3.3117197  3.31385719
 3.31258657 3.31485271 3.31270273 3.30837617 3.31187047 3.31121906
 3.30959968 3.31220334 3.31559394 3.31285357 3.31467208 3.30441653
 3.31587286 3.31025197 3.31520054 3.30855912 3.31093656 3.31460908
 3.31253959 3.31147671 3.31329697 3.31197484 3.31500492 3.30890121
 3.31298313 3.31172435 3.31432268 3.31616111 3.31385785 3.31035247
 3.30688838 3.31024867 3.30637938 3.30897014]",314
hSUMO_hnRNPA1S,,,,,,3.37,0.13,"['M', 'G', 'S', 'S', 'H', 'H', 'H', 'H', 'H', 'H', 'G', 'S', 'G', 'L', 'V', 'P', 'R', 'G', 'S', 'A', 'S', 'M', 'S', 'D', 'S', 'E', 'V', 'N', 'Q', 'E', 'A', 'K', 'P', 'E', 'V', 'K', 'P', 'E', 'V', 'K', 'P', 'E', 'T', 'H', 'I', 'N', 'L', 'K', 'V', 'S', 'D', 'G', 'S', 'S', 'E', 'I', 'F', 'F', 'K', 'I', 'K', 'K', 'T', 'T', 'P', 'L', 'R', 'R', 'L', 'M', 'E', 'A', 'F', 'A', 'K', 'R', 'Q', 'G', 'K', 'E', 'M', 'D', 'S', 'L', 'R', 'F', 'L', 'Y', 'D', 'G', 'I', 'R', 'I', 'Q', 'A', 'D', 'Q', 'T', 'P', 'E', 'D', 'L', 'D', 'M', 'E', 'D', 'N', 'D', 'I', 'I', 'E', 'A', 'H', 'R', 'E', 'Q', 'I', 'G', 'G', 'M', 'S', 'K', 'S', 'E', 'S', 'P', 'K', 'E', 'P', 'E', 'Q', 'L', 'R', 'K', 'L', 'F', 'I', 'G', 'G', 'L', 'S', 'F', 'E', 'T', 'T', 'D', 'E', 'S', 'L', 'R', 'S', 'H', 'F', 'E', 'Q', 'W', 'G', 'T', 'L', 'T', 'D', 'C', 'V', 'V', 'M', 'R', 'D', 'P', 'N', 'T', 'K', 'R', 'S', 'R', 'G', 'F', 'G', 'F', 'V', 'T', 'Y', 'A', 'T', 'V', 'E', 'E', 'V', 'D', 'A', 'A', 'M', 'N', 'A', 'R', 'P', 'H', 'K', 'V', 'D', 'G', 'R', 'V', 'V', 'E', 'P', 'K', 'R', 'A', 'V', 'S', 'R', 'E', 'D', 'S', 'Q', 'R', 'P', 'G', 'A', 'H', 'L', 'T', 'V', 'K', 'K', 'I', 'F', 'V', 'G', 'G', 'I', 'K', 'E', 'D', 'T', 'E', 'E', 'H', 'H', 'L', 'R', 'D', 'Y', 'F', 'E', 'Q', 'Y', 'G', 'K', 'I', 'E', 'V', 'I', 'E', 'I', 'M', 'T', 'D', 'R', 'G', 'S', 'G', 'K', 'K', 'R', 'G', 'F', 'A', 'F', 'V', 'T', 'F', 'D', 'D', 'H', 'D', 'S', 'V', 'D', 'K', 'I', 'V', 'I', 'Q', 'K', 'Y', 'H', 'T', 'V', 'N', 'G', 'H', 'N', 'C', 'E', 'V', 'R', 'K', 'A', 'L', 'S', 'K', 'Q', 'E', 'M', 'A', 'S', 'A', 'S', 'S', 'S', 'Q', 'R', 'G', 'R', 'S', 'G', 'S', 'G', 'N', 'F', 'G', 'G', 'G', 'R', 'G', 'G', 'G', 'F', 'G', 'G', 'N', 'D', 'N', 'F', 'G', 'R', 'G', 'G', 'N', 'F', 'S', 'G', 'R', 'G', 'G', 'F', 'G', 'G', 'S', 'R', 'G', 'G', 'G', 'G', 'Y', 'G', 'G', 'S', 'G', 'D', 'G', 'Y', 'N', 'G', 'F', 'G', 'N', 'D', 'G', 'S', 'N', 'F', 'G', 'G', 'G', 'G', 'N', 'Y', 'N', 'N', 'Q', 'S', 'S', 'N', 'F', 'G', 'P', 'M', 'K', 'G', 'G', 'N', 'F', 'G', 'G', 'R', 'S', 'S', 'G', 'P', 'Y', 'G', 'G', 'G', 'G', 'Q', 'Y', 'F', 'A', 'K', 'P', 'R', 'N', 'Q', 'G', 'G', 'Y', 'G', 'G', 'S', 'S', 'S', 'S', 'S', 'S', 'Y', 'G', 'S', 'G', 'R', 'R', 'F']",,0.1,,,7.5,,,293.15,,,3.68232820039935,"[3.67895372 3.68114236 3.68105904 3.68765063 3.67623748 3.67804218
 3.68457542 3.68350128 3.67964504 3.67389457 3.67327722 3.68471614
 3.68068049 3.68080019 3.67929184 3.68739675 3.68047902 3.68750247
 3.67703481 3.68085991 3.680553   3.68129674 3.67816332 3.67950937
 3.67848682 3.6821361  3.6815767  3.68121041 3.68114214 3.68064223
 3.6796974  3.68199861 3.68304513 3.67802737 3.68608469 3.68219322
 3.67635065 3.68080144 3.67834026 3.68276679 3.67838654 3.68475792
 3.68286886 3.68228907 3.67694426 3.68700921 3.68272243 3.68070244
 3.68634875 3.68587748 3.68586288 3.68138792 3.67908001 3.68109591
 3.68099401 3.68582771 3.67425487 3.68102627 3.67991794 3.68448162
 3.67892204 3.68101203 3.67925987 3.68218072 3.68435086 3.68347137
 3.68125278 3.68553997 3.68532938 3.68418679 3.67677003 3.67863928
 3.68418383 3.67827417 3.67978566 3.68654129 3.68184281 3.68426144
 3.67687247 3.67938077 3.6813823  3.67763384 3.67619908 3.68886494
 3.68770464 3.68762872 3.68711924 3.68712202 3.68342694 3.68062287
 3.6851477  3.68514128 3.68581989 3.67915376 3.67923708 3.6812814
 3.68419021 3.68242819 3.68439567 3.68437809 3.68911184 3.67982627
 3.68434097 3.6848644  3.6757011  3.68949973 3.67946246 3.68118883
 3.68534329 3.68259528 3.68160483 3.68019401 3.68454579 3.67787662
 3.68357559 3.67894134 3.68157887 3.68211664 3.68588423 3.67894849
 3.68428963 3.68394673 3.6813993  3.67966015 3.68429412 3.6802247
 3.67799853 3.68179261 3.68510269 3.68432249 3.68404265 3.67720518
 3.68383189 3.68902193 3.68227321 3.69078592 3.67670692 3.68818905
 3.6848598  3.68078571 3.68479274 3.68902782 3.67774509 3.68321698
 3.68295345 3.68460129 3.68145612 3.68373897 3.67188237 3.68033882
 3.68555277 3.67274888 3.67867075 3.68634791 3.6832447  3.68694881
 3.68351125 3.67974559 3.68415553 3.68033928 3.67843942 3.68224633
 3.68769018 3.67995321 3.68614693 3.68661064 3.68184503 3.68251403
 3.68778799 3.67831199 3.68377723 3.67989335 3.68330348 3.68387254
 3.6787247  3.6806995  3.68252699 3.68305613 3.67983891 3.68351589
 3.68125405 3.68530883 3.67911312 3.6756295  3.68272749 3.68351732
 3.68276431 3.68653752 3.68265775 3.68001539 3.68608135 3.68443141
 3.68580901 3.6826774  3.67996413 3.68146117 3.68268562 3.68351041
 3.6824887  3.67685767 3.6821766  3.67951121 3.68587367 3.68169599
 3.68471351 3.68311291 3.67830693 3.68348637 3.68571269 3.68063218
 3.68313777 3.68216363 3.68583298 3.67732374 3.67902923 3.68616275
 3.67793248 3.68041885 3.6846583  3.68246837 3.68186081 3.68516317
 3.68453504 3.68297308 3.67842667 3.68178503 3.68345495 3.68252985
 3.67970362 3.67770062 3.68546506 3.67938387 3.67648891 3.67732539
 3.68298104 3.69068792 3.6861713  3.68128956 3.68413692 3.68061759
 3.68587924 3.679224   3.68874321 3.67889979 3.68082951 3.67935966
 3.6793659  3.68092191 3.67755826 3.68708068 3.67825024 3.68443381
 3.68674923 3.68268154 3.68673804 3.68579716 3.67717478 3.6774544
 3.67920835 3.68642404 3.68299896 3.68043416 3.67938825 3.68550351
 3.68197725 3.68457583 3.68082528 3.67911732 3.67878967 3.67934487
 3.6816476  3.6840182  3.67501178 3.67719738 3.6873568  3.67524213
 3.68391702 3.68170029 3.68113439 3.68266858 3.68018246 3.68414438
 3.68149445 3.6860482  3.68736688 3.67925585 3.6826337  3.68612289
 3.68537672 3.67738857 3.68395416 3.68139186 3.6786099  3.68113919
 3.68421574 3.68302414 3.68395644 3.68313534 3.68394645 3.68106106
 3.68911478 3.68334166 3.6864602  3.68373144 3.67737817 3.67905528
 3.68189148 3.68632875 3.68242907 3.68225785 3.67805716 3.68625759
 3.6822314  3.68708604 3.68433129 3.67530647 3.68085988 3.67821954
 3.67977089 3.68588383 3.68399001 3.67799963 3.6874027  3.68217548
 3.68517116 3.67739273 3.68488729 3.68660779 3.68180267 3.69069033
 3.67416347 3.68500666 3.68303595 3.68844343 3.67855433 3.68393836
 3.68069328 3.68111874 3.68268297 3.68191936 3.68636389 3.68750448
 3.68178259 3.68810615 3.67858411 3.68480536 3.68474458 3.67549944
 3.67838495 3.68024144 3.68451036 3.68313589 3.68019124 3.68359601
 3.68566408 3.68353008 3.6896792  3.6805913  3.68276857 3.68203738
 3.67280656 3.68636377 3.68126863 3.68573243 3.67376346 3.67908584
 3.68147087 3.67878891 3.68922893 3.68803598 3.68438311 3.68197143
 3.68354941 3.67484183 3.68591323 3.68764242 3.67983387 3.68044561
 3.67878993 3.67909116 3.6884855  3.68435728 3.68575746 3.67807824
 3.68724074 3.68463104 3.67944803 3.68336477 3.68600142 3.68585137
 3.68058748 3.68610402 3.68912613 3.68366943 3.68511651 3.68208961
 3.68409881 3.68324232 3.68268803 3.68208269 3.68011862 3.68459171
 3.67834873 3.69010983 3.68401828 3.67950595 3.68783996 3.69036068
 3.68715746 3.68055533 3.68381882 3.6815825  3.68779655 3.68529856
 3.67772013 3.68625194 3.68260243 3.68333882 3.68242737 3.67882256
 3.68582826 3.68485713 3.6875143  3.68508868 3.67548758 3.68234772
 3.6785696  3.68529504 3.68823479 3.68803675 3.68302705 3.68025386
 3.68151113 3.68095592 3.68532699 3.68622956 3.68551345 3.68113741
 3.68638956 3.68574824 3.6826221  3.6797078  3.68476535 3.68562518
 3.67843183 3.67917734 3.67805464 3.68369948 3.67984251 3.68229752
 3.67887973 3.67486366 3.68166575 3.68248302 3.68096354 3.68020722
 3.67862574 3.68304136 3.68255941 3.6834365  3.68425271 3.68466195
 3.68813842 3.68112417 3.68017779 3.67654924 3.68406161 3.68027471
 3.68494758 3.68413504 3.68146751 3.68312953 3.67780316 3.68756816
 3.69264596 3.68243538 3.67886049 3.68431961 3.67920877 3.68395582
 3.68243283 3.6804052  3.67990051 3.67917214 3.68524768 3.67734072
 3.68381594 3.67957078 3.68610788 3.67931034 3.68365625 3.67753405
 3.68267919 3.68499299 3.68226879 3.67740386 3.68261486 3.68894766
 3.67835221 3.68377634 3.67742358 3.68567529 3.68170111 3.67988945
 3.68753969 3.6813751  3.68110975 3.6851758  3.67650662 3.68515396
 3.67958099 3.688794   3.68181954 3.68059556 3.68405427 3.68432074
 3.67689941 3.68414912 3.68482242 3.68533422 3.68645385 3.67733497
 3.68298468 3.68493283 3.68310762 3.68428909 3.67949754 3.67788252
 3.68479708 3.68277707 3.68052435 3.68258806 3.68869743 3.68632524
 3.68422663 3.68015873 3.67820148 3.67894175 3.68434762 3.6811723
 3.68398868 3.6875557  3.68536588 3.68373648 3.67653316 3.6808118
 3.68558689 3.68193844 3.67673323 3.68718017 3.67937858 3.68571272
 3.67764884 3.68695515 3.68898996 3.68269355 3.68459979 3.67675788
 3.68374939 3.68111937 3.67885657 3.6816559  3.68066291 3.6823111
 3.68285387 3.68124185 3.6831977  3.68087594 3.68380912 3.68000391
 3.68408047 3.68247918 3.68168981 3.67772668 3.68391915 3.68287905
 3.68733685 3.67740367 3.6802131  3.68102139 3.67933175 3.68318869
 3.68221852 3.68183262 3.68764111 3.68428063 3.68338435 3.67864541
 3.6835369  3.68466717 3.67948428 3.67766517 3.68152105 3.67589385
 3.68587883 3.68336535 3.67798804 3.68289224 3.6826705  3.68142453
 3.67864145 3.6813485  3.68122476 3.67560671 3.68096706 3.68426895
 3.68431738 3.67957577 3.67824481 3.68545835 3.68501092 3.68454782
 3.6811074  3.68460802 3.67898567 3.68375676 3.68758403 3.68748016
 3.68538106 3.68065722 3.68170691 3.68423515 3.67789462 3.67841041
 3.68606402 3.68227674 3.68293096 3.67986418 3.67323813 3.68154744
 3.68682581 3.67912594 3.67907452 3.68604888 3.68020605 3.68103903
 3.68563155 3.67749728 3.68664554 3.68452796 3.68243084 3.68156414
 3.68045547 3.6739534  3.68551909 3.67761727 3.67973581 3.68155834
 3.68609034 3.68399483 3.68265559 3.68192347 3.68588582 3.68630218
 3.67575454 3.68401097 3.67825231 3.68472241 3.68367916 3.67934531
 3.68059314 3.68323344 3.6759216  3.67842748 3.68236867 3.68060656
 3.68229944 3.68394308 3.68349258 3.68250296 3.68328069 3.68305881
 3.68191192 3.67893158 3.67812117 3.68655854 3.68264008 3.68286163
 3.68228917 3.68203907 3.68512523 3.68470637 3.67953648 3.68320577
 3.67267142 3.68280207 3.68324628 3.68267294 3.68522508 3.68170552
 3.68212038 3.68117765 3.67890689 3.68393946 3.68420914 3.67963235
 3.68424056 3.67964931 3.68051099 3.67447312 3.68691816 3.68696219
 3.67719521 3.67959405 3.68214227 3.68636806 3.68335764 3.68707576
 3.6815811  3.67749611 3.68035102 3.68257958 3.68152712 3.68359454
 3.68507264 3.6786175  3.67991048 3.6850002  3.68353079 3.68714636
 3.6842889  3.675221   3.68416717 3.67985801 3.68163948 3.67610142
 3.6807748  3.68219021 3.68457475 3.68326243 3.68315618 3.68241396
 3.68541083 3.68626755 3.68352232 3.68106301 3.68268089 3.6874984
 3.67706599 3.68208107 3.68043719 3.67807201 3.68060108 3.68420738
 3.68099096 3.68816399 3.68443186 3.67891797 3.68402345 3.67939193
 3.68049324 3.68057137 3.68124453 3.68362808 3.68498127 3.67942549
 3.68539937 3.68349024 3.68937582 3.67482947 3.68109421 3.68099419
 3.67920585 3.67836375 3.68129761 3.68203737 3.68067385 3.68082106
 3.67947814 3.68598109 3.68821506 3.68104611 3.6795993  3.6764211
 3.67871178 3.67688621 3.67899631 3.67825383 3.68456901 3.68028959
 3.68888492 3.68375928 3.68230063 3.67849369 3.68301151 3.68602582
 3.68354442 3.67813117 3.68345862 3.6777561  3.68443031 3.68861482
 3.68163029 3.68179657 3.67835367 3.6788079  3.6817227  3.68383158
 3.67964462 3.67844188 3.68534114 3.68231699 3.68444413 3.68535251
 3.69069123 3.68308529 3.68183738 3.67764464 3.68398268 3.68225081
 3.67744797 3.68664978 3.68609572 3.68332496 3.68695945 3.68266254
 3.67912952 3.67552771 3.68361499 3.68323818 3.6827692  3.68251376
 3.6837319  3.68596806 3.68158036 3.68247075 3.68108447 3.68485373
 3.67679485 3.68106964 3.67826281 3.67515014 3.67824061 3.67570877
 3.67797446 3.6796729  3.68045394 3.67730957 3.68768553 3.68219813
 3.68248472 3.67960276 3.68078394 3.68070099 3.6846662  3.67932569
 3.67879867 3.68208344 3.68384656 3.68575308 3.68056949 3.68645061
 3.67522243 3.68323964 3.68385361 3.68392671 3.68342351 3.68342415
 3.6821182  3.68432653 3.68213429 3.68520088 3.69085484 3.68431256
 3.68583153 3.68201412 3.68483722 3.6830378  3.68261265 3.68168938
 3.68193947 3.68444746 3.68587474 3.68058247 3.67992695 3.68456281
 3.68239827 3.68032708 3.6881311  3.67814623 3.68447347 3.6893318
 3.68702609 3.68136536 3.67766576 3.68067686 3.68075533 3.67967416
 3.68315349 3.68647037 3.68941203 3.68634519 3.6832305  3.68142966
 3.6838135  3.67735935 3.68576602 3.68316858 3.68152826 3.67986278
 3.68314933 3.68378773 3.68299148 3.68527361 3.68261293 3.68979716
 3.68298884 3.68640296 3.68519969 3.68291582 3.68672296 3.68527699
 3.68537433 3.68295007 3.68220339 3.68404449 3.68824865 3.68228098
 3.68403463 3.68390653 3.68372374 3.68328685 3.68432823 3.68331817
 3.68048108 3.68184941 3.68589006 3.68290989 3.68800742 3.68037456
 3.68291833 3.68374856 3.68211467 3.67820323 3.68231061 3.68596016
 3.68149892 3.6710792  3.67968847 3.67831018 3.68342174 3.67575615
 3.68124891 3.68147291 3.68334    3.68061054 3.67915344 3.68182288
 3.68273465 3.68572477 3.68355317 3.68243721 3.68464928 3.6802206
 3.67182985 3.68204625 3.68394415 3.67972263 3.68402968 3.68324135
 3.68410347 3.67954741 3.6831434  3.68159779 3.67618764 3.67921954
 3.68720959 3.67768922 3.68003961 3.68361108 3.67946368 3.68235649
 3.68465491 3.68091585 3.67797842 3.68483814 3.67859663 3.6842134
 3.68520007 3.67773167 3.68068246 3.68077197 3.68143288 3.67925905
 3.68286422 3.68363364 3.68777157 3.68452642 3.68187549 3.68102214
 3.68307721 3.68766129 3.67976268 3.68039861 3.67819202 3.68486437
 3.68267938 3.68353682 3.68369773 3.68425393]",433
GS0,,,,,,3.2,0.044,"['S', 'K', 'G', 'E', 'E', 'L', 'F', 'T', 'G', 'V', 'V', 'P', 'I', 'L', 'V', 'E', 'L', 'D', 'G', 'D', 'V', 'N', 'G', 'H', 'K', 'F', 'S', 'V', 'S', 'G', 'E', 'G', 'E', 'G', 'D', 'A', 'T', 'Y', 'G', 'K', 'L', 'T', 'L', 'K', 'F', 'I', 'C', 'T', 'T', 'G', 'K', 'L', 'P', 'V', 'P', 'W', 'P', 'T', 'L', 'V', 'T', 'T', 'L', 'S', 'W', 'G', 'V', 'Q', 'C', 'F', 'A', 'R', 'Y', 'P', 'D', 'H', 'M', 'K', 'Q', 'H', 'D', 'F', 'F', 'K', 'S', 'A', 'M', 'P', 'E', 'G', 'Y', 'V', 'Q', 'E', 'R', 'T', 'I', 'F', 'F', 'K', 'D', 'D', 'G', 'N', 'Y', 'K', 'T', 'R', 'A', 'E', 'V', 'K', 'F', 'E', 'G', 'D', 'T', 'L', 'V', 'N', 'R', 'I', 'E', 'L', 'K', 'G', 'I', 'D', 'F', 'K', 'E', 'D', 'G', 'N', 'I', 'L', 'G', 'H', 'K', 'L', 'E', 'Y', 'N', 'Y', 'F', 'S', 'D', 'N', 'V', 'Y', 'I', 'T', 'A', 'D', 'K', 'Q', 'K', 'N', 'G', 'I', 'K', 'A', 'N', 'F', 'K', 'I', 'R', 'H', 'N', 'I', 'E', 'D', 'G', 'G', 'V', 'Q', 'L', 'A', 'D', 'H', 'Y', 'Q', 'Q', 'N', 'T', 'P', 'I', 'G', 'D', 'G', 'P', 'V', 'L', 'L', 'P', 'D', 'N', 'H', 'Y', 'L', 'S', 'T', 'Q', 'S', 'K', 'L', 'S', 'K', 'D', 'P', 'N', 'E', 'K', 'R', 'D', 'H', 'M', 'V', 'L', 'L', 'E', 'F', 'V', 'T', 'A', 'A', 'G', 'I', 'T', 'L', 'G', 'M', 'D', 'E', 'L', 'Y', 'K', 'E', 'G', 'L', 'S', 'K', 'L', 'M', 'V', 'S', 'K', 'G', 'E', 'E', 'D', 'N', 'M', 'A', 'S', 'L', 'P', 'A', 'T', 'H', 'E', 'L', 'H', 'I', 'F', 'G', 'S', 'I', 'N', 'G', 'V', 'D', 'F', 'D', 'M', 'V', 'G', 'Q', 'G', 'T', 'G', 'N', 'P', 'N', 'D', 'G', 'Y', 'E', 'E', 'L', 'N', 'L', 'K', 'S', 'T', 'K', 'G', 'D', 'L', 'Q', 'F', 'S', 'P', 'W', 'I', 'L', 'V', 'P', 'H', 'I', 'G', 'Y', 'G', 'F', 'H', 'Q', 'Y', 'L', 'P', 'Y', 'P', 'D', 'G', 'M', 'S', 'P', 'F', 'Q', 'A', 'A', 'M', 'V', 'D', 'G', 'S', 'G', 'Y', 'Q', 'V', 'H', 'R', 'T', 'M', 'Q', 'F', 'E', 'D', 'G', 'A', 'S', 'L', 'T', 'V', 'N', 'Y', 'R', 'Y', 'T', 'Y', 'E', 'G', 'S', 'H', 'I', 'K', 'G', 'E', 'A', 'Q', 'V', 'K', 'G', 'T', 'G', 'F', 'P', 'A', 'D', 'G', 'P', 'V', 'M', 'T', 'N', 'S', 'L', 'T', 'A', 'A', 'D', 'W', 'C', 'R', 'S', 'K', 'K', 'T', 'Y', 'P', 'N', 'D', 'K', 'T', 'I', 'I', 'S', 'T', 'F', 'K', 'W', 'S', 'Y', 'T', 'T', 'G', 'N', 'G', 'K', 'R', 'Y', 'R', 'S', 'T', 'A', 'R', 'T', 'T', 'Y', 'T', 'F', 'A', 'K', 'P', 'M', 'A', 'A', 'N', 'Y', 'L', 'K', 'N', 'Q', 'P', 'M', 'Y', 'V', 'F', 'R', 'K', 'T', 'E', 'L', 'K', 'H', 'S', 'K', 'T', 'E', 'L', 'N', 'F', 'K', 'E', 'W', 'Q', 'K', 'A', 'F', 'T', 'D']",,0.15,,,7.4,,,293.15,,,3.052264482544966,"[3.05044569 3.05162457 3.04793024 3.0568833  3.05015059 3.04881975
 3.04414479 3.04977085 3.04595913 3.0551318  3.05383338 3.04957255
 3.05103295 3.04844089 3.05256922 3.05021404 3.05008472 3.05780426
 3.05311705 3.05006844 3.04949787 3.04922444 3.04615324 3.04664539
 3.05435977 3.04879934 3.05467934 3.04854234 3.05833759 3.05918938
 3.05011359 3.05036451 3.04475065 3.05458296 3.05116596 3.05187911
 3.05176897 3.04202442 3.0505783  3.05585221 3.05050447 3.04939101
 3.05063123 3.05468074 3.05063924 3.05326457 3.05220683 3.04940408
 3.05357541 3.05150828 3.04885928 3.05198705 3.04810002 3.0518741
 3.04875761 3.04852366 3.05625979 3.0535504  3.04949632 3.05048884
 3.04990701 3.05631923 3.05309178 3.05107419 3.05795346 3.0522548
 3.04741585 3.06003525 3.04886393 3.05383301 3.05786505 3.04512923
 3.04735043 3.04693418 3.05430353 3.04213499 3.05261717 3.05230947
 3.05307758 3.05311724 3.05828047 3.05503668 3.05389885 3.05520693
 3.05021965 3.05116088 3.05667606 3.0557881  3.05747905 3.05224836
 3.04573286 3.05422302 3.04995668 3.05365534 3.05222201 3.05081206
 3.05259566 3.05145035 3.04903329 3.0505657  3.04937351 3.0527609
 3.05328814 3.04384074 3.04671059 3.04982589 3.05330807 3.05101002
 3.05039937 3.05172642 3.04871416 3.04920284 3.05036398 3.05069817
 3.05485456 3.05493732 3.04890116 3.05043264 3.05757391 3.05057975
 3.05111135 3.04389199 3.05863978 3.05138968 3.05575105 3.05525282
 3.05023295 3.0549992  3.05197029 3.05122831 3.05584147 3.05589166
 3.05172523 3.05223239 3.05361532 3.05400954 3.0519735  3.05299741
 3.05361549 3.05087456 3.04854324 3.05368975 3.05581749 3.05955396
 3.05468714 3.05126024 3.05465163 3.04931676 3.05339389 3.05030443
 3.05196989 3.05618294 3.05344403 3.05061429 3.05507147 3.05146364
 3.05570164 3.05708409 3.05408008 3.05651888 3.04824079 3.0515897
 3.057008   3.04952301 3.05641199 3.0552206  3.05725232 3.05407362
 3.04763303 3.05524964 3.05592958 3.04923538 3.05537884 3.05169198
 3.05234836 3.05406614 3.05395933 3.05413951 3.05011822 3.0549378
 3.05363286 3.05777477 3.05396756 3.05087792 3.05344298 3.05360185
 3.05386511 3.05200467 3.05578085 3.05306372 3.05795635 3.05778183
 3.05054744 3.05467677 3.04747931 3.05304077 3.04414209 3.05350405
 3.05231776 3.05173347 3.05264583 3.04998256 3.05000925 3.04479262
 3.05144543 3.05360102 3.05398508 3.04485681 3.04395173 3.05065861
 3.05744835 3.06167685 3.04595311 3.05232263 3.0525338  3.04934284
 3.05726395 3.05195736 3.04462193 3.05179097 3.05854062 3.0478231
 3.04822577 3.04716905 3.05090138 3.04976097 3.05010432 3.05191284
 3.048801   3.04888558 3.04918456 3.05079627 3.05242403 3.05526994
 3.05126346 3.04844077 3.0516332  3.05162964 3.05259606 3.05246951
 3.05079639 3.05520935 3.05297929 3.04900713 3.05576575 3.0478415
 3.04906784 3.0539384  3.05869316 3.06002731 3.05409917 3.05712944
 3.05345159 3.05119046 3.05543896 3.05487505 3.05189933 3.04719175
 3.05710377 3.05861991 3.05219822 3.05101196 3.05566627 3.04523073
 3.04913709 3.05118662 3.05540838 3.05392257 3.05082982 3.05070017
 3.05553394 3.05672387 3.05089493 3.0548504  3.05462808 3.05402234
 3.05006197 3.05707329 3.04990982 3.05607369 3.05324499 3.05455391
 3.0523857  3.05877939 3.05736592 3.05231499 3.04956304 3.05117633
 3.05116156 3.04378199 3.05357414 3.05538927 3.05556136 3.05427658
 3.05782677 3.05167816 3.05280514 3.04876952 3.05879734 3.05421023
 3.05414029 3.0556677  3.04657093 3.05504505 3.05454331 3.0541421
 3.05600101 3.05647576 3.05451212 3.05078095 3.04880366 3.05286169
 3.0450115  3.05239163 3.04896243 3.05248626 3.04941305 3.05220889
 3.04685614 3.05059697 3.05143498 3.05214928 3.05718112 3.05043909
 3.05057367 3.05159786 3.05339778 3.05078036 3.05101327 3.0427961
 3.05076766 3.05023978 3.05286376 3.05173465 3.05484739 3.05096365
 3.05665545 3.0535894  3.04999829 3.0488557  3.04614595 3.05976338
 3.05116243 3.05011774 3.04985434 3.0511752  3.0527156  3.05076214
 3.05573831 3.04239867 3.04992776 3.05476934 3.0520228  3.05357441
 3.04838271 3.05016831 3.05171743 3.05524739 3.05208989 3.04735549
 3.04658937 3.05497943 3.05345826 3.04925072 3.05001158 3.05050966
 3.0494539  3.0518206  3.048716   3.0502407  3.05907726 3.05022017
 3.05218344 3.05492127 3.05043539 3.05793575 3.05022531 3.05244576
 3.05706301 3.05013913 3.0513668  3.04848923 3.05704137 3.05402663
 3.04952172 3.05003231 3.04755652 3.05403179 3.05556363 3.04877486
 3.05346798 3.05220534 3.05133183 3.0526678  3.05351544 3.05488635
 3.05305601 3.04743339 3.04977883 3.04969576 3.04742519 3.04913834
 3.05520657 3.05290793 3.05286994 3.05161681 3.05184549 3.05041955
 3.04803462 3.06121711 3.05141216 3.05241491 3.05555445 3.04878316
 3.05258055 3.0518423  3.04966303 3.05680928 3.05435436 3.04832165
 3.04806338 3.04769771 3.05179352 3.04805874 3.05180549 3.05181066
 3.05156046 3.04773793 3.05395578 3.04677331 3.05531965 3.04504816
 3.04682758 3.05162315 3.05815778 3.05279209 3.0533445  3.04981551
 3.05381753 3.05019868 3.05475126 3.05591415 3.050417   3.04935589
 3.05162674 3.05119108 3.0490814  3.04707391 3.05129648 3.0536059
 3.0537473  3.05003198 3.05131365 3.05509361 3.05290904 3.05638708
 3.05246308 3.05448409 3.04687511 3.05426279 3.05542254 3.04545028
 3.05134912 3.05019519 3.05385748 3.04585694 3.04818409 3.05503871
 3.05089708 3.05474438 3.05357635 3.04777841 3.05192868 3.05641847
 3.05173823 3.0534205  3.05273655 3.05639255 3.05227531 3.04714512
 3.05727449 3.04893612 3.05320405 3.05323305 3.04828208 3.04695609
 3.05214885 3.04942043 3.05547465 3.05360206 3.05218613 3.05562827
 3.05378674 3.04653201 3.05994032 3.05233538 3.05692522 3.0540505
 3.0511063  3.048458   3.05212161 3.05161283 3.04926065 3.04869271
 3.05051706 3.05486684 3.05151126 3.05330896 3.04898874 3.05345798
 3.04866246 3.05274691 3.05280999 3.05324283 3.04465326 3.04770083
 3.05514917 3.053811   3.04777979 3.05353793 3.04728493 3.05154509
 3.04757208 3.05406843 3.04700058 3.05340477 3.05816037 3.05002609
 3.05143409 3.04592756 3.05339536 3.04958056 3.05458596 3.05411831
 3.05802328 3.05162301 3.04741342 3.06014595 3.05345957 3.05177537
 3.05544    3.05583745 3.05072259 3.04743768 3.04998288 3.05682879
 3.05491098 3.04913359 3.04945245 3.05202098 3.04796442 3.04930408
 3.05676689 3.05069699 3.05149292 3.05437305 3.04913129 3.05452115
 3.04780823 3.0525914  3.04386708 3.04753498 3.04767277 3.0498827
 3.05571468 3.05739023 3.05045688 3.04991016 3.04978376 3.04616001
 3.04986483 3.05482598 3.05614534 3.05425693 3.05045002 3.05159541
 3.05209467 3.05367733 3.05238715 3.05294656 3.05225904 3.04922101
 3.05585728 3.05636338 3.05349972 3.05756386 3.04653584 3.05356054
 3.04653316 3.05011813 3.05845249 3.05117507 3.05628493 3.0566872
 3.05813747 3.05835921 3.05068597 3.05481001 3.05373516 3.05140242
 3.05413889 3.05063133 3.05279573 3.05142132 3.05738236 3.05631331
 3.05658498 3.05601404 3.0552024  3.05024254 3.05062816 3.05605951
 3.04648598 3.04968894 3.04673706 3.05133275 3.05375126 3.05382255
 3.05133974 3.05161681 3.05016885 3.05555372 3.05073424 3.04890835
 3.0473107  3.05158592 3.05322037 3.04926338 3.0495366  3.05015386
 3.05255104 3.05255611 3.0540563  3.05364269 3.04612073 3.05067104
 3.05374768 3.05353405 3.05078482 3.05162718 3.05400308 3.05174268
 3.05107266 3.05065219 3.05233866 3.05723612 3.05075282 3.05120355
 3.05406978 3.05683366 3.05653809 3.05176242 3.05314687 3.05508378
 3.04707364 3.04828242 3.05139977 3.05358495 3.0511771  3.0553148
 3.0553424  3.05238454 3.04739927 3.04813955 3.05148822 3.0500937
 3.04825983 3.05794585 3.04694608 3.05510774 3.0517142  3.05159335
 3.05079333 3.04955322 3.05386054 3.05119593 3.05197453 3.04959977
 3.05635581 3.05440853 3.0513685  3.04982528 3.04954151 3.05717574
 3.05104939 3.05169829 3.05412688 3.04805979 3.05601291 3.05820682
 3.05206411 3.04832987 3.04954947 3.04669738 3.05207503 3.04978649
 3.05332241 3.05141261 3.05412959 3.04580003 3.04448109 3.05303031
 3.04866135 3.05373548 3.05238405 3.05507931 3.05281257 3.05158919
 3.0521934  3.05324158 3.05266218 3.05340318 3.05633613 3.04911638
 3.05080356 3.05389116 3.05672621 3.04685817 3.05034847 3.05183414
 3.04775049 3.05362833 3.0546705  3.05734789 3.05045294 3.05157609
 3.04886438 3.05226148 3.048197   3.05131114 3.05056397 3.05661574
 3.04759592 3.05258347 3.05169734 3.0580064  3.05832238 3.05633295
 3.0574346  3.04509131 3.05293485 3.04963832 3.04706398 3.05010218
 3.05231398 3.0540254  3.05042056 3.04956623 3.04937955 3.0535419
 3.05825076 3.05342997 3.05845415 3.04988049 3.05278232 3.05202432
 3.05691459 3.05740917 3.05269838 3.05375378 3.05186897 3.04776292
 3.04818789 3.05279788 3.05082093 3.06007965 3.05413147 3.05230616
 3.05125421 3.04873745 3.05833465 3.05294048 3.05355127 3.05484808
 3.0441376  3.05335387 3.05423783 3.0567617  3.05381174 3.04556771
 3.05667839 3.0527085  3.05254333 3.05332517 3.05201921 3.05072528
 3.04833612 3.04587422 3.05370475 3.05537449 3.05005528 3.05385217
 3.05102989 3.04833108 3.05575599 3.05768236 3.05017391 3.05066443
 3.05701918 3.05555654 3.05749168 3.05273189 3.04987021 3.05335985
 3.05508508 3.05588075 3.0536063  3.04813324 3.05352637 3.05158898
 3.04837781 3.05181044 3.04513036 3.05090555 3.04756499 3.05313849
 3.04731568 3.05892844 3.05182432 3.05036238 3.0528306  3.05336932
 3.05375069 3.04933957 3.05107134 3.04880033 3.05150025 3.04437229
 3.05343881 3.05272921 3.06005377 3.05548542 3.05401064 3.05372822
 3.05699805 3.0486816  3.04871772 3.05334709 3.05303161 3.04968754
 3.05115958 3.04929036 3.05613304 3.04880056 3.05416271 3.05796739
 3.05346556 3.05037656 3.0534937  3.05489583 3.05041571 3.0539719
 3.05395628 3.05159398 3.05782472 3.04856379 3.05568631 3.05522913
 3.05323051 3.05233429 3.05494834 3.05631441 3.05367486 3.05231435
 3.05345607 3.0535475  3.05408989 3.05095514 3.04959817 3.05233331
 3.05300864 3.04657596 3.05339339 3.05119005 3.05767687 3.05302144
 3.04520906 3.05058343 3.0524515  3.05330119 3.05205989 3.05629952
 3.0515969  3.04803328 3.05041702 3.05618593 3.05434401 3.05109505
 3.04692202 3.05626591 3.05702137 3.05169162 3.05592246 3.04893412
 3.04956687 3.05181606 3.05435296 3.05342418 3.05264623 3.04673572
 3.05359703 3.05571961 3.05312199 3.05318479 3.05030001 3.05557483
 3.05180103 3.05428901 3.05172071 3.05625682 3.05439124 3.05601686
 3.05118445 3.05396584 3.04874619 3.05017873 3.05039161 3.0513215
 3.06063784 3.05477001 3.05164049 3.05169267 3.05463963 3.05289875
 3.04950968 3.05602621 3.05926728 3.04895856 3.05267169 3.05345557
 3.05157162 3.05629199 3.05162134 3.05048582 3.0524371  3.04939899
 3.05652142 3.05516297 3.05246438 3.05074674 3.05813901 3.05188892
 3.057837   3.05367383 3.05500625 3.05051401 3.05729023 3.05128424
 3.0509452  3.05199439 3.04873087 3.0503122  3.05637901 3.04900774
 3.05118612 3.04949253 3.05392419 3.05171893 3.05086009 3.04936849
 3.05691914 3.05625188 3.05365268 3.04890844 3.05263504 3.051915
 3.06152783 3.05404444 3.04850055 3.05121591 3.0506561  3.05021996
 3.05212184 3.04632189 3.05333441 3.05053635 3.05320778 3.04788956
 3.05439717 3.05518576 3.05415262 3.05381325 3.04463296 3.05218559
 3.05905966 3.05278272 3.05249483 3.05159452 3.05777994 3.05538492
 3.05320059 3.0502522  3.05206071 3.05429138 3.05103025 3.04400374
 3.05664423 3.05402065 3.04960333 3.05079013]",470
GS8,,,,,,3.37,0.036,"['S', 'K', 'G', 'E', 'E', 'L', 'F', 'T', 'G', 'V', 'V', 'P', 'I', 'L', 'V', 'E', 'L', 'D', 'G', 'D', 'V', 'N', 'G', 'H', 'K', 'F', 'S', 'V', 'S', 'G', 'E', 'G', 'E', 'G', 'D', 'A', 'T', 'Y', 'G', 'K', 'L', 'T', 'L', 'K', 'F', 'I', 'C', 'T', 'T', 'G', 'K', 'L', 'P', 'V', 'P', 'W', 'P', 'T', 'L', 'V', 'T', 'T', 'L', 'S', 'W', 'G', 'V', 'Q', 'C', 'F', 'A', 'R', 'Y', 'P', 'D', 'H', 'M', 'K', 'Q', 'H', 'D', 'F', 'F', 'K', 'S', 'A', 'M', 'P', 'E', 'G', 'Y', 'V', 'Q', 'E', 'R', 'T', 'I', 'F', 'F', 'K', 'D', 'D', 'G', 'N', 'Y', 'K', 'T', 'R', 'A', 'E', 'V', 'K', 'F', 'E', 'G', 'D', 'T', 'L', 'V', 'N', 'R', 'I', 'E', 'L', 'K', 'G', 'I', 'D', 'F', 'K', 'E', 'D', 'G', 'N', 'I', 'L', 'G', 'H', 'K', 'L', 'E', 'Y', 'N', 'Y', 'F', 'S', 'D', 'N', 'V', 'Y', 'I', 'T', 'A', 'D', 'K', 'Q', 'K', 'N', 'G', 'I', 'K', 'A', 'N', 'F', 'K', 'I', 'R', 'H', 'N', 'I', 'E', 'D', 'G', 'G', 'V', 'Q', 'L', 'A', 'D', 'H', 'Y', 'Q', 'Q', 'N', 'T', 'P', 'I', 'G', 'D', 'G', 'P', 'V', 'L', 'L', 'P', 'D', 'N', 'H', 'Y', 'L', 'S', 'T', 'Q', 'S', 'K', 'L', 'S', 'K', 'D', 'P', 'N', 'E', 'K', 'R', 'D', 'H', 'M', 'V', 'L', 'L', 'E', 'F', 'V', 'T', 'A', 'A', 'G', 'I', 'T', 'L', 'G', 'M', 'D', 'E', 'L', 'Y', 'K', 'E', 'G', 'L', 'S', 'G', 'S', 'G', 'S', 'G', 'S', 'G', 'S', 'G', 'S', 'G', 'S', 'G', 'S', 'G', 'S', 'K', 'L', 'M', 'V', 'S', 'K', 'G', 'E', 'E', 'D', 'N', 'M', 'A', 'S', 'L', 'P', 'A', 'T', 'H', 'E', 'L', 'H', 'I', 'F', 'G', 'S', 'I', 'N', 'G', 'V', 'D', 'F', 'D', 'M', 'V', 'G', 'Q', 'G', 'T', 'G', 'N', 'P', 'N', 'D', 'G', 'Y', 'E', 'E', 'L', 'N', 'L', 'K', 'S', 'T', 'K', 'G', 'D', 'L', 'Q', 'F', 'S', 'P', 'W', 'I', 'L', 'V', 'P', 'H', 'I', 'G', 'Y', 'G', 'F', 'H', 'Q', 'Y', 'L', 'P', 'Y', 'P', 'D', 'G', 'M', 'S', 'P', 'F', 'Q', 'A', 'A', 'M', 'V', 'D', 'G', 'S', 'G', 'Y', 'Q', 'V', 'H', 'R', 'T', 'M', 'Q', 'F', 'E', 'D', 'G', 'A', 'S', 'L', 'T', 'V', 'N', 'Y', 'R', 'Y', 'T', 'Y', 'E', 'G', 'S', 'H', 'I', 'K', 'G', 'E', 'A', 'Q', 'V', 'K', 'G', 'T', 'G', 'F', 'P', 'A', 'D', 'G', 'P', 'V', 'M', 'T', 'N', 'S', 'L', 'T', 'A', 'A', 'D', 'W', 'C', 'R', 'S', 'K', 'K', 'T', 'Y', 'P', 'N', 'D', 'K', 'T', 'I', 'I', 'S', 'T', 'F', 'K', 'W', 'S', 'Y', 'T', 'T', 'G', 'N', 'G', 'K', 'R', 'Y', 'R', 'S', 'T', 'A', 'R', 'T', 'T', 'Y', 'T', 'F', 'A', 'K', 'P', 'M', 'A', 'A', 'N', 'Y', 'L', 'K', 'N', 'Q', 'P', 'M', 'Y', 'V', 'F', 'R', 'K', 'T', 'E', 'L', 'K', 'H', 'S', 'K', 'T', 'E', 'L', 'N', 'F', 'K', 'E', 'W', 'Q', 'K', 'A', 'F', 'T', 'D']",,0.15,,,7.4,,,293.15,,,3.233971283740495,"[3.23868342 3.23629124 3.2346581  3.22876753 3.23761149 3.24152466
 3.23472767 3.24375357 3.23591811 3.23902639 3.23048873 3.23168865
 3.23761239 3.23804816 3.2314956  3.23131165 3.23774648 3.23198981
 3.2280477  3.24342602 3.23051163 3.23733048 3.2336316  3.2358749
 3.2323689  3.2326634  3.23108584 3.23402749 3.23869076 3.22980112
 3.23652672 3.23314896 3.23838307 3.23371712 3.23494334 3.24064249
 3.23516666 3.23707962 3.23298991 3.23646571 3.23199891 3.23778964
 3.23093793 3.23453708 3.23668722 3.23588258 3.23943935 3.23041422
 3.23439874 3.22935248 3.23507184 3.23098502 3.22924272 3.23447815
 3.23523105 3.23343834 3.23228216 3.23217953 3.23526186 3.24136169
 3.23193392 3.24114657 3.22922969 3.23141919 3.23457382 3.23033635
 3.24622597 3.23587352 3.23437083 3.22742676 3.22911277 3.23121262
 3.23138736 3.22394799 3.24070161 3.22845318 3.23533535 3.23466321
 3.23208769 3.23619271 3.2299439  3.22781203 3.23775738 3.23353803
 3.23676366 3.22693907 3.2375433  3.23544855 3.23603004 3.23385038
 3.23684934 3.23480338 3.23533465 3.23393333 3.23476541 3.23956809
 3.23650579 3.23369862 3.23548246 3.23481617 3.23627156 3.23052661
 3.23564941 3.23123559 3.23137053 3.2317749  3.22860616 3.22841424
 3.23459981 3.23279737 3.2365412  3.23150505 3.23689962 3.23880436
 3.23018989 3.23212084 3.22771723 3.23771802 3.23184086 3.22655228
 3.22972428 3.23492802 3.2421289  3.23026129 3.23050405 3.23825597
 3.23904189 3.23384247 3.23412863 3.24174573 3.24071121 3.23153046
 3.22496907 3.23510448 3.23761724 3.23565511 3.23367637 3.23261124
 3.23679366 3.23884097 3.23277218 3.23431904 3.22694658 3.23519126
 3.23811018 3.23219589 3.24289617 3.22442308 3.23376146 3.22980586
 3.23614548 3.23390755 3.23569838 3.23566165 3.22793058 3.22980617
 3.22946475 3.24233101 3.23571932 3.23004693 3.23331095 3.23197491
 3.23356276 3.23377465 3.2386848  3.23801842 3.23329265 3.23211575
 3.23678656 3.23284317 3.23755389 3.2394613  3.22702385 3.23000491
 3.22998595 3.23544729 3.23632792 3.23031681 3.23761614 3.23066538
 3.23374475 3.23619719 3.22729589 3.23442018 3.23212679 3.2342751
 3.23570587 3.23231169 3.23818218 3.23665874 3.23372461 3.23419738
 3.23533429 3.23161304 3.23875245 3.23403543 3.23302834 3.23548979
 3.23338721 3.23247439 3.22748397 3.23680915 3.24428777 3.23162198
 3.23462943 3.23030673 3.23925172 3.23274762 3.23124232 3.23009263
 3.23890506 3.23757411 3.23737429 3.23259659 3.23890708 3.23816136
 3.2337161  3.23481453 3.2333515  3.23510175 3.23210353 3.23296951
 3.2308234  3.22964854 3.23984719 3.22922112 3.23589277 3.23165632
 3.23913967 3.23326055 3.22971663 3.24200711 3.23468117 3.23548612
 3.23424958 3.22936969 3.23546352 3.23659931 3.23318415 3.23532711
 3.22932018 3.24226151 3.23670853 3.23016442 3.23430316 3.23787681
 3.23752485 3.23737184 3.23035578 3.2396918  3.2357442  3.23328191
 3.23093706 3.23217466 3.2325222  3.23277695 3.23238758 3.22855868
 3.23380419 3.22322545 3.23456946 3.23386506 3.23589445 3.22733975
 3.23009293 3.23363984 3.233752   3.2391357  3.23321288 3.22505221
 3.23356128 3.23624084 3.23037988 3.24213335 3.24023721 3.22981742
 3.2368192  3.23827128 3.23009574 3.23122965 3.23116617 3.23858738
 3.23300843 3.23406284 3.23177268 3.22714938 3.22992629 3.2404505
 3.23114869 3.23542379 3.22709855 3.23599164 3.23858211 3.24287078
 3.23323785 3.23316093 3.22641951 3.23725691 3.23593399 3.23055404
 3.23620832 3.2311614  3.22936123 3.23161711 3.23665966 3.23688714
 3.23674244 3.23617382 3.24310999 3.23665944 3.22662289 3.23271929
 3.23871052 3.23257086 3.23753171 3.23610881 3.22542087 3.23845759
 3.23001886 3.23895275 3.23375536 3.23441326 3.23591322 3.23091631
 3.23736188 3.23487398 3.23175548 3.23464432 3.23790433 3.23103894
 3.23489593 3.23652474 3.22780725 3.23221829 3.23185237 3.2359705
 3.23218469 3.23336031 3.23023548 3.23814365 3.24241778 3.2396995
 3.23880019 3.23399526 3.23686003 3.23679063 3.22898265 3.23506643
 3.23198385 3.2354041  3.23799291 3.23860608 3.23259918 3.2354656
 3.23597466 3.22688654 3.23441684 3.23911138 3.2359939  3.22493323
 3.23477791 3.2384346  3.23793133 3.23721219 3.22985412 3.23147732
 3.23214931 3.23624687 3.23561528 3.23722596 3.22962887 3.23301277
 3.23244615 3.23152949 3.24079092 3.23325565 3.23500632 3.22968545
 3.23405164 3.22805645 3.23487195 3.23007436 3.23869737 3.22964689
 3.23342916 3.23226228 3.23790163 3.23472823 3.23229834 3.23621154
 3.2275816  3.23562328 3.23359284 3.23351696 3.2378967  3.23454567
 3.23097328 3.23704616 3.23071503 3.24057501 3.2347378  3.23331337
 3.24411695 3.23539022 3.23544312 3.23300333 3.23704461 3.23242008
 3.23647839 3.23433109 3.23483805 3.23888709 3.23798287 3.23556603
 3.23498967 3.23600122 3.23167849 3.23402173 3.23669885 3.22998393
 3.23397951 3.23856214 3.23064822 3.23756092 3.23257657 3.23366711
 3.22797359 3.23408112 3.23453927 3.23284054 3.24016666 3.23166559
 3.23715727 3.23663668 3.23714844 3.2306997  3.2311144  3.23282667
 3.23974639 3.23249189 3.23900646 3.23443811 3.2309854  3.23469358
 3.23366836 3.22635555 3.23678787 3.2361157  3.23013277 3.23036391
 3.23182738 3.23659748 3.22995158 3.23099399 3.2342257  3.23205921
 3.23331756 3.23236229 3.23389163 3.23508178 3.23382455 3.23197255
 3.23828264 3.2356546  3.24259297 3.2411013  3.23191913 3.23536368
 3.23997579 3.24185724 3.23178779 3.23213031 3.23529541 3.23980703
 3.22813831 3.23171982 3.24076452 3.22648474 3.23517678 3.23359058
 3.23680792 3.23367548 3.22932345 3.23673435 3.22992169 3.23582779
 3.23872388 3.23563589 3.23334561 3.24162245 3.232451   3.22619954
 3.23697552 3.23610719 3.24059514 3.23772424 3.23305915 3.23605896
 3.24170823 3.2327539  3.24277256 3.23429309 3.23925071 3.23348459
 3.23383518 3.23617787 3.22771269 3.23187297 3.24253675 3.2313404
 3.22963204 3.23650632 3.23714876 3.23205838 3.23138999 3.23746135
 3.22966567 3.23841794 3.23705959 3.23385654 3.22956402 3.23261767
 3.23767612 3.23756471 3.23424326 3.23698242 3.23405843 3.23463822
 3.2363058  3.23271089 3.23467909 3.23858843 3.23691443 3.23525798
 3.2289468  3.23088806 3.24391308 3.23774984 3.23998522 3.23611059
 3.23635959 3.23060113 3.23112261 3.23079508 3.23149196 3.23316446
 3.23737144 3.2398341  3.2320505  3.22972409 3.23786595 3.23332503
 3.23613243 3.23505304 3.24121964 3.23476889 3.23818456 3.23761586
 3.23093103 3.2355941  3.23700385 3.23881123 3.23388652 3.2353033
 3.23640971 3.23685356 3.23455717 3.24118952 3.23185499 3.23639597
 3.23586477 3.22829031 3.24002272 3.23930393 3.23411736 3.2342198
 3.22480546 3.24271684 3.23193203 3.23737289 3.22853729 3.23289601
 3.22919656 3.23539591 3.23331155 3.2311243  3.23579709 3.23046757
 3.22906739 3.24148501 3.23554678 3.24082381 3.23486181 3.23758521
 3.23740817 3.23634265 3.23637618 3.23287965 3.2319173  3.2379787
 3.23521746 3.23305019 3.23095692 3.23689599 3.23162862 3.22729177
 3.23114241 3.24140615 3.23750817 3.23436397 3.22778196 3.2315826
 3.23606346 3.23192076 3.22993236 3.23705215 3.22812919 3.23602061
 3.23539582 3.23211824 3.23013948 3.23541479 3.23285365 3.23658561
 3.22904461 3.22959288 3.23483509 3.23813013 3.23005005 3.23212857
 3.22933613 3.23125283 3.2271271  3.23615499 3.23397013 3.23234424
 3.23402437 3.23323964 3.23255214 3.23070343 3.23841385 3.23151858
 3.23275075 3.2363387  3.23761523 3.23831062 3.23121398 3.23180903
 3.22664378 3.23398905 3.23287166 3.22862559 3.2389016  3.23290609
 3.23882334 3.23672998 3.23961643 3.23955949 3.23915507 3.23679562
 3.2341484  3.2342849  3.23718437 3.23646589 3.23512909 3.23971571
 3.23431352 3.23216145 3.23820385 3.23066226 3.23411492 3.23508829
 3.23498759 3.23763325 3.23653936 3.23535961 3.23604009 3.22994699
 3.23454476 3.23402431 3.23460318 3.23360293 3.23453396 3.23001043
 3.231991   3.22902162 3.23687306 3.23780204 3.2356682  3.23223773
 3.22925757 3.23256219 3.23106224 3.23945645 3.23775139 3.23048279
 3.22928482 3.23805196 3.23495761 3.2323427  3.23804257 3.23926075
 3.23344864 3.23811886 3.23165423 3.23059483 3.23401048 3.23353043
 3.23062863 3.23753332 3.22856741 3.23221409 3.23172498 3.24032258
 3.23882254 3.23172584 3.23232114 3.23568966 3.23287646 3.24308215
 3.23589091 3.23079375 3.23711933 3.23741401 3.23806406 3.23236836
 3.23189894 3.23421635 3.2344104  3.23060799 3.23047052 3.23134601
 3.22999562 3.23818904 3.22650265 3.23586208 3.23107398 3.23501141
 3.22722417 3.23578133 3.23750666 3.23422437 3.23293771 3.24159224
 3.23749772 3.23430838 3.23078554 3.23297843 3.23529756 3.23016663
 3.23706357 3.22985699 3.23458499 3.23746422 3.23412226 3.2282321
 3.23600585 3.23508724 3.23308778 3.22932483 3.22850016 3.23157787
 3.23183901 3.22786046 3.23333809 3.2350477  3.23362606 3.2421226
 3.23553749 3.22947112 3.23497016 3.23809674 3.23196112 3.22651628
 3.23372317 3.23285622 3.22953549 3.24078299 3.23198477 3.23269692
 3.23036173 3.23295497 3.23565595 3.23351502 3.23413253 3.23049649
 3.23141594 3.23782005 3.23668626 3.22869297 3.23381867 3.23775208
 3.23260984 3.23292258 3.230651   3.23573419 3.23827462 3.23149732
 3.23193883 3.23121087 3.23541269 3.23593093 3.23546042 3.23513896
 3.23928087 3.23650031 3.23717656 3.23834971 3.23959914 3.23188146
 3.23264978 3.2324865  3.23636557 3.24178944 3.23963708 3.23478723
 3.23488338 3.23871877 3.22721194 3.24042818 3.23628294 3.23658945
 3.22760396 3.22811298 3.22926369 3.22814004 3.23600342 3.22784061
 3.23562426 3.23607101 3.23348943 3.23304744 3.23833225 3.23640745
 3.23414064 3.23103157 3.23926456 3.23552508 3.23953505 3.23005192
 3.24128031 3.23024144 3.23702843 3.23256965 3.23429367 3.23720357
 3.22775099 3.23796356 3.23329822 3.22999506 3.23366855 3.23558971
 3.24155211 3.23304628 3.22834532 3.24053938 3.23727811 3.23629912
 3.23358707 3.23795885 3.24041344 3.23627061 3.22865492 3.23041408
 3.2383743  3.23175713 3.24458765 3.23460125 3.23933823 3.22802226
 3.2346641  3.24315001 3.23578183 3.23581127 3.23667738 3.23662204
 3.23471917 3.23258525 3.23486451 3.23172126 3.23278038 3.22986187
 3.23213202 3.23569218 3.23900103 3.2356971  3.23943267 3.23555125
 3.23746245 3.2411621  3.23316529 3.23011106 3.23005308 3.24215454
 3.23948058 3.23547019 3.22997057 3.23433261 3.23340632 3.23473948
 3.23304455 3.23655123 3.23427373 3.22997007 3.23587526 3.23358245
 3.23791705 3.23345407 3.23648668 3.23753731 3.2405462  3.23627686
 3.23275179 3.23376374 3.2338357  3.23961379 3.23395729 3.22863818
 3.23866926 3.23360288 3.22843745 3.23250054 3.23051818 3.24027606
 3.23455996 3.23550852 3.2368155  3.23472186 3.2345571  3.22986934
 3.22934478 3.23177417 3.224564   3.23906482 3.23147629 3.23176394
 3.23410239 3.23235994 3.22318442 3.23443747 3.23337991 3.23510904
 3.23087523 3.22784885 3.24131871 3.23307838 3.23536885 3.23617777
 3.2424732  3.23719393 3.22919174 3.23728856 3.22460311 3.23097996
 3.23007498 3.23598893 3.23364065 3.23680904 3.2372701  3.23330681
 3.23633672 3.22963925 3.23227583 3.23202693 3.24273046 3.23507821
 3.22582526 3.2324713  3.23969842 3.22709882 3.2379699  3.23388467
 3.23000926 3.2311048  3.22850883 3.23614695 3.2338024  3.22555941
 3.23860669 3.23966841 3.23400001 3.23406774 3.23010578 3.22830273
 3.2381352  3.23459378 3.23614645 3.23641933 3.23732543 3.23689727
 3.23249801 3.23755395 3.22794754 3.23192707 3.23523806 3.2313245
 3.23163674 3.23317425 3.23212821 3.23850349]",486
GS16,,,,,,3.45,0.06,"['S', 'K', 'G', 'E', 'E', 'L', 'F', 'T', 'G', 'V', 'V', 'P', 'I', 'L', 'V', 'E', 'L', 'D', 'G', 'D', 'V', 'N', 'G', 'H', 'K', 'F', 'S', 'V', 'S', 'G', 'E', 'G', 'E', 'G', 'D', 'A', 'T', 'Y', 'G', 'K', 'L', 'T', 'L', 'K', 'F', 'I', 'C', 'T', 'T', 'G', 'K', 'L', 'P', 'V', 'P', 'W', 'P', 'T', 'L', 'V', 'T', 'T', 'L', 'S', 'W', 'G', 'V', 'Q', 'C', 'F', 'A', 'R', 'Y', 'P', 'D', 'H', 'M', 'K', 'Q', 'H', 'D', 'F', 'F', 'K', 'S', 'A', 'M', 'P', 'E', 'G', 'Y', 'V', 'Q', 'E', 'R', 'T', 'I', 'F', 'F', 'K', 'D', 'D', 'G', 'N', 'Y', 'K', 'T', 'R', 'A', 'E', 'V', 'K', 'F', 'E', 'G', 'D', 'T', 'L', 'V', 'N', 'R', 'I', 'E', 'L', 'K', 'G', 'I', 'D', 'F', 'K', 'E', 'D', 'G', 'N', 'I', 'L', 'G', 'H', 'K', 'L', 'E', 'Y', 'N', 'Y', 'F', 'S', 'D', 'N', 'V', 'Y', 'I', 'T', 'A', 'D', 'K', 'Q', 'K', 'N', 'G', 'I', 'K', 'A', 'N', 'F', 'K', 'I', 'R', 'H', 'N', 'I', 'E', 'D', 'G', 'G', 'V', 'Q', 'L', 'A', 'D', 'H', 'Y', 'Q', 'Q', 'N', 'T', 'P', 'I', 'G', 'D', 'G', 'P', 'V', 'L', 'L', 'P', 'D', 'N', 'H', 'Y', 'L', 'S', 'T', 'Q', 'S', 'K', 'L', 'S', 'K', 'D', 'P', 'N', 'E', 'K', 'R', 'D', 'H', 'M', 'V', 'L', 'L', 'E', 'F', 'V', 'T', 'A', 'A', 'G', 'I', 'T', 'L', 'G', 'M', 'D', 'E', 'L', 'Y', 'K', 'E', 'G', 'L', 'S', 'G', 'S', 'G', 'S', 'G', 'S', 'G', 'S', 'G', 'S', 'G', 'S', 'G', 'S', 'G', 'S', 'G', 'S', 'G', 'S', 'G', 'S', 'G', 'S', 'G', 'S', 'G', 'S', 'G', 'S', 'G', 'S', 'K', 'L', 'M', 'V', 'S', 'K', 'G', 'E', 'E', 'D', 'N', 'M', 'A', 'S', 'L', 'P', 'A', 'T', 'H', 'E', 'L', 'H', 'I', 'F', 'G', 'S', 'I', 'N', 'G', 'V', 'D', 'F', 'D', 'M', 'V', 'G', 'Q', 'G', 'T', 'G', 'N', 'P', 'N', 'D', 'G', 'Y', 'E', 'E', 'L', 'N', 'L', 'K', 'S', 'T', 'K', 'G', 'D', 'L', 'Q', 'F', 'S', 'P', 'W', 'I', 'L', 'V', 'P', 'H', 'I', 'G', 'Y', 'G', 'F', 'H', 'Q', 'Y', 'L', 'P', 'Y', 'P', 'D', 'G', 'M', 'S', 'P', 'F', 'Q', 'A', 'A', 'M', 'V', 'D', 'G', 'S', 'G', 'Y', 'Q', 'V', 'H', 'R', 'T', 'M', 'Q', 'F', 'E', 'D', 'G', 'A', 'S', 'L', 'T', 'V', 'N', 'Y', 'R', 'Y', 'T', 'Y', 'E', 'G', 'S', 'H', 'I', 'K', 'G', 'E', 'A', 'Q', 'V', 'K', 'G', 'T', 'G', 'F', 'P', 'A', 'D', 'G', 'P', 'V', 'M', 'T', 'N', 'S', 'L', 'T', 'A', 'A', 'D', 'W', 'C', 'R', 'S', 'K', 'K', 'T', 'Y', 'P', 'N', 'D', 'K', 'T', 'I', 'I', 'S', 'T', 'F', 'K', 'W', 'S', 'Y', 'T', 'T', 'G', 'N', 'G', 'K', 'R', 'Y', 'R', 'S', 'T', 'A', 'R', 'T', 'T', 'Y', 'T', 'F', 'A', 'K', 'P', 'M', 'A', 'A', 'N', 'Y', 'L', 'K', 'N', 'Q', 'P', 'M', 'Y', 'V', 'F', 'R', 'K', 'T', 'E', 'L', 'K', 'H', 'S', 'K', 'T', 'E', 'L', 'N', 'F', 'K', 'E', 'W', 'Q', 'K', 'A', 'F', 'T', 'D']",,0.15,,,7.4,,,293.15,,,3.3337295844975063,"[3.33856866 3.32890644 3.33683822 3.33665847 3.33152639 3.3374401
 3.33067996 3.33650963 3.32941654 3.33430101 3.33421949 3.32992306
 3.33118836 3.32933788 3.3349323  3.33289804 3.33450941 3.33206464
 3.3420401  3.34177518 3.32994352 3.32936204 3.3321816  3.33135632
 3.330225   3.32739545 3.33474036 3.33881593 3.33460776 3.33981054
 3.33621956 3.32846937 3.32826301 3.33457615 3.33390952 3.33480997
 3.33619702 3.33437615 3.33270858 3.33251081 3.32791362 3.33093817
 3.33514746 3.32514307 3.32997614 3.32674767 3.3333053  3.33123824
 3.33425202 3.33005223 3.32891752 3.33574079 3.33038227 3.34572655
 3.33248675 3.33546924 3.33049659 3.33230567 3.3285037  3.33133059
 3.32927601 3.33134402 3.33809996 3.34003478 3.3286673  3.3339978
 3.32885966 3.33658946 3.32613368 3.33834364 3.33011889 3.33688478
 3.33072553 3.33197338 3.33345143 3.33484558 3.34010642 3.33642151
 3.33368573 3.3352049  3.33768963 3.32985444 3.33545792 3.33445415
 3.33659765 3.33575459 3.33383731 3.32751581 3.3219328  3.33291982
 3.32999783 3.33538825 3.32850225 3.32815327 3.3239253  3.33477754
 3.34413071 3.33647036 3.33465964 3.33462913 3.3314104  3.3339419
 3.3302496  3.32564615 3.33104395 3.33087403 3.3310129  3.3389911
 3.3295607  3.3348718  3.33335601 3.32646072 3.33460203 3.32932629
 3.33917015 3.33724291 3.33544644 3.33303102 3.34211629 3.33860557
 3.33758186 3.33820875 3.33341891 3.33223942 3.34622551 3.32859027
 3.32887125 3.33119008 3.33399557 3.32965627 3.33028532 3.32807636
 3.33153374 3.3310276  3.33615384 3.33183864 3.33452919 3.32680293
 3.33147799 3.33787711 3.33191178 3.33973259 3.33392705 3.33026694
 3.34193366 3.3370864  3.33510561 3.33022491 3.33764623 3.33377652
 3.33219586 3.32900109 3.34055169 3.33116856 3.33140989 3.33283692
 3.33994939 3.33110483 3.32920582 3.33717131 3.33462231 3.33652991
 3.3288154  3.33381448 3.33414445 3.3373142  3.33798216 3.33884315
 3.33865934 3.33371935 3.32990218 3.33526373 3.33657722 3.32898148
 3.33627461 3.33057345 3.33698706 3.33568675 3.33653976 3.34030192
 3.33299801 3.32710238 3.33357034 3.33873785 3.33391796 3.33647563
 3.33296624 3.33497475 3.3381772  3.33744376 3.33307318 3.34338809
 3.33563728 3.32669005 3.33828485 3.33588053 3.34452125 3.33538695
 3.32959004 3.33412223 3.32577427 3.33002454 3.33499592 3.3417511
 3.33100274 3.33439362 3.33565263 3.3257308  3.33528385 3.33345607
 3.33705074 3.33021051 3.33168695 3.33579182 3.33708716 3.3329086
 3.33942191 3.34378952 3.33231143 3.33117175 3.33314547 3.33569889
 3.32714905 3.33883117 3.33425358 3.32791477 3.33644172 3.33488947
 3.33652051 3.33688409 3.3384123  3.32727078 3.33430209 3.33677962
 3.33322113 3.33252483 3.33173727 3.33245643 3.33697533 3.33207057
 3.33626367 3.33755045 3.33582788 3.33300559 3.33922063 3.33633415
 3.33130345 3.33899709 3.33171099 3.33467259 3.32705947 3.33475948
 3.32976145 3.33344947 3.34004877 3.32903209 3.32760124 3.33575192
 3.33494604 3.34266913 3.33480288 3.32381219 3.33655258 3.33590349
 3.33333336 3.33705369 3.33168502 3.34325201 3.3318708  3.33255656
 3.32818786 3.33722739 3.32972658 3.33957245 3.33189125 3.33141473
 3.33487662 3.33327004 3.33545455 3.33989976 3.32737422 3.33041555
 3.3281812  3.32684029 3.3339105  3.34020205 3.33531681 3.33241635
 3.33404515 3.33326198 3.33333974 3.33328385 3.33353202 3.33502021
 3.33048627 3.3348722  3.33546855 3.33532557 3.32610266 3.33749267
 3.33286441 3.33046828 3.32978643 3.33077045 3.33546057 3.34372789
 3.3357294  3.33725143 3.32989918 3.34483602 3.32924334 3.32723908
 3.33380195 3.32977521 3.33131174 3.32783603 3.3358321  3.33069253
 3.32948612 3.33937423 3.33913481 3.33007165 3.33399895 3.3297532
 3.33660597 3.33021973 3.33149607 3.33638961 3.33588505 3.32527565
 3.33500497 3.34162298 3.33392089 3.3307708  3.33043116 3.33252074
 3.33844217 3.33599678 3.33226506 3.33764154 3.32597081 3.3346435
 3.33286571 3.32731694 3.33557708 3.3324568  3.33710597 3.33478304
 3.33752773 3.33065237 3.33562    3.33847644 3.33101509 3.32986586
 3.34287203 3.33758155 3.33944747 3.33216704 3.33911975 3.33138588
 3.33646954 3.33120818 3.34110665 3.33822998 3.33135295 3.33488519
 3.33449383 3.33003425 3.33525662 3.33575417 3.33461213 3.32896726
 3.33714118 3.33209532 3.33232687 3.33894505 3.32991869 3.32637511
 3.33241308 3.33641104 3.32857836 3.33327345 3.33201922 3.33425225
 3.32808442 3.32695196 3.33272837 3.34137172 3.33366454 3.32652779
 3.33040357 3.32953068 3.33640864 3.33754429 3.33383807 3.33819489
 3.32790966 3.33453775 3.33556433 3.34103818 3.33779399 3.32966608
 3.33171362 3.33029098 3.33454017 3.33456157 3.3331609  3.33746166
 3.33872801 3.3260293  3.33090389 3.32807256 3.33117864 3.33137912
 3.33202314 3.33176209 3.32696058 3.33039294 3.33833157 3.33103374
 3.33260701 3.32683262 3.33535727 3.32953656 3.33521023 3.33155065
 3.3367833  3.33172571 3.33413011 3.32623601 3.3452519  3.33317215
 3.34131917 3.32943661 3.33007489 3.34273175 3.32909915 3.32811741
 3.33408243 3.33605669 3.33407441 3.33133064 3.33606195 3.3356003
 3.33352495 3.33469668 3.33111338 3.33818111 3.33219357 3.33913556
 3.33028318 3.33290766 3.33983755 3.32729231 3.3403917  3.33232029
 3.32951328 3.32914528 3.34017966 3.33164499 3.34294503 3.33274175
 3.32732225 3.32553621 3.33311195 3.33079749 3.33479311 3.33302815
 3.3397973  3.33120843 3.33067834 3.343064   3.33732669 3.33243912
 3.3360373  3.33897654 3.33444146 3.33941899 3.33175548 3.32043415
 3.32616904 3.32708979 3.33252163 3.33154269 3.32894552 3.33846399
 3.33682885 3.33105067 3.33985926 3.3418218  3.3343665  3.32948103
 3.337041   3.33017912 3.33744584 3.33334454 3.32938922 3.33123655
 3.33292139 3.33101966 3.33971914 3.34009656 3.32712553 3.34089846
 3.33726809 3.33331304 3.3322352  3.3422959  3.32951407 3.32906902
 3.33961405 3.33687229 3.33348355 3.3383067  3.34010723 3.33432555
 3.33777551 3.33534955 3.33041322 3.33601694 3.33452012 3.3356941
 3.33397743 3.33682796 3.33444699 3.33001432 3.33906594 3.32432253
 3.33297345 3.33541649 3.32937348 3.33593821 3.33229285 3.33584553
 3.33143832 3.3319986  3.33324954 3.33933117 3.33115036 3.33271695
 3.33435498 3.33420495 3.33321998 3.33569239 3.33687078 3.34200857
 3.34412475 3.33778611 3.32898441 3.32648832 3.3323737  3.32629597
 3.33416947 3.32971536 3.33073151 3.33106848 3.32798381 3.32891413
 3.33760098 3.33647709 3.32871198 3.34609887 3.33675747 3.33811348
 3.33124889 3.33410558 3.32632769 3.33597577 3.33011243 3.33313385
 3.32663822 3.33325073 3.33476297 3.33508231 3.33288483 3.3444657
 3.34181709 3.33269463 3.34197449 3.33507494 3.33179444 3.33046977
 3.3324006  3.32798933 3.32786643 3.33970686 3.33572854 3.33764974
 3.33410637 3.33077396 3.33773717 3.33043099 3.32623825 3.32956935
 3.336258   3.3336487  3.33838884 3.3331709  3.33446662 3.33853916
 3.32461531 3.33446966 3.33065322 3.33319586 3.32896187 3.33414378
 3.33092903 3.33008511 3.33165872 3.3372592  3.33167461 3.33604115
 3.33686613 3.33548119 3.33201278 3.33868336 3.3308492  3.33483902
 3.33641242 3.33344344 3.33539381 3.33110926 3.3403016  3.33212984
 3.3396563  3.3282632  3.32714529 3.33222717 3.33606618 3.33023786
 3.33577482 3.33089272 3.32815575 3.32986707 3.33683364 3.3294122
 3.33471838 3.33520934 3.33059437 3.33296082 3.33373407 3.33158324
 3.33314046 3.33665461 3.33461425 3.33789773 3.33051702 3.33532199
 3.33398246 3.33663882 3.33678584 3.33891004 3.33080824 3.3414906
 3.3371147  3.33830289 3.33674307 3.3343834  3.33310277 3.32664362
 3.33092946 3.33537708 3.32662796 3.33334966 3.33172875 3.32918369
 3.3365167  3.33445924 3.33628078 3.33292441 3.33770692 3.33857108
 3.33607976 3.32698136 3.33454292 3.33289082 3.3241974  3.33645209
 3.33744716 3.33346191 3.3294216  3.33555193 3.33134594 3.34083699
 3.3303824  3.33395895 3.33509735 3.33073984 3.33548484 3.33673538
 3.3411612  3.3320107  3.34065119 3.33283884 3.33558399 3.3342868
 3.333967   3.33969079 3.32544031 3.3369998  3.33975732 3.33081723
 3.33801381 3.33993595 3.33701718 3.334395   3.33929509 3.3376653
 3.33253626 3.33308159 3.33872275 3.33559037 3.32790092 3.33233296
 3.33666479 3.3411227  3.33541212 3.32944803 3.33121734 3.33533471
 3.33676757 3.33607529 3.33807823 3.33764134 3.33329953 3.33618579
 3.34082056 3.32747839 3.33990252 3.3344884  3.34216103 3.3284952
 3.33475051 3.3444246  3.33367877 3.32909109 3.32768141 3.33269777
 3.32465654 3.34019078 3.33630452 3.33256707 3.33186339 3.33915371
 3.32913148 3.33304719 3.34349851 3.3347531  3.33689629 3.34157158
 3.33301293 3.33669642 3.34276752 3.33086308 3.32850912 3.3369606
 3.34124738 3.34132781 3.32693102 3.33484289 3.32680264 3.33189896
 3.33248271 3.32319333 3.32972984 3.33918143 3.33044337 3.32592786
 3.33516245 3.32712585 3.33917383 3.32959852 3.33100802 3.33157232
 3.33358042 3.3318048  3.33185516 3.33391376 3.33703919 3.32763226
 3.33566898 3.33424945 3.3363463  3.33455677 3.33320547 3.33462579
 3.3339011  3.32932732 3.33367689 3.32907096 3.33017736 3.33995626
 3.3323762  3.3355866  3.33402643 3.33595301 3.33462309 3.33948947
 3.33630744 3.3337744  3.33962276 3.33253519 3.33955444 3.33096649
 3.33361033 3.34183785 3.3277712  3.33546195 3.32708278 3.33516906
 3.32940524 3.33586393 3.33557335 3.32951531 3.33256573 3.33358288
 3.33498898 3.33177312 3.3321665  3.33985547 3.3325226  3.32920882
 3.33855085 3.33435427 3.33089563 3.33213005 3.32820167 3.3304707
 3.33529862 3.33454129 3.33091491 3.33852301 3.33352421 3.33064605
 3.33520773 3.3371502  3.33298881 3.33983054 3.3335954  3.33237121
 3.32331018 3.33780385 3.33169501 3.32464999 3.33790216 3.33581617
 3.33111515 3.33611828 3.33240246 3.3356543  3.33140124 3.33027171
 3.33200907 3.33698453 3.33180898 3.33391748 3.33614331 3.33611748
 3.32771186 3.32987915 3.33682954 3.33760815 3.33719881 3.34005848
 3.34124924 3.33859702 3.33474457 3.33279069 3.33689714 3.33367457
 3.32967267 3.32826092 3.34068252 3.33412212 3.33489004 3.33755312
 3.3345584  3.33711565 3.34120945 3.32708899 3.33224312 3.33391893
 3.3240188  3.32793123 3.33829038 3.33581166 3.3357149  3.33535067
 3.3358837  3.33168143 3.33794443 3.330327   3.32817245 3.32767222
 3.33616543 3.3332266  3.33597746 3.33866314 3.33108907 3.33701209
 3.33359463 3.33780633 3.34542194 3.33237927 3.33731837 3.33166871
 3.32684458 3.33211706 3.33385624 3.32982535 3.33010008 3.33228525
 3.33238793 3.33759579 3.3366287  3.33132038 3.3340313  3.33660979
 3.33579895 3.33597409 3.32993412 3.33415419 3.33610699 3.33323245
 3.33931565 3.3324913  3.32553572 3.32333042 3.34080392 3.33808669
 3.33380177 3.33567578 3.3336783  3.33767678 3.33083445 3.33747438
 3.33469062 3.33235542 3.33314149 3.33349729 3.33009151 3.33266676
 3.33649273 3.3423606  3.32821058 3.33267068 3.33355035 3.33546289
 3.32983377 3.33404086 3.33755068 3.33319308 3.32910255 3.33210082
 3.33544413 3.34515513 3.33702923 3.34090972 3.32719548 3.33361935
 3.33638842 3.32738112 3.33341975 3.3414156  3.32302566 3.33470975
 3.33150363 3.33427156 3.32621109 3.32821055 3.33391652 3.33127157
 3.32959643 3.32320135 3.33508301 3.32475256 3.3357983  3.34247432
 3.32982485 3.33116951 3.33269772 3.33778553 3.33709766 3.33163351
 3.32947175 3.33279409 3.33770929 3.33085393 3.33388461 3.33306345
 3.3295164  3.3340778  3.33027105 3.33348717 3.33508321 3.33320453
 3.33618859 3.32756802 3.33122535 3.33149383]",502
GS24,,,,,,3.57,0.075,"['S', 'K', 'G', 'E', 'E', 'L', 'F', 'T', 'G', 'V', 'V', 'P', 'I', 'L', 'V', 'E', 'L', 'D', 'G', 'D', 'V', 'N', 'G', 'H', 'K', 'F', 'S', 'V', 'S', 'G', 'E', 'G', 'E', 'G', 'D', 'A', 'T', 'Y', 'G', 'K', 'L', 'T', 'L', 'K', 'F', 'I', 'C', 'T', 'T', 'G', 'K', 'L', 'P', 'V', 'P', 'W', 'P', 'T', 'L', 'V', 'T', 'T', 'L', 'S', 'W', 'G', 'V', 'Q', 'C', 'F', 'A', 'R', 'Y', 'P', 'D', 'H', 'M', 'K', 'Q', 'H', 'D', 'F', 'F', 'K', 'S', 'A', 'M', 'P', 'E', 'G', 'Y', 'V', 'Q', 'E', 'R', 'T', 'I', 'F', 'F', 'K', 'D', 'D', 'G', 'N', 'Y', 'K', 'T', 'R', 'A', 'E', 'V', 'K', 'F', 'E', 'G', 'D', 'T', 'L', 'V', 'N', 'R', 'I', 'E', 'L', 'K', 'G', 'I', 'D', 'F', 'K', 'E', 'D', 'G', 'N', 'I', 'L', 'G', 'H', 'K', 'L', 'E', 'Y', 'N', 'Y', 'F', 'S', 'D', 'N', 'V', 'Y', 'I', 'T', 'A', 'D', 'K', 'Q', 'K', 'N', 'G', 'I', 'K', 'A', 'N', 'F', 'K', 'I', 'R', 'H', 'N', 'I', 'E', 'D', 'G', 'G', 'V', 'Q', 'L', 'A', 'D', 'H', 'Y', 'Q', 'Q', 'N', 'T', 'P', 'I', 'G', 'D', 'G', 'P', 'V', 'L', 'L', 'P', 'D', 'N', 'H', 'Y', 'L', 'S', 'T', 'Q', 'S', 'K', 'L', 'S', 'K', 'D', 'P', 'N', 'E', 'K', 'R', 'D', 'H', 'M', 'V', 'L', 'L', 'E', 'F', 'V', 'T', 'A', 'A', 'G', 'I', 'T', 'L', 'G', 'M', 'D', 'E', 'L', 'Y', 'K', 'E', 'G', 'L', 'S', 'G', 'S', 'G', 'S', 'G', 'S', 'G', 'S', 'G', 'S', 'G', 'S', 'G', 'S', 'G', 'S', 'G', 'S', 'G', 'S', 'G', 'S', 'G', 'S', 'G', 'S', 'G', 'S', 'G', 'S', 'G', 'S', 'G', 'S', 'G', 'S', 'G', 'S', 'G', 'S', 'G', 'S', 'G', 'S', 'G', 'S', 'G', 'S', 'K', 'L', 'M', 'V', 'S', 'K', 'G', 'E', 'E', 'D', 'N', 'M', 'A', 'S', 'L', 'P', 'A', 'T', 'H', 'E', 'L', 'H', 'I', 'F', 'G', 'S', 'I', 'N', 'G', 'V', 'D', 'F', 'D', 'M', 'V', 'G', 'Q', 'G', 'T', 'G', 'N', 'P', 'N', 'D', 'G', 'Y', 'E', 'E', 'L', 'N', 'L', 'K', 'S', 'T', 'K', 'G', 'D', 'L', 'Q', 'F', 'S', 'P', 'W', 'I', 'L', 'V', 'P', 'H', 'I', 'G', 'Y', 'G', 'F', 'H', 'Q', 'Y', 'L', 'P', 'Y', 'P', 'D', 'G', 'M', 'S', 'P', 'F', 'Q', 'A', 'A', 'M', 'V', 'D', 'G', 'S', 'G', 'Y', 'Q', 'V', 'H', 'R', 'T', 'M', 'Q', 'F', 'E', 'D', 'G', 'A', 'S', 'L', 'T', 'V', 'N', 'Y', 'R', 'Y', 'T', 'Y', 'E', 'G', 'S', 'H', 'I', 'K', 'G', 'E', 'A', 'Q', 'V', 'K', 'G', 'T', 'G', 'F', 'P', 'A', 'D', 'G', 'P', 'V', 'M', 'T', 'N', 'S', 'L', 'T', 'A', 'A', 'D', 'W', 'C', 'R', 'S', 'K', 'K', 'T', 'Y', 'P', 'N', 'D', 'K', 'T', 'I', 'I', 'S', 'T', 'F', 'K', 'W', 'S', 'Y', 'T', 'T', 'G', 'N', 'G', 'K', 'R', 'Y', 'R', 'S', 'T', 'A', 'R', 'T', 'T', 'Y', 'T', 'F', 'A', 'K', 'P', 'M', 'A', 'A', 'N', 'Y', 'L', 'K', 'N', 'Q', 'P', 'M', 'Y', 'V', 'F', 'R', 'K', 'T', 'E', 'L', 'K', 'H', 'S', 'K', 'T', 'E', 'L', 'N', 'F', 'K', 'E', 'W', 'Q', 'K', 'A', 'F', 'T', 'D']",,0.15,,,7.4,,,293.15,,,3.574268639359077,"[3.57886478 3.57815044 3.57655431 3.57317146 3.56749924 3.5731074
 3.57768806 3.57418584 3.57359013 3.57740657 3.58112324 3.57835942
 3.56615644 3.56915754 3.57589254 3.57383315 3.57970734 3.56812486
 3.58389443 3.57681513 3.57753084 3.58175927 3.58185498 3.56778863
 3.57097155 3.56859874 3.56749415 3.56898653 3.5734956  3.57054639
 3.5755992  3.57463308 3.56650364 3.57760454 3.57341572 3.57435592
 3.56716299 3.57932487 3.57916683 3.5847663  3.56675186 3.57901523
 3.57539864 3.57680721 3.56928039 3.58259927 3.57153441 3.57465316
 3.56993802 3.5669122  3.57882493 3.57461901 3.56971597 3.57556816
 3.57405296 3.5720891  3.56916347 3.57411108 3.57389897 3.57707309
 3.57678422 3.56263007 3.57601602 3.57030471 3.57433084 3.56942793
 3.57611265 3.57143303 3.56970286 3.57111223 3.57509517 3.56770311
 3.58109575 3.57569075 3.56914876 3.5729685  3.57004731 3.57360968
 3.58269114 3.57085512 3.57806616 3.56301844 3.5726308  3.5800434
 3.57015736 3.58284954 3.5752284  3.57605302 3.56450011 3.57604707
 3.56923106 3.57185741 3.57404776 3.57131692 3.57558789 3.56727336
 3.56895892 3.58017129 3.57264082 3.57275567 3.57529265 3.57821275
 3.56941026 3.57672367 3.57322701 3.57337928 3.5700983  3.56903309
 3.57044576 3.57820621 3.56851898 3.57703952 3.5840781  3.57158329
 3.57615035 3.56475491 3.57735719 3.57224482 3.5756623  3.56570181
 3.57235425 3.57490602 3.57454179 3.57300587 3.57882164 3.5756306
 3.57243747 3.58056042 3.57535014 3.56582474 3.57186017 3.57304515
 3.57736646 3.57729684 3.5696563  3.57576924 3.57326487 3.5718251
 3.57791989 3.57339242 3.58282681 3.56379333 3.57665709 3.58103673
 3.57454775 3.58607694 3.57503438 3.56779846 3.5707711  3.57947219
 3.57173093 3.56864524 3.57155571 3.58215013 3.58014707 3.57498513
 3.57815661 3.56999476 3.57074303 3.57331851 3.56240879 3.56924241
 3.57499366 3.57586398 3.58202241 3.57811151 3.5787752  3.57222658
 3.5717449  3.57789551 3.56555328 3.57050913 3.57197674 3.57113364
 3.57343107 3.58107686 3.57265884 3.57341482 3.57534785 3.57056482
 3.57696996 3.56535646 3.56264119 3.5737252  3.57529302 3.5725062
 3.57810502 3.57703011 3.58234765 3.56986991 3.57934578 3.58075614
 3.57025352 3.57486133 3.58095639 3.57336772 3.57569672 3.57729121
 3.5752572  3.56915419 3.56450727 3.5838227  3.57151502 3.57734704
 3.57791263 3.57551239 3.57394855 3.57583632 3.57338437 3.57592921
 3.57507049 3.57018349 3.57397416 3.57453805 3.57739232 3.57248317
 3.56979366 3.57406761 3.5667627  3.565327   3.57183097 3.57466717
 3.5778893  3.57712876 3.5804536  3.58157247 3.57168319 3.57908505
 3.57188513 3.5668498  3.57384732 3.57047953 3.57765123 3.56882793
 3.56938048 3.57293105 3.58054221 3.57630872 3.57411724 3.57546231
 3.57782161 3.57589825 3.5623222  3.57527734 3.58514043 3.56463091
 3.58626066 3.57754551 3.58030975 3.57180876 3.56593956 3.58040193
 3.57563311 3.56903198 3.57572048 3.57081217 3.57882562 3.58293661
 3.57905994 3.57359755 3.57859615 3.57040697 3.57289076 3.57439971
 3.57494684 3.57741228 3.57919945 3.57688974 3.57188043 3.57450996
 3.57627471 3.56705072 3.57737821 3.58762861 3.57160239 3.57374082
 3.57334536 3.5744496  3.56561454 3.56829223 3.5819951  3.56621709
 3.57096938 3.57622448 3.57503384 3.57088362 3.57892131 3.56516515
 3.57367462 3.58011691 3.57061943 3.57162724 3.57130568 3.57950436
 3.57369445 3.57395683 3.57187598 3.57306748 3.56728943 3.57637946
 3.57600663 3.57659709 3.58015976 3.58090784 3.56902847 3.58286978
 3.57322088 3.57813919 3.57782288 3.57841911 3.57690932 3.57448911
 3.58477918 3.57918259 3.56935118 3.56291535 3.57204856 3.57060044
 3.57787826 3.57040328 3.57160648 3.57598783 3.57848767 3.57483753
 3.58344663 3.57712242 3.57638602 3.57163025 3.56664456 3.58084916
 3.57024158 3.57812472 3.5682194  3.57400593 3.57998801 3.57163005
 3.57493229 3.57497439 3.57885695 3.57334442 3.57081872 3.57337395
 3.57594742 3.57626109 3.56807358 3.56692321 3.56887534 3.5675439
 3.57638658 3.57107602 3.57840438 3.57275569 3.57760074 3.57392722
 3.57325589 3.57037461 3.57675912 3.57635231 3.57628817 3.57645167
 3.57806144 3.57518397 3.57253555 3.58149303 3.57184329 3.57366808
 3.57145317 3.57368859 3.57846734 3.57555541 3.5682281  3.57526214
 3.57016767 3.58363872 3.57204543 3.5704182  3.57405989 3.56926244
 3.57108221 3.56948132 3.58012188 3.57391668 3.58088187 3.57145136
 3.57229129 3.5711265  3.58106505 3.57445388 3.57451782 3.57396475
 3.57300176 3.57742667 3.58007933 3.57085188 3.56669852 3.56681005
 3.56640424 3.58000278 3.57270214 3.57537224 3.56616108 3.57869525
 3.57151318 3.57382595 3.58226272 3.56746481 3.56655411 3.57395874
 3.57514319 3.5821261  3.57223129 3.58179919 3.57286119 3.57643323
 3.57616875 3.57263828 3.57726819 3.57120311 3.56942926 3.57225492
 3.56938541 3.57642164 3.56571831 3.57211405 3.57698565 3.57062661
 3.5824611  3.56607126 3.57542884 3.58463648 3.57740824 3.57408439
 3.57315882 3.56303134 3.57523042 3.57418769 3.57760997 3.57056531
 3.56700843 3.57218135 3.5772963  3.57455622 3.57453799 3.58254441
 3.57523914 3.5810124  3.56818152 3.57402734 3.57407466 3.58193939
 3.57533176 3.56942876 3.58065934 3.58082552 3.57260549 3.5775496
 3.57525256 3.56206994 3.57139787 3.57561527 3.57042954 3.57278261
 3.57621986 3.57343519 3.58047425 3.56687523 3.57943128 3.56874824
 3.57222419 3.57095767 3.5763072  3.57574532 3.57302309 3.57936314
 3.56679903 3.57363186 3.57452288 3.56980932 3.57813692 3.57366641
 3.56927427 3.57921084 3.57224864 3.57823917 3.57978785 3.5753521
 3.58467022 3.57464076 3.57319356 3.58235652 3.5765598  3.56664123
 3.58147014 3.57402314 3.57530692 3.57480027 3.57290135 3.57321739
 3.57283635 3.57149571 3.57030553 3.57682455 3.5796566  3.57566598
 3.57505391 3.57585417 3.57660963 3.57263925 3.57767265 3.58288167
 3.57706283 3.57453217 3.56989839 3.56991401 3.56294127 3.5741683
 3.57663131 3.5734567  3.57478373 3.57466487 3.56134859 3.57596319
 3.57465486 3.57371319 3.57655364 3.5722812  3.57438605 3.57193852
 3.57427518 3.56630142 3.58537698 3.57367079 3.57329419 3.57528648
 3.57179491 3.57362612 3.58214154 3.57660089 3.57625795 3.57443647
 3.58285114 3.5713265  3.5716366  3.57279401 3.57473096 3.57425131
 3.56845451 3.58072348 3.57440542 3.56830204 3.57342418 3.57477775
 3.5682199  3.56965042 3.5650624  3.56844965 3.57169986 3.57573629
 3.56476091 3.57394499 3.58360682 3.57452075 3.57981323 3.57446345
 3.56959085 3.57739024 3.5642022  3.57745587 3.57798153 3.57256605
 3.57541124 3.57019585 3.56737027 3.57554436 3.57837044 3.57438987
 3.57958642 3.57348984 3.57492036 3.56387679 3.57298459 3.57544261
 3.57188603 3.57556273 3.57254125 3.58167298 3.57677311 3.56726697
 3.56344415 3.57747141 3.56820965 3.56970978 3.57623043 3.56739319
 3.56134542 3.57006972 3.57741938 3.57856811 3.57744626 3.57784194
 3.58187842 3.57375507 3.58706884 3.57072919 3.56871038 3.57833931
 3.57299505 3.57875611 3.57706505 3.57573811 3.56601928 3.57059593
 3.57312385 3.5689181  3.57711611 3.57624924 3.58254254 3.5671088
 3.56693313 3.5791448  3.57052916 3.57036062 3.58880991 3.56555189
 3.58134871 3.56857591 3.56874205 3.57538018 3.57923806 3.57114748
 3.57631696 3.57941513 3.57139714 3.57139323 3.58014305 3.57156492
 3.56788713 3.57446837 3.57207989 3.57801344 3.56933802 3.57934752
 3.56896613 3.57699944 3.58096945 3.57158731 3.57082634 3.57674582
 3.57475258 3.57115049 3.57057446 3.56920407 3.57184896 3.58642548
 3.57503815 3.57326393 3.5814343  3.5809484  3.57492635 3.56242009
 3.57367882 3.56828226 3.56883928 3.58127911 3.57251115 3.58484347
 3.56496047 3.57111539 3.57099444 3.57243777 3.57433593 3.57770315
 3.57331939 3.56999122 3.56787366 3.57658906 3.57649929 3.56576145
 3.57314579 3.57583614 3.5775672  3.57842036 3.57889392 3.57297766
 3.56949498 3.56767097 3.57224848 3.57291047 3.57266557 3.57872898
 3.5691105  3.56891416 3.57177234 3.569258   3.57253122 3.57590049
 3.56945378 3.57438395 3.57257351 3.58153569 3.57443615 3.57604978
 3.58164806 3.57184842 3.57768308 3.5739738  3.57245887 3.56950751
 3.574946   3.57680976 3.58056389 3.56776717 3.57580772 3.5770343
 3.5755717  3.57810637 3.57510742 3.56355937 3.58233655 3.56823174
 3.5782355  3.57589894 3.57201483 3.57218832 3.56540026 3.57807392
 3.57889485 3.56665513 3.56343846 3.57161324 3.57680617 3.57371931
 3.56896262 3.57550961 3.57058327 3.57582612 3.57670655 3.5833818
 3.57703826 3.56492189 3.56667658 3.58137076 3.57681637 3.57588488
 3.58382169 3.5766952  3.57124652 3.5649985  3.58082637 3.57751036
 3.57446952 3.57545891 3.58079869 3.57651686 3.57698792 3.57323588
 3.57498184 3.57448054 3.56746944 3.57188611 3.57348103 3.56881163
 3.58196839 3.56738836 3.57579553 3.57177442 3.57700661 3.57480839
 3.57832291 3.57806567 3.56313389 3.56415318 3.58484862 3.57358013
 3.5804774  3.57778224 3.58292371 3.57673017 3.57944024 3.57639387
 3.57461835 3.57437918 3.5745399  3.58015554 3.56839684 3.57978116
 3.57544703 3.57832429 3.57589507 3.56768423 3.57175201 3.57360401
 3.57152876 3.58172058 3.57410312 3.58129308 3.57910627 3.56861164
 3.56946263 3.58025681 3.57723649 3.57229294 3.57332571 3.56489355
 3.57589223 3.56815571 3.57237115 3.57271243 3.57432387 3.5677348
 3.57422505 3.56634281 3.58224238 3.57124147 3.57826377 3.56966682
 3.57556728 3.57770002 3.57906076 3.57112108 3.57969983 3.57158459
 3.57256641 3.56806568 3.57460151 3.57911411 3.57433315 3.57072795
 3.57148757 3.57689227 3.56613994 3.57546971 3.56614593 3.57313113
 3.5824996  3.58151535 3.57025369 3.58024629 3.57760279 3.58290692
 3.58087605 3.57029033 3.56933228 3.56921219 3.57511883 3.57603598
 3.57491025 3.5762782  3.58064245 3.58029423 3.57547408 3.57948585
 3.57204919 3.57362884 3.57874807 3.57263271 3.5698595  3.58081678
 3.56607842 3.57317465 3.57698674 3.58231472 3.57463537 3.58747739
 3.57404323 3.57065627 3.56601004 3.57599682 3.57166842 3.58197332
 3.58018196 3.57007667 3.58189646 3.56783143 3.58035175 3.57540745
 3.56578595 3.58197034 3.57670432 3.57888682 3.56682235 3.57453202
 3.58118398 3.57463508 3.57127182 3.57130503 3.56940414 3.57119503
 3.56885414 3.57775756 3.56979764 3.57725534 3.57811779 3.57050516
 3.56675625 3.57654536 3.56913193 3.56778771 3.56694687 3.57463003
 3.5825329  3.57893166 3.57578116 3.57382026 3.5751132  3.57111339
 3.56910895 3.571769   3.57475256 3.5784706  3.57030619 3.57374438
 3.572163   3.57009887 3.57635027 3.56788248 3.57801689 3.57267474
 3.57346869 3.57614502 3.57176571 3.57725237 3.57777963 3.57547887
 3.56955082 3.58309139 3.58062335 3.57732191 3.57350842 3.56826591
 3.57482403 3.57227594 3.58165844 3.57343628 3.56656297 3.57518503
 3.57649872 3.57406762 3.57272226 3.57378404 3.57616773 3.57333203
 3.5673482  3.57176761 3.56864953 3.57748841 3.57278561 3.57669757
 3.57470385 3.57290157 3.57201666 3.57535252 3.56777592 3.58220692
 3.57426022 3.57616732 3.57223251 3.57560592 3.57488432 3.572945
 3.57133626 3.57573061 3.57573827 3.57556759 3.57058093 3.58105217
 3.57557828 3.57159567 3.58162688 3.57745329 3.57355043 3.57418788
 3.58022339 3.57255816 3.5727795  3.57247348 3.56745876 3.57223733
 3.57287714 3.57556836 3.58001434 3.57523867 3.57195407 3.58247689
 3.58214807 3.56343372 3.57807579 3.57879198 3.57431736 3.56957737
 3.5716222  3.57904799 3.58021828 3.57580556 3.57440482 3.57180037
 3.57302152 3.57178523 3.57314968 3.57064276]",518
GS32,,,,,,3.75,0.097,"['S', 'K', 'G', 'E', 'E', 'L', 'F', 'T', 'G', 'V', 'V', 'P', 'I', 'L', 'V', 'E', 'L', 'D', 'G', 'D', 'V', 'N', 'G', 'H', 'K', 'F', 'S', 'V', 'S', 'G', 'E', 'G', 'E', 'G', 'D', 'A', 'T', 'Y', 'G', 'K', 'L', 'T', 'L', 'K', 'F', 'I', 'C', 'T', 'T', 'G', 'K', 'L', 'P', 'V', 'P', 'W', 'P', 'T', 'L', 'V', 'T', 'T', 'L', 'S', 'W', 'G', 'V', 'Q', 'C', 'F', 'A', 'R', 'Y', 'P', 'D', 'H', 'M', 'K', 'Q', 'H', 'D', 'F', 'F', 'K', 'S', 'A', 'M', 'P', 'E', 'G', 'Y', 'V', 'Q', 'E', 'R', 'T', 'I', 'F', 'F', 'K', 'D', 'D', 'G', 'N', 'Y', 'K', 'T', 'R', 'A', 'E', 'V', 'K', 'F', 'E', 'G', 'D', 'T', 'L', 'V', 'N', 'R', 'I', 'E', 'L', 'K', 'G', 'I', 'D', 'F', 'K', 'E', 'D', 'G', 'N', 'I', 'L', 'G', 'H', 'K', 'L', 'E', 'Y', 'N', 'Y', 'F', 'S', 'D', 'N', 'V', 'Y', 'I', 'T', 'A', 'D', 'K', 'Q', 'K', 'N', 'G', 'I', 'K', 'A', 'N', 'F', 'K', 'I', 'R', 'H', 'N', 'I', 'E', 'D', 'G', 'G', 'V', 'Q', 'L', 'A', 'D', 'H', 'Y', 'Q', 'Q', 'N', 'T', 'P', 'I', 'G', 'D', 'G', 'P', 'V', 'L', 'L', 'P', 'D', 'N', 'H', 'Y', 'L', 'S', 'T', 'Q', 'S', 'K', 'L', 'S', 'K', 'D', 'P', 'N', 'E', 'K', 'R', 'D', 'H', 'M', 'V', 'L', 'L', 'E', 'F', 'V', 'T', 'A', 'A', 'G', 'I', 'T', 'L', 'G', 'M', 'D', 'E', 'L', 'Y', 'K', 'E', 'G', 'L', 'S', 'G', 'S', 'G', 'S', 'G', 'S', 'G', 'S', 'G', 'S', 'G', 'S', 'G', 'S', 'G', 'S', 'G', 'S', 'G', 'S', 'G', 'S', 'G', 'S', 'G', 'S', 'G', 'S', 'G', 'S', 'G', 'S', 'G', 'S', 'G', 'S', 'G', 'S', 'G', 'S', 'G', 'S', 'G', 'S', 'G', 'S', 'G', 'S', 'G', 'S', 'G', 'S', 'G', 'S', 'G', 'S', 'G', 'S', 'G', 'S', 'G', 'S', 'G', 'S', 'K', 'L', 'M', 'V', 'S', 'K', 'G', 'E', 'E', 'D', 'N', 'M', 'A', 'S', 'L', 'P', 'A', 'T', 'H', 'E', 'L', 'H', 'I', 'F', 'G', 'S', 'I', 'N', 'G', 'V', 'D', 'F', 'D', 'M', 'V', 'G', 'Q', 'G', 'T', 'G', 'N', 'P', 'N', 'D', 'G', 'Y', 'E', 'E', 'L', 'N', 'L', 'K', 'S', 'T', 'K', 'G', 'D', 'L', 'Q', 'F', 'S', 'P', 'W', 'I', 'L', 'V', 'P', 'H', 'I', 'G', 'Y', 'G', 'F', 'H', 'Q', 'Y', 'L', 'P', 'Y', 'P', 'D', 'G', 'M', 'S', 'P', 'F', 'Q', 'A', 'A', 'M', 'V', 'D', 'G', 'S', 'G', 'Y', 'Q', 'V', 'H', 'R', 'T', 'M', 'Q', 'F', 'E', 'D', 'G', 'A', 'S', 'L', 'T', 'V', 'N', 'Y', 'R', 'Y', 'T', 'Y', 'E', 'G', 'S', 'H', 'I', 'K', 'G', 'E', 'A', 'Q', 'V', 'K', 'G', 'T', 'G', 'F', 'P', 'A', 'D', 'G', 'P', 'V', 'M', 'T', 'N', 'S', 'L', 'T', 'A', 'A', 'D', 'W', 'C', 'R', 'S', 'K', 'K', 'T', 'Y', 'P', 'N', 'D', 'K', 'T', 'I', 'I', 'S', 'T', 'F', 'K', 'W', 'S', 'Y', 'T', 'T', 'G', 'N', 'G', 'K', 'R', 'Y', 'R', 'S', 'T', 'A', 'R', 'T', 'T', 'Y', 'T', 'F', 'A', 'K', 'P', 'M', 'A', 'A', 'N', 'Y', 'L', 'K', 'N', 'Q', 'P', 'M', 'Y', 'V', 'F', 'R', 'K', 'T', 'E', 'L', 'K', 'H', 'S', 'K', 'T', 'E', 'L', 'N', 'F', 'K', 'E', 'W', 'Q', 'K', 'A', 'F', 'T', 'D']",,0.15,,,7.4,,,293.15,,,3.6783682908970516,"[3.68155817 3.67685002 3.67010345 3.67929092 3.67300245 3.67453021
 3.67612493 3.66887383 3.6797596  3.67710203 3.67314821 3.67469422
 3.67128472 3.68349683 3.67648831 3.67124919 3.67022823 3.68490325
 3.68021683 3.66864042 3.68029908 3.67978842 3.67611966 3.68101606
 3.67718897 3.68004998 3.67921021 3.68975645 3.67665259 3.67393161
 3.67492946 3.67304679 3.68038581 3.68231491 3.6787859  3.67405282
 3.67205011 3.67230214 3.69034928 3.68391902 3.67675907 3.67456961
 3.67831322 3.68134313 3.67657679 3.68033363 3.67983062 3.68423507
 3.68043509 3.67652037 3.67579265 3.67370988 3.67876971 3.6818907
 3.6760375  3.67577574 3.68069215 3.67317716 3.68107643 3.67685009
 3.67263294 3.67513202 3.67848987 3.66880093 3.67312748 3.67401323
 3.68346906 3.67884917 3.681208   3.67059535 3.67877244 3.67582511
 3.67604549 3.68371662 3.68011814 3.67970285 3.67517429 3.68067323
 3.68117838 3.67606332 3.68357131 3.68018016 3.68094298 3.68794144
 3.68492583 3.67806165 3.6751109  3.6781617  3.68170468 3.68265659
 3.67422064 3.67429211 3.67534725 3.67467878 3.67867664 3.68153933
 3.68252066 3.69368552 3.67256171 3.68177894 3.6708183  3.68386249
 3.67505051 3.68530038 3.68008487 3.68598503 3.69006801 3.67632186
 3.67885472 3.67857839 3.67401716 3.67616365 3.67937671 3.6800838
 3.67974829 3.67404035 3.66856024 3.6810119  3.68253746 3.69588457
 3.67796096 3.67019108 3.67559329 3.67691381 3.68492327 3.68217055
 3.67587749 3.67799016 3.67752515 3.68629925 3.67723932 3.68154685
 3.68518469 3.6718152  3.67668533 3.67495704 3.68069692 3.6734747
 3.68362892 3.67541733 3.67494487 3.67813241 3.67965417 3.67557222
 3.680757   3.6804381  3.68298198 3.67500838 3.6745014  3.67887636
 3.67555466 3.68667338 3.68070939 3.68045475 3.66725722 3.68399873
 3.68125311 3.67865005 3.67982973 3.68153987 3.67886619 3.67438659
 3.68060406 3.67724144 3.6806952  3.67832801 3.67682865 3.68239892
 3.66869735 3.67865544 3.67564534 3.6780473  3.68259803 3.68044225
 3.68307563 3.68404927 3.67567596 3.67936405 3.68092792 3.67821731
 3.67596322 3.67209955 3.68734608 3.68464292 3.67651896 3.68338478
 3.67518979 3.67082968 3.68675791 3.67803088 3.67036481 3.67557804
 3.67513744 3.6804727  3.67827464 3.67984303 3.67610891 3.67967644
 3.67751027 3.68606852 3.67662329 3.66958127 3.68068078 3.67697766
 3.68784302 3.6737829  3.67664731 3.67149824 3.67490816 3.69041017
 3.66988495 3.67643988 3.66693181 3.68042349 3.67691661 3.67983881
 3.6861704  3.67433754 3.68482473 3.67840539 3.67290834 3.6866774
 3.67673243 3.67603143 3.67118927 3.68889848 3.68169486 3.68083429
 3.68057841 3.67932681 3.67727002 3.68125624 3.67736047 3.68273317
 3.68144808 3.67992141 3.6818692  3.6854697  3.68162457 3.67525367
 3.67857842 3.67336913 3.68054119 3.67790998 3.6705858  3.67854896
 3.67114937 3.67362133 3.67536375 3.67761419 3.68403528 3.67667092
 3.68278707 3.68281493 3.67565117 3.68197206 3.67338912 3.66992121
 3.67486952 3.67424084 3.66495045 3.6713525  3.68858086 3.67318245
 3.6820323  3.68056621 3.68571681 3.68328703 3.66966896 3.68211868
 3.68351954 3.67798611 3.68834415 3.68328489 3.68012626 3.68288895
 3.67762038 3.68729761 3.67640282 3.67331494 3.68483343 3.6767565
 3.68431463 3.6799939  3.67254177 3.66657755 3.67956087 3.68174348
 3.67217114 3.68029999 3.679712   3.67213978 3.67858703 3.68310811
 3.67815766 3.67921878 3.67410274 3.6774473  3.68219762 3.67414716
 3.67746253 3.6792464  3.67300278 3.67627882 3.67664488 3.67813208
 3.67443602 3.67946057 3.67490634 3.67862665 3.67706863 3.67370884
 3.67723554 3.66818977 3.67805235 3.67261205 3.66923037 3.67652532
 3.68014758 3.68757279 3.67609096 3.67794493 3.68265609 3.67515422
 3.68247213 3.67752486 3.68736065 3.67776365 3.67921831 3.67664963
 3.67051799 3.68238787 3.68393968 3.6687394  3.66722239 3.67721142
 3.67623317 3.67606143 3.67603706 3.68149921 3.67829416 3.66470827
 3.67596673 3.68078587 3.68358401 3.67927531 3.68404707 3.67214023
 3.68076283 3.68124216 3.67805856 3.68163353 3.67934201 3.67918669
 3.6741543  3.6844336  3.68123054 3.67338696 3.68314862 3.67368536
 3.67376553 3.6832131  3.67786216 3.68098009 3.67552691 3.67258634
 3.68251004 3.68059824 3.68350176 3.68137892 3.6766734  3.67886107
 3.68003418 3.67998751 3.67810633 3.68122628 3.68200446 3.68127801
 3.6754232  3.67210777 3.67868172 3.68462699 3.67261152 3.6724347
 3.68585335 3.68525987 3.67979089 3.67288109 3.68385354 3.67737014
 3.66995771 3.68106126 3.67725092 3.67921374 3.68263709 3.68387938
 3.68151035 3.67915414 3.6827109  3.68250832 3.68844308 3.68214881
 3.6785403  3.68134459 3.68581132 3.67470573 3.68013472 3.67804242
 3.68585356 3.68450508 3.67720178 3.68185583 3.6803293  3.68149754
 3.68355657 3.67298026 3.68868334 3.68052863 3.68079981 3.68034038
 3.67291088 3.68814464 3.67443071 3.68318187 3.67354848 3.6835178
 3.67758124 3.67864366 3.67261209 3.68429407 3.67713746 3.68083815
 3.69091355 3.68176527 3.68726554 3.68431379 3.673028   3.68405826
 3.66896777 3.68232738 3.69038945 3.6856245  3.67592487 3.67779404
 3.67876382 3.68138413 3.67480629 3.68340173 3.68424803 3.67839408
 3.67102665 3.68046711 3.67359776 3.68096191 3.68217909 3.67774603
 3.67581597 3.67381529 3.67446498 3.68152196 3.68650954 3.66987847
 3.6762153  3.68222691 3.67700035 3.68297627 3.67019269 3.67666475
 3.6815417  3.67795641 3.67632881 3.67883401 3.67388598 3.6744675
 3.68315516 3.67958152 3.68034376 3.67696496 3.68282556 3.6782919
 3.67432448 3.67922765 3.67762785 3.67309906 3.66648714 3.68141386
 3.67676181 3.67522221 3.68007217 3.6762124  3.67464936 3.6814297
 3.6768787  3.6727782  3.67899302 3.68348537 3.68419591 3.68290318
 3.67662919 3.67729432 3.68141523 3.67747047 3.67401215 3.6805127
 3.68473776 3.68508789 3.66769078 3.67344293 3.67646101 3.67388575
 3.6818347  3.67451287 3.68355412 3.68020136 3.66683593 3.67527071
 3.67952936 3.67902557 3.67953186 3.67625063 3.67724091 3.67983742
 3.68254309 3.68085308 3.67077905 3.67072565 3.67739823 3.67157523
 3.68454274 3.67215495 3.67756076 3.67820133 3.67735148 3.67864207
 3.68712808 3.68352744 3.67498501 3.68102571 3.67475525 3.67914023
 3.68020612 3.67237877 3.67984677 3.68198582 3.68140378 3.68572836
 3.68711542 3.6759022  3.68090993 3.6784581  3.67140539 3.67855881
 3.67442636 3.67911441 3.68826575 3.68451632 3.68472259 3.67649977
 3.66962737 3.67345673 3.68445536 3.67785999 3.68483167 3.6872233
 3.6776012  3.67812495 3.68206803 3.67132009 3.67782362 3.67047842
 3.67864201 3.68382971 3.67398908 3.674013   3.67361112 3.67674211
 3.68214319 3.67945858 3.6832842  3.6820232  3.67991302 3.67911986
 3.67393281 3.6715083  3.67439627 3.68133587 3.67867312 3.67693629
 3.67824117 3.68226046 3.66909063 3.67489947 3.6830494  3.67869928
 3.68267384 3.67867157 3.67173835 3.68691151 3.67694919 3.67118825
 3.66909562 3.68002532 3.68650022 3.67590359 3.67333877 3.67908796
 3.6700137  3.67692275 3.67869496 3.66705089 3.68013458 3.68033871
 3.67721909 3.67405149 3.6810228  3.68190343 3.67847621 3.67683179
 3.68257454 3.67716182 3.67971534 3.67414089 3.68057647 3.67870127
 3.68633799 3.67484807 3.6802364  3.67140781 3.67964537 3.67996404
 3.67556395 3.68016218 3.67983048 3.68666317 3.67490752 3.67818878
 3.68839948 3.68345607 3.67559686 3.67735914 3.68526637 3.67289977
 3.67927085 3.67673833 3.68642791 3.68013442 3.67566656 3.67675774
 3.67715497 3.67323834 3.68432663 3.68389288 3.6727444  3.68261471
 3.67658022 3.678344   3.67427946 3.67910459 3.67964298 3.67946085
 3.68185105 3.68761452 3.67673056 3.67736038 3.67423318 3.67847571
 3.67948266 3.67891065 3.67755884 3.6847102  3.67963725 3.67456361
 3.68082523 3.674817   3.67393209 3.69188775 3.67209991 3.67844105
 3.67829907 3.68090639 3.67837413 3.68032248 3.67658531 3.6751709
 3.6846348  3.67508766 3.6797356  3.68028578 3.68359668 3.68302041
 3.67730399 3.67889138 3.68581687 3.68165997 3.67740942 3.67562872
 3.67499747 3.6809683  3.6755212  3.67930675 3.68151707 3.67796313
 3.68433576 3.68974417 3.68638936 3.68002377 3.67868888 3.68223297
 3.68248148 3.67801445 3.6814438  3.68211523 3.67313919 3.67724568
 3.68234415 3.67381083 3.67809684 3.67285709 3.67795806 3.67012937
 3.67755867 3.6758803  3.67749653 3.68668118 3.67822808 3.67531685
 3.67629772 3.67733786 3.6816111  3.68659538 3.68007953 3.67624333
 3.68535626 3.67446918 3.67399891 3.67196079 3.68451647 3.68500634
 3.6754475  3.68278786 3.67283528 3.66568746 3.68226255 3.67321609
 3.68023725 3.67181628 3.67902964 3.67086857 3.68929087 3.68312692
 3.67601172 3.68131745 3.6836147  3.67676923 3.68706115 3.67620907
 3.68589326 3.67128104 3.67184805 3.67856715 3.67549558 3.68130571
 3.68077467 3.67589895 3.68411169 3.68018898 3.68157857 3.67993775
 3.67808529 3.67172481 3.6718449  3.6793396  3.68046088 3.67488685
 3.67424756 3.68516748 3.68059723 3.68353326 3.68292818 3.68264359
 3.6866156  3.67677419 3.67842098 3.68221196 3.67823653 3.67422854
 3.67431339 3.671854   3.67945499 3.68023217 3.68121773 3.68211409
 3.68013911 3.68086443 3.67497651 3.67970251 3.67840135 3.67898965
 3.67534141 3.68618941 3.67295774 3.67786447 3.67875337 3.68043329
 3.67797328 3.69222341 3.67983033 3.66883415 3.66729562 3.67442476
 3.67847546 3.68079277 3.67968894 3.67664233 3.68738069 3.68086539
 3.67750987 3.68331352 3.67217469 3.68180947 3.6675849  3.67488489
 3.68495956 3.67574507 3.67730764 3.67912211 3.67773486 3.67571799
 3.68462026 3.68551616 3.68213853 3.6828649  3.67786626 3.68099999
 3.68328996 3.67526673 3.68268201 3.68348244 3.67180467 3.68599215
 3.68114434 3.68084689 3.67408541 3.67309418 3.67515214 3.6795423
 3.67977118 3.67914251 3.68352644 3.67752063 3.67694925 3.68237758
 3.68154859 3.68265741 3.68108257 3.67693265 3.6781459  3.68314105
 3.6797061  3.67632514 3.68008661 3.67496287 3.67847971 3.68468205
 3.67917032 3.67697851 3.67320377 3.68096776 3.67967113 3.68054074
 3.68156247 3.67178856 3.68450725 3.67643964 3.67870469 3.676358
 3.67655477 3.67659978 3.68316817 3.68420363 3.67566064 3.68058919
 3.67579154 3.67824621 3.68159614 3.66934878 3.67825022 3.67518964
 3.67492972 3.67235398 3.67685081 3.67579183 3.68276948 3.67733414
 3.67998918 3.68125973 3.67824687 3.67586544 3.68904458 3.67614293
 3.68277096 3.68062292 3.67527624 3.67705448 3.67753836 3.67533453
 3.67834057 3.67684624 3.68043351 3.67904609 3.69414104 3.68942468
 3.68631912 3.6828412  3.67645049 3.66636101 3.68973381 3.68174508
 3.67037606 3.6668369  3.67370292 3.68356433 3.67953649 3.68473948
 3.67811718 3.67341522 3.67017721 3.67593236 3.68216565 3.68240283
 3.68654902 3.67914122 3.67665751 3.67952911 3.67813382 3.66578105
 3.67500498 3.6808073  3.68403745 3.68472746 3.67900651 3.68102138
 3.68430521 3.68455505 3.68070899 3.68775956 3.67447292 3.67506497
 3.69570914 3.6784686  3.68338818 3.67115207 3.67709485 3.68029515
 3.67449352 3.67836304 3.68034784 3.67749659 3.67589395 3.67931892
 3.6699104  3.68213935 3.68325981 3.68408026 3.67003616 3.67442002
 3.68343674 3.68815642 3.67944726 3.67622622 3.68681115 3.6721498
 3.67779262 3.67351314 3.67597815 3.67803461 3.68391013 3.68422072
 3.67796234 3.67768037 3.68426341 3.67544609 3.67594187 3.67697848
 3.68183713 3.68257585 3.68850334 3.6823371  3.67977322 3.67879056
 3.67097663 3.67683988 3.68101298 3.67859782 3.68493987 3.67267139
 3.68006472 3.68055771 3.68037261 3.66920623]",534
GS48,,,,,,4.11,0.21,"['S', 'K', 'G', 'E', 'E', 'L', 'F', 'T', 'G', 'V', 'V', 'P', 'I', 'L', 'V', 'E', 'L', 'D', 'G', 'D', 'V', 'N', 'G', 'H', 'K', 'F', 'S', 'V', 'S', 'G', 'E', 'G', 'E', 'G', 'D', 'A', 'T', 'Y', 'G', 'K', 'L', 'T', 'L', 'K', 'F', 'I', 'C', 'T', 'T', 'G', 'K', 'L', 'P', 'V', 'P', 'W', 'P', 'T', 'L', 'V', 'T', 'T', 'L', 'S', 'W', 'G', 'V', 'Q', 'C', 'F', 'A', 'R', 'Y', 'P', 'D', 'H', 'M', 'K', 'Q', 'H', 'D', 'F', 'F', 'K', 'S', 'A', 'M', 'P', 'E', 'G', 'Y', 'V', 'Q', 'E', 'R', 'T', 'I', 'F', 'F', 'K', 'D', 'D', 'G', 'N', 'Y', 'K', 'T', 'R', 'A', 'E', 'V', 'K', 'F', 'E', 'G', 'D', 'T', 'L', 'V', 'N', 'R', 'I', 'E', 'L', 'K', 'G', 'I', 'D', 'F', 'K', 'E', 'D', 'G', 'N', 'I', 'L', 'G', 'H', 'K', 'L', 'E', 'Y', 'N', 'Y', 'F', 'S', 'D', 'N', 'V', 'Y', 'I', 'T', 'A', 'D', 'K', 'Q', 'K', 'N', 'G', 'I', 'K', 'A', 'N', 'F', 'K', 'I', 'R', 'H', 'N', 'I', 'E', 'D', 'G', 'G', 'V', 'Q', 'L', 'A', 'D', 'H', 'Y', 'Q', 'Q', 'N', 'T', 'P', 'I', 'G', 'D', 'G', 'P', 'V', 'L', 'L', 'P', 'D', 'N', 'H', 'Y', 'L', 'S', 'T', 'Q', 'S', 'K', 'L', 'S', 'K', 'D', 'P', 'N', 'E', 'K', 'R', 'D', 'H', 'M', 'V', 'L', 'L', 'E', 'F', 'V', 'T', 'A', 'A', 'G', 'I', 'T', 'L', 'G', 'M', 'D', 'E', 'L', 'Y', 'K', 'E', 'G', 'L', 'S', 'G', 'S', 'G', 'S', 'G', 'S', 'G', 'S', 'G', 'S', 'G', 'S', 'G', 'S', 'G', 'S', 'G', 'S', 'G', 'S', 'G', 'S', 'G', 'S', 'G', 'S', 'G', 'S', 'G', 'S', 'G', 'S', 'G', 'S', 'G', 'S', 'G', 'S', 'G', 'S', 'G', 'S', 'G', 'S', 'G', 'S', 'G', 'S', 'G', 'S', 'G', 'S', 'G', 'S', 'G', 'S', 'G', 'S', 'G', 'S', 'G', 'S', 'G', 'S', 'G', 'S', 'G', 'S', 'G', 'S', 'G', 'S', 'G', 'S', 'G', 'S', 'G', 'S', 'G', 'S', 'G', 'S', 'G', 'S', 'G', 'S', 'G', 'S', 'G', 'S', 'G', 'S', 'G', 'S', 'G', 'S', 'K', 'L', 'M', 'V', 'S', 'K', 'G', 'E', 'E', 'D', 'N', 'M', 'A', 'S', 'L', 'P', 'A', 'T', 'H', 'E', 'L', 'H', 'I', 'F', 'G', 'S', 'I', 'N', 'G', 'V', 'D', 'F', 'D', 'M', 'V', 'G', 'Q', 'G', 'T', 'G', 'N', 'P', 'N', 'D', 'G', 'Y', 'E', 'E', 'L', 'N', 'L', 'K', 'S', 'T', 'K', 'G', 'D', 'L', 'Q', 'F', 'S', 'P', 'W', 'I', 'L', 'V', 'P', 'H', 'I', 'G', 'Y', 'G', 'F', 'H', 'Q', 'Y', 'L', 'P', 'Y', 'P', 'D', 'G', 'M', 'S', 'P', 'F', 'Q', 'A', 'A', 'M', 'V', 'D', 'G', 'S', 'G', 'Y', 'Q', 'V', 'H', 'R', 'T', 'M', 'Q', 'F', 'E', 'D', 'G', 'A', 'S', 'L', 'T', 'V', 'N', 'Y', 'R', 'Y', 'T', 'Y', 'E', 'G', 'S', 'H', 'I', 'K', 'G', 'E', 'A', 'Q', 'V', 'K', 'G', 'T', 'G', 'F', 'P', 'A', 'D', 'G', 'P', 'V', 'M', 'T', 'N', 'S', 'L', 'T', 'A', 'A', 'D', 'W', 'C', 'R', 'S', 'K', 'K', 'T', 'Y', 'P', 'N', 'D', 'K', 'T', 'I', 'I', 'S', 'T', 'F', 'K', 'W', 'S', 'Y', 'T', 'T', 'G', 'N', 'G', 'K', 'R', 'Y', 'R', 'S', 'T', 'A', 'R', 'T', 'T', 'Y', 'T', 'F', 'A', 'K', 'P', 'M', 'A', 'A', 'N', 'Y', 'L', 'K', 'N', 'Q', 'P', 'M', 'Y', 'V', 'F', 'R', 'K', 'T', 'E', 'L', 'K', 'H', 'S', 'K', 'T', 'E', 'L', 'N', 'F', 'K', 'E', 'W', 'Q', 'K', 'A', 'F', 'T', 'D']",,0.15,,,7.4,,,293.15,,,3.9781223641407384,"[3.98248898 3.97796242 3.98926241 3.98297491 3.97589852 3.9808897
 3.97475651 3.97242616 3.97813664 3.97795685 3.97760578 3.9735472
 3.98790495 3.98443842 3.97212646 3.96799    3.97399246 3.97609504
 3.9817101  3.96333652 3.9750408  3.97693933 3.97169373 3.97223648
 3.98346903 3.98150008 3.97563439 3.98788674 3.96963552 3.98347146
 3.97297038 3.96667652 3.98026961 3.97277029 3.98465492 3.99112518
 3.98306363 3.97059828 3.98906188 3.97375239 3.97932143 3.98306816
 3.98339368 3.98091217 3.97021781 3.97720424 3.98244274 3.98815601
 3.98852159 3.9822798  3.98258262 3.96580657 3.96609926 3.98200159
 3.96893417 3.97212871 3.97477643 3.97261328 3.98520957 3.97112429
 3.96723749 3.97592176 3.98071754 3.97229128 3.98559708 3.977581
 3.97701018 3.96750132 3.97487091 3.98123044 3.98837333 3.9886031
 3.97618957 3.97283797 3.98181918 3.96694112 3.98711236 3.97579846
 3.97729324 3.9830946  3.98324047 3.97684221 3.97827511 3.97137281
 3.97037902 3.98189873 3.97045674 3.97855758 3.98253829 3.98241937
 3.9796114  3.97828849 3.98213972 3.98181453 3.98720347 3.98003267
 3.98117695 3.98389973 3.98046753 3.97457866 3.9817929  3.97650469
 3.9765542  3.96984847 3.97530696 3.98759418 3.98077551 3.9769545
 3.99335237 3.97912138 3.98952565 3.97475572 3.98564347 3.95737259
 3.97346698 3.97354343 3.96999829 3.99033604 3.9805364  3.98652644
 3.97483293 3.97397562 3.97769987 3.9696951  3.98451154 3.98261164
 3.97896877 3.98459921 3.96079467 3.97933131 3.99251425 3.97855546
 3.96344786 3.97332781 3.97192918 3.97878351 3.98183193 3.98245994
 3.97847978 3.98322613 3.96817561 3.97357784 3.98421975 3.97169135
 3.98126131 3.97585819 3.97008706 3.97645179 3.98391621 3.9742607
 3.97432333 3.97656158 3.97653666 3.97744503 3.98075081 3.97415294
 3.97805021 3.97865806 3.97957038 3.97739844 3.97708327 3.98048162
 3.98314755 3.97874743 3.97157194 3.97741698 3.97495866 3.97815309
 3.97442448 3.97407814 3.96583049 3.99330557 3.98085564 3.97875085
 3.97049082 3.97398747 3.97392059 3.97230312 3.97495611 3.98005641
 3.98626578 3.97566381 3.97142889 3.98554815 3.97839578 3.98097049
 3.9739002  3.97819682 3.96971316 3.97476183 3.98066708 3.97262459
 3.97755745 3.97326037 3.98119631 3.97352644 3.99364736 3.97802065
 3.96927996 3.97341273 3.97188327 3.97480534 3.97930063 3.97899379
 3.98015368 3.97899261 3.9782298  3.97239812 3.98069241 3.97487224
 3.98098358 3.98663656 3.98286621 3.97958518 3.98563581 3.97145749
 3.97998033 3.96955108 3.98642231 3.9759706  3.97096045 3.97867303
 3.97157936 3.9736068  3.98270085 3.98202176 3.97831884 3.97938081
 3.97585591 3.97992178 3.97399893 3.9806585  3.98272748 3.97573377
 3.98517663 3.98201555 3.98689913 3.97485731 3.96994833 3.97932717
 3.97219348 3.9740347  3.97973757 3.96792959 3.97008694 3.97133813
 3.98198555 3.98461863 3.97539498 3.97934116 3.97994886 3.98037011
 3.97943902 3.98838772 3.98796359 3.98027091 3.99154553 3.97714705
 3.97680399 3.97956274 3.98747041 3.98115904 3.98015534 3.97342416
 3.98545707 3.99298008 3.96960202 3.98483838 3.97971964 3.98201703
 3.98239002 3.97120806 3.9767645  3.97866869 3.98188783 3.99078812
 3.98039824 3.97314152 3.98188634 3.97100612 3.98138124 3.9701924
 3.98441886 3.98054566 3.97856319 3.98554267 3.97303004 3.98003148
 3.97685758 3.97448236 3.96982396 3.9834099  3.98698001 3.98187633
 3.98129281 3.981081   3.97887353 3.97442208 3.98742277 3.97525335
 3.99454199 3.97535737 3.97871748 3.97542246 3.98735198 3.97524289
 3.97455626 3.972144   3.978776   3.97547906 3.97757403 3.9866097
 3.9804896  3.96924711 3.97544129 3.98022793 3.97690492 3.9743021
 3.98420535 3.97073671 3.98442966 3.97661299 3.97628241 3.97289476
 3.98254897 3.98238517 3.98094049 3.97813215 3.98810651 3.98376444
 3.96914343 3.98116935 3.97928859 3.98612767 3.9907989  3.96811301
 3.96294855 3.98601101 3.98438014 3.98034689 3.9828133  3.98014154
 3.98574502 3.97210781 3.97275741 3.98051796 3.9812568  3.9754819
 3.98565553 3.97736234 3.97539465 3.96934911 3.98050146 3.97785775
 3.97681426 3.97031976 3.97915348 3.98085461 3.97926419 3.97536362
 3.97756007 3.97632267 3.98644807 3.98550825 3.97017542 3.97249799
 3.98370847 3.97198126 3.98506068 3.97501473 3.9728095  3.97068896
 3.97198188 3.97372043 3.97594033 3.98242505 3.97665584 3.96732697
 3.97634718 3.98379615 3.98362796 3.97414805 3.97535834 3.97796457
 3.97160733 3.97918779 3.96630519 3.98297829 3.98631378 3.97848917
 3.97994553 3.97399677 3.97534779 3.96646839 3.98616155 3.9686634
 3.98128084 3.97814259 3.98294644 3.9784752  3.97140552 3.97757328
 3.97129589 3.97481265 3.97790705 3.98810094 3.97672012 3.98290448
 3.982277   3.99629964 3.97722799 3.98297462 3.97335783 3.97343598
 3.97360039 3.96191446 3.97522287 3.98193143 3.98032051 3.98186954
 3.98453837 3.98266705 3.98284037 3.97952261 3.96992497 3.97858687
 3.96789506 3.98551225 3.97741908 3.97859524 3.97116054 3.96870098
 3.98363371 3.98465102 3.97564918 3.97366642 3.96605895 3.97373147
 3.97206835 3.97976371 3.97362361 3.98105452 3.97676268 3.97386407
 3.98066021 3.97999038 3.98560151 3.97762294 3.97677216 3.98447295
 3.98535577 3.98843784 3.98755047 3.98067402 3.97826266 3.98161224
 3.98558571 3.97869574 3.97405881 3.98061383 3.98244499 3.97547907
 3.97307818 3.97820989 3.97617563 3.97485973 3.98887535 3.96588956
 3.98589714 3.98075809 3.9788988  3.96919559 3.97629688 3.98212615
 3.96954721 3.97213879 3.98000539 3.97425252 3.98003743 3.97299133
 3.97745164 3.9828907  3.97409818 3.98050051 3.98077177 3.97924642
 3.97666927 3.96923317 3.97567808 3.97113151 3.98298874 3.96955032
 3.98535325 3.99141394 3.96953531 3.98058591 3.96809403 3.98084711
 3.97439114 3.97665348 3.98414945 3.97425398 3.97004152 3.98151723
 3.98552369 3.97727469 3.97440962 3.97263714 3.98031411 3.97398053
 3.98010292 3.97585128 3.98553512 3.98034307 3.98321706 3.97063436
 3.96919639 3.98246666 3.97151766 3.9744931  3.97126433 3.97596144
 3.9837843  3.9709513  3.97759314 3.97986361 3.97399514 3.97235292
 3.9820514  3.96765708 3.97109943 3.97431699 3.97333942 3.9911504
 3.98707396 3.98567218 3.98816819 3.97428007 3.97343112 3.97744424
 3.97943674 3.97995425 3.98400626 3.9774274  3.98443222 3.97991697
 3.97605841 3.97407316 3.9763436  3.97460736 3.97811021 3.97299361
 3.98384149 3.97698893 3.97668215 3.96333098 3.98908518 3.98146275
 3.97359302 3.9742194  3.99197271 3.9821552  3.97496258 3.98811878
 3.98314581 3.98404598 3.97054292 3.99107195 3.97706794 3.97719118
 3.97822332 3.97988199 3.97199876 3.98330545 3.9669198  3.97459287
 3.98494723 3.97948925 3.97316578 3.98247586 3.97624504 3.9755771
 3.96715336 3.97980816 3.97817787 3.97680073 3.98027235 3.97992124
 3.97142563 3.98420342 3.97836451 3.97986264 3.99271746 3.9752782
 3.97353464 3.98361607 3.97467689 3.98099485 3.98143683 3.97293952
 3.96938665 3.9675643  3.97997922 3.98642907 3.97693299 3.97355472
 3.98455271 3.97617365 3.97966689 3.98159205 3.99516532 3.97332685
 3.9811473  3.99374564 3.98698423 3.97989627 3.96938293 3.98087242
 3.97820723 3.97552634 3.97459017 3.98021336 3.97703395 3.97881008
 3.96947561 3.9772456  3.9744798  3.96458814 3.9850139  3.97325978
 3.97733422 3.97008126 3.97482144 3.98372223 3.98138233 3.98061458
 3.98088012 3.9738162  3.96272787 3.98295485 3.97767586 3.98517604
 3.98178593 3.97036236 3.98544577 3.98382008 3.97336513 3.96951509
 3.97754114 3.9796336  3.97433882 3.98251031 3.96607725 3.98491943
 3.99680514 3.97637083 3.98084564 3.98056254 3.9766006  3.99063374
 3.97826135 3.96523996 3.98474626 3.97055052 3.97545803 3.98411633
 3.98340674 3.984903   3.9709058  3.97737028 3.97399273 3.98967372
 3.98038725 3.9779424  3.99086822 3.97630057 3.9639173  3.98077582
 3.97614489 3.97098816 3.99117789 3.96806225 3.9734008  3.98377293
 3.97604925 3.9783951  3.98257526 3.98122331 3.97513636 3.97187045
 3.97820351 3.98397166 3.97881551 3.98013453 3.97987113 3.97236345
 3.97852411 3.98904753 3.9696417  3.97558021 3.9855184  3.97663443
 3.97302382 3.97718706 3.97137519 3.97816675 3.98497413 3.97413402
 3.98099127 3.97709071 3.97699981 3.97838903 3.97647405 3.97552118
 3.97894534 3.97575256 3.96770496 3.98348176 3.98110539 3.97323866
 3.98208688 3.98178718 3.97142493 3.98836953 3.96763761 3.97342701
 3.98109495 3.980331   3.97854361 3.97470836 3.97723574 3.98127806
 3.98070263 3.97607508 3.97622756 3.97936248 3.97281469 3.96245087
 3.98070004 3.97416724 3.98096689 3.99364031 3.96666104 3.97131838
 3.97269906 3.9814959  3.97778061 3.98098156 3.97699175 3.97078316
 3.98071427 3.98816406 3.96920089 3.97991781 3.98987376 3.97995063
 3.99026304 3.97503591 3.98093033 3.96755546 3.97030818 3.97609575
 3.97108889 3.98555114 3.97147069 3.98282651 3.97353564 3.98409359
 3.97873332 3.97206733 3.98423076 3.98559243 3.97821191 3.98657978
 3.97490907 3.98262955 3.98833087 3.97474606 3.98849106 3.99039722
 3.9826926  3.982082   3.97332594 3.97950438 3.98624153 3.98513403
 3.97689418 3.97765082 3.98087687 3.97672787 3.97349196 3.97842674
 3.9772268  3.98001114 3.97922879 3.97035203 3.9710986  3.99033076
 3.98381067 3.9920105  3.97876775 3.9671672  3.97967515 3.97855924
 3.98258304 3.97990351 3.98093934 3.98424847 3.97707156 3.98256624
 3.97182323 3.98831484 3.9698062  3.98457067 3.97462205 3.97787331
 3.9749232  3.97530413 3.97896832 3.9656081  3.97108704 3.98591105
 3.98467498 3.97163283 3.98478261 3.99855676 3.98225004 3.98391481
 3.97163481 3.97110965 3.97919371 3.96233033 3.98204825 3.98178363
 3.98171226 3.98267716 3.98428635 3.97237574 3.97901893 3.98556199
 3.96409699 3.97318903 3.97349351 3.96975218 3.98035088 3.96546128
 3.97236007 3.98944652 3.96832608 3.97781673 3.97971053 3.96711829
 3.97192901 3.98504627 3.97590746 3.97387962 3.99616261 3.97716131
 3.97428701 3.99193505 3.9815518  3.97435354 3.96975816 3.96590278
 3.96568429 3.98347259 3.9807442  3.97198442 3.97439221 3.98590625
 3.98521465 3.98238034 3.96953901 3.97117826 3.97294261 3.9740744
 3.98530315 3.97463795 3.97971095 3.99141583 3.9828651  3.98158793
 3.97947017 3.98994642 3.99050412 3.97734803 3.96601828 3.98947332
 3.9861061  3.96873012 3.97266108 3.9744764  3.9829616  3.98413509
 3.9625942  3.98780223 3.97978648 3.98728494 3.97174667 3.96936962
 3.98294631 3.96436415 3.97411187 3.97073965 3.97674055 3.97882353
 3.97736482 3.98451599 3.97364589 3.96718408 3.97605388 3.97526811
 3.97600723 3.97223644 3.97381613 3.9735121  3.97761356 3.98000135
 3.985774   3.9751848  3.97408721 3.9950125  3.98158676 3.96517179
 3.98901755 3.98542665 3.9793557  3.97361652 3.97920135 3.97676916
 3.97982938 3.99014525 3.98658755 3.97098489 3.98149649 3.98343314
 3.98003922 3.98523395 3.97197652 3.9768751  3.97224909 3.98019564
 3.98075148 3.98024845 3.97081266 3.98326502 3.98648137 3.97697445
 3.9747419  3.98258761 3.9857146  3.98013934 3.96944061 3.97330638
 3.96918153 3.96930804 3.98817703 3.96700386 3.9860017  3.97538786
 3.97322889 3.97472527 3.97034549 3.97434182 3.97173918 3.97885585
 3.97468966 3.97559001 3.97134381 3.9796834  3.96925902 3.97372185
 3.98286664 3.98001228 3.98602047 3.97173455 3.98530052 3.98422629
 3.97277592 3.98197309 3.97543527 3.98013402 3.97908562 3.98387087
 3.97733457 3.96923584 3.96516448 3.97912047 3.97635725 3.97060488
 3.98280805 3.98934088 3.98075347 3.95913374 3.98315762 3.9775251
 3.98181686 3.9737596  3.98696826 3.97134044]",566
H46,,,,,,4.15,0.05,"['M', 'A', 'T', 'L', 'E', 'K', 'L', 'M', 'K', 'A', 'F', 'E', 'S', 'L', 'K', 'S', 'F', 'Q', 'Q', 'Q', 'Q', 'Q', 'Q', 'Q', 'Q', 'Q', 'Q', 'Q', 'Q', 'Q', 'Q', 'Q', 'Q', 'Q', 'Q', 'Q', 'Q', 'Q', 'Q', 'Q', 'Q', 'Q', 'Q', 'Q', 'Q', 'Q', 'Q', 'Q', 'Q', 'Q', 'Q', 'Q', 'Q', 'Q', 'Q', 'Q', 'Q', 'Q', 'Q', 'Q', 'Q', 'Q', 'Q', 'P', 'P', 'P', 'P', 'P', 'P', 'P', 'P', 'P', 'P', 'P', 'Q', 'L', 'P', 'Q', 'P', 'P', 'P', 'Q', 'A', 'Q', 'P', 'L', 'L', 'P', 'Q', 'P', 'Q', 'P', 'P', 'P', 'P', 'P', 'P', 'P', 'P', 'P', 'P', 'G', 'P', 'A', 'V', 'A', 'E', 'E', 'P', 'L', 'H', 'R', 'P', 'E', 'A', 'S', 'L', 'E', 'V', 'L', 'F', 'Q', 'G', 'P', 'G', 'S', 'H', 'M', 'A', 'S', 'K', 'G', 'E', 'E', 'L', 'F', 'T', 'G', 'V', 'V', 'P', 'I', 'L', 'V', 'E', 'L', 'D', 'G', 'D', 'V', 'N', 'G', 'H', 'K', 'F', 'S', 'V', 'R', 'G', 'E', 'G', 'E', 'G', 'D', 'A', 'T', 'N', 'G', 'K', 'L', 'T', 'L', 'K', 'F', 'I', 'C', 'T', 'T', 'G', 'K', 'L', 'P', 'V', 'P', 'W', 'P', 'T', 'L', 'V', 'T', 'T', 'L', 'T', 'Y', 'G', 'V', 'Q', 'C', 'F', 'S', 'R', 'Y', 'P', 'D', 'H', 'M', 'K', 'R', 'H', 'D', 'F', 'F', 'K', 'S', 'A', 'M', 'P', 'E', 'G', 'Y', 'V', 'Q', 'E', 'R', 'T', 'I', 'S', 'F', 'K', 'D', 'D', 'G', 'T', 'Y', 'K', 'T', 'R', 'A', 'E', 'V', 'K', 'F', 'E', 'G', 'D', 'T', 'L', 'V', 'N', 'R', 'I', 'E', 'L', 'K', 'G', 'I', 'D', 'F', 'K', 'E', 'D', 'G', 'N', 'I', 'L', 'G', 'H', 'K', 'L', 'E', 'Y', 'N', 'F', 'N', 'S', 'H', 'N', 'V', 'Y', 'I', 'T', 'A', 'D', 'K', 'Q', 'K', 'N', 'G', 'I', 'K', 'A', 'N', 'F', 'K', 'I', 'R', 'H', 'N', 'V', 'E', 'D', 'G', 'S', 'V', 'Q', 'L', 'A', 'D', 'H', 'Y', 'Q', 'Q', 'N', 'T', 'P', 'I', 'G', 'D', 'G', 'P', 'V', 'L', 'L', 'P', 'D', 'N', 'H', 'Y', 'L', 'S', 'T', 'Q', 'S', 'V', 'L', 'S', 'K', 'D', 'P', 'N', 'E', 'K', 'R', 'D', 'H', 'M', 'V', 'L', 'L', 'E', 'F', 'V', 'T', 'A', 'A', 'G', 'I', 'T', 'H', 'G', 'M', 'D', 'E', 'L', 'Y', 'K', 'L', 'E', 'R', 'A', 'P', 'G', 'G', 'G', 'S', 'H', 'H', 'H', 'H', 'H', 'H']",,0.163,,,6.5,,,283.0,,,4.030589831720283,"[4.0294969  4.02356599 4.03411313 4.02684802 4.03153466 4.02407949
 4.03681127 4.02725158 4.03284172 4.04140035 4.03237664 4.02494556
 4.02868424 4.02531552 4.02811357 4.03205282 4.03322723 4.03523684
 4.0328615  4.03191568 4.02952904 4.03440097 4.02955006 4.03200036
 4.03391592 4.03651493 4.03176731 4.03307354 4.0324328  4.0290877
 4.02767764 4.03404587 4.03234891 4.0281771  4.03614204 4.03316212
 4.03769439 4.03151306 4.0354116  4.03103779 4.03137688 4.0339914
 4.02969925 4.03063065 4.02343557 4.03576601 4.03529157 4.03185028
 4.03699103 4.026228   4.0303572  4.03053383 4.02743928 4.03286222
 4.02624647 4.03847981 4.03084802 4.03473848 4.03228548 4.03788523
 4.02979673 4.04029139 4.0231794  4.03400269 4.027968   4.0353338
 4.02737998 4.04073282 4.03245248 4.03566166 4.03437596 4.03115569
 4.02946792 4.03463535 4.03306957 4.03118369 4.02870476 4.03275638
 4.03262268 4.02492214 4.03751414 4.02875235 4.03593296 4.03206214
 4.02665966 4.02913856 4.03109962 4.02875137 4.03592381 4.0336175
 4.03206697 4.01878488 4.03092219 4.03017755 4.02910803 4.03323387
 4.03199856 4.02866291 4.03433786 4.03213902 4.03472103 4.02951201
 4.02575945 4.02950375 4.02139523 4.03141103 4.02385075 4.03038401
 4.02894077 4.03617267 4.03920958 4.02544134 4.02290595 4.03249302
 4.02409989 4.02387644 4.0318048  4.02675118 4.03243181 4.02998816
 4.02840448 4.03191444 4.03290988 4.02867539 4.0241405  4.0421449
 4.02726726 4.03394341 4.02413688 4.0250019  4.02225244 4.03003254
 4.02977507 4.02253212 4.03503737 4.032001   4.02763462 4.03211373
 4.02911708 4.03486949 4.03037208 4.03136262 4.02597521 4.02802505
 4.03259301 4.02710473 4.023918   4.02779682 4.02951822 4.03693608
 4.03358717 4.02235583 4.02802308 4.0342764  4.02990288 4.02697185
 4.02574793 4.03484254 4.03293805 4.02625393 4.03481613 4.03003808
 4.03199446 4.02650093 4.02855848 4.03605245 4.02931169 4.03180081
 4.02729687 4.02868881 4.03302965 4.02710675 4.03238776 4.02101014
 4.03296979 4.02762942 4.03518351 4.03236081 4.02840583 4.02261171
 4.03211917 4.02891699 4.03645607 4.03499982 4.03410014 4.03003738
 4.03718065 4.02482023 4.02481263 4.02304505 4.02694735 4.03023375
 4.02962226 4.03038695 4.03001537 4.02627529 4.03613815 4.02856895
 4.03339785 4.03550017 4.02948704 4.03743132 4.02960511 4.03219614
 4.03563254 4.02943059 4.03629724 4.02654661 4.02313752 4.03232501
 4.03298428 4.03151198 4.03396653 4.03122517 4.03367456 4.02793522
 4.02661249 4.02402194 4.03731476 4.03489588 4.02674313 4.03361414
 4.03182383 4.02851852 4.03007774 4.02942208 4.03163503 4.03208572
 4.02810945 4.03830407 4.02922845 4.03377536 4.02595889 4.02941027
 4.02613879 4.03120711 4.02647182 4.02597415 4.02800583 4.02583639
 4.03316556 4.02439348 4.02531299 4.03180104 4.03314593 4.03078709
 4.03560598 4.02066595 4.0294731  4.03210082 4.04012843 4.02957389
 4.02999575 4.03725316 4.0273245  4.03009115 4.02819562 4.02452484
 4.04497921 4.02702605 4.02693307 4.0372324  4.03415702 4.02721955
 4.02742374 4.03043899 4.02651235 4.03134465 4.03603931 4.03088596
 4.03005248 4.03437644 4.03596813 4.02678389 4.02387671 4.01947903
 4.02640727 4.03834696 4.03174675 4.03720042 4.02488951 4.04426986
 4.03107884 4.02804469 4.0301833  4.03317861 4.03340045 4.0362937
 4.03556547 4.02785488 4.0348157  4.02298184 4.03421566 4.02724907
 4.02054067 4.03022516 4.03225327 4.0322766  4.0323766  4.03770293
 4.03284156 4.04047366 4.03134595 4.03619198 4.03436553 4.02949159
 4.0305947  4.03203421 4.02946092 4.03296002 4.03339699 4.02795232
 4.02773042 4.03007016 4.03530945 4.02765629 4.03858201 4.03290188
 4.03189474 4.02564821 4.03174281 4.03186    4.0323783  4.03681634
 4.02730098 4.03464453 4.03094795 4.03608161 4.02867416 4.03355389
 4.03434333 4.03099935 4.02943795 4.02907865 4.03348204 4.03469342
 4.03557461 4.03478466 4.02590365 4.01992427 4.0281258  4.03022465
 4.02697005 4.03174061 4.03835913 4.03193383 4.02894056 4.02192061
 4.03305371 4.03118489 4.0263531  4.02899723 4.02823956 4.02307477
 4.03360527 4.02460677 4.02792572 4.02741097 4.02439721 4.02733887
 4.02174322 4.03219056 4.02788095 4.03605788 4.03777154 4.02816216
 4.02539159 4.03100896 4.02846822 4.03229213 4.03400306 4.03527473
 4.02919417 4.03053436 4.02805762 4.02731393 4.02844838 4.03686742
 4.02919695 4.02842101 4.03027047 4.03009088 4.01972473 4.02848655
 4.02458963 4.02699755 4.02911109 4.02900827 4.03018077 4.03591154
 4.03098013 4.03632757 4.02365796 4.0261981  4.03642076 4.03274478
 4.03083716 4.03436312 4.03429996 4.0302434  4.02978347 4.02729134
 4.02862099 4.03610416 4.03463313 4.03023754 4.03222625 4.03382226
 4.03086647 4.03439872 4.03112972 4.03388302 4.02532249 4.022858
 4.02504611 4.03250732 4.03665347 4.02478973 4.0263209  4.03116988
 4.02908126 4.03051968 4.02634447 4.03465732 4.0370823  4.03609227
 4.02411302 4.03437608 4.02278543 4.0317156  4.03506166 4.02742333
 4.0259339  4.03185251 4.02580776 4.03435099 4.03158989 4.0344431
 4.03096867 4.03556582 4.02927871 4.03281223 4.02698696 4.03276155
 4.02622193 4.03723063 4.02276632 4.0320787  4.03161875 4.0314143
 4.02371264 4.0301641  4.03051816 4.03861693 4.02355352 4.03405297
 4.02669095 4.02461913 4.02885884 4.03645095 4.02904836 4.03297981
 4.03207534 4.03468009 4.02544447 4.01708641 4.03303783 4.02419572
 4.03380684 4.034295   4.03287482 4.02857669 4.0275995  4.03399131
 4.03160401 4.02995307 4.02795323 4.02984594 4.03370581 4.02497316
 4.02862935 4.03008809 4.02478524 4.02639455 4.02652137 4.03112701
 4.03673462 4.0310814  4.02651431 4.02207535 4.02958924 4.03896402
 4.02446181 4.03042842 4.02815015 4.03290033 4.02823573 4.03173113
 4.03769814 4.02829457 4.0279224  4.02612905 4.02378092 4.03018959
 4.02419223 4.02877114 4.02995929 4.03053121 4.02548121 4.0268919
 4.02865603 4.03176195 4.034628   4.03326339 4.0282183  4.03190383
 4.02813471 4.02317029 4.03226485 4.02300868 4.02473976 4.01923823
 4.0307906  4.03096079 4.03492259 4.02581952 4.02740229 4.03171006
 4.0378724  4.03145298 4.0327498  4.01601028 4.02416657 4.03168735
 4.03126208 4.02792008 4.03174399 4.02949006 4.02333593 4.03399027
 4.02769087 4.02205259 4.02879629 4.03066915 4.02862358 4.03387113
 4.03497669 4.02562002 4.02957506 4.02178097 4.02952259 4.02948511
 4.01951962 4.03071247 4.02468074 4.02882895 4.02803805 4.0289615
 4.02549122 4.03806832 4.03613132 4.03275375 4.02791823 4.02855777
 4.02813213 4.03418475 4.02700528 4.02675394 4.02717053 4.03396589
 4.04508652 4.02515995 4.03087662 4.02915895 4.03403521 4.03174309
 4.02805883 4.02477177 4.0275552  4.03171162 4.03687546 4.0416588
 4.02742708 4.03440961 4.0304226  4.03344758 4.03262909 4.0423428
 4.03419957 4.02590196 4.02696787 4.03497262 4.03365774 4.03062546
 4.03158014 4.03010548 4.03422748 4.03282077 4.02734371 4.02171537
 4.03199745 4.02632731 4.03137639 4.03188625 4.04232258 4.02918772
 4.02847147 4.02656546 4.02313854 4.02704732 4.03279233 4.02963447
 4.03045087 4.02351534 4.03342874 4.03345881 4.0309465  4.02694847
 4.02940051 4.03826662 4.0264064  4.02836411 4.02994891 4.03127237
 4.02805592 4.03106018 4.02773074 4.03335296 4.0322625  4.02911813
 4.0268652  4.03460971 4.03057206 4.0303707  4.028855   4.037192
 4.03386305 4.03741579 4.02595767 4.03463592 4.0321196  4.0336542
 4.02841334 4.03494945 4.03368716 4.03738898 4.02944867 4.04021164
 4.02972548 4.02965634 4.03606148 4.02383202 4.03128133 4.03779784
 4.03512195 4.02990745 4.02621832 4.03528379 4.03897555 4.02115477
 4.03000438 4.03309453 4.02338143 4.03760524 4.03394548 4.01786534
 4.03462614 4.03531684 4.03071918 4.0301773  4.03232152 4.03257402
 4.02386253 4.02442116 4.03482648 4.0374232  4.03058389 4.02828029
 4.02572505 4.02366725 4.03554172 4.03433998 4.03589087 4.028677
 4.02682548 4.03142173 4.03131848 4.02982731 4.03412359 4.02804261
 4.02252327 4.02825074 4.02898872 4.02661616 4.02443643 4.01721965
 4.02472144 4.02878795 4.03400324 4.03270417 4.03140955 4.03437457
 4.0197441  4.03026023 4.03639236 4.03492369 4.02706069 4.03501297
 4.02782753 4.03184052 4.03101807 4.02885705 4.03386708 4.03017938
 4.02356765 4.03431594 4.02963215 4.04039785 4.02801237 4.02956728
 4.03253718 4.03622063 4.0354191  4.03847245 4.03740251 4.04095388
 4.02767468 4.02471552 4.02616314 4.03278231 4.03559764 4.03602437
 4.03046083 4.03486353 4.03913305 4.0307307  4.03256129 4.03702167
 4.03286346 4.03479872 4.02634057 4.02421458 4.03367266 4.03530312
 4.03687383 4.03492566 4.02856062 4.02089051 4.03431528 4.03218695
 4.0312569  4.02710621 4.02828504 4.0277214  4.02792878 4.03227003
 4.02123572 4.03225156 4.03276229 4.0318995  4.03490457 4.02800192
 4.02498373 4.02605241 4.02893092 4.03306565 4.03452222 4.02679724
 4.02717682 4.03632363 4.03177237 4.03514601 4.02694026 4.02407392
 4.02831656 4.03744605 4.03520957 4.03098858 4.03280669 4.02627661
 4.02738415 4.02711866 4.03551751 4.035786   4.03990064 4.03142574
 4.03368745 4.02726481 4.0382846  4.02306907 4.03581982 4.02899717
 4.02604527 4.02537423 4.02269726 4.02850113 4.02966503 4.0277697
 4.02894564 4.03456506 4.03538133 4.03111176 4.03072614 4.02942656
 4.02947047 4.02757951 4.0323429  4.03199374 4.03433722 4.0336073
 4.03741267 4.03171117 4.03240535 4.03011298 4.03592793 4.02254185
 4.02811857 4.0293102  4.0239189  4.03054181 4.02870999 4.0235907
 4.03101582 4.02848182 4.03594679 4.02167215 4.03318381 4.03458426
 4.03008694 4.02579894 4.02689085 4.02749407 4.03550137 4.03136954
 4.03297701 4.03103873 4.03439263 4.02885897 4.03780145 4.02677386
 4.0284831  4.03275436 4.02444118 4.03106283 4.03219041 4.03686041
 4.02608815 4.02714204 4.0324748  4.02922663 4.02365681 4.03209225
 4.03164196 4.03419751 4.03451439 4.02334203 4.02580189 4.03313841
 4.03620982 4.02841914 4.03493788 4.03084749 4.03050164 4.02443083
 4.0273107  4.03247058 4.02291146 4.03379802 4.02293448 4.02788728
 4.0251193  4.02696851 4.03001867 4.03417169 4.03656085 4.02956057
 4.02354839 4.03401095 4.03573217 4.03378347 4.02785192 4.02193218
 4.03531053 4.03550995 4.0289196  4.03223343 4.03431377 4.03377024
 4.0301636  4.02884778 4.03501299 4.02895053 4.02749254 4.02680984
 4.02811769 4.03159076 4.03631559 4.03120303 4.02657859 4.02861351
 4.02834372 4.03103173 4.03400206 4.03854977 4.03840456 4.02997725
 4.02881791 4.02644734 4.02763147 4.02790504 4.03678576 4.02469886
 4.03723977 4.03011251 4.03033256 4.02713002 4.03261146 4.02876168
 4.02647168 4.03877966 4.02728636 4.0313599  4.03020529 4.03078567
 4.02696695 4.02777109 4.03199807 4.03226864 4.02481397 4.03804946
 4.03172984 4.03485401 4.02375707 4.02848873 4.02744656 4.02802426
 4.02646021 4.02765168 4.03179091 4.03430954 4.02459494 4.03414752
 4.0245509  4.03203818 4.03368385 4.02966606 4.02886568 4.0298477
 4.03055664 4.02160792 4.02455146 4.03121811 4.02380449 4.03853398
 4.03336042 4.02782479 4.03565481 4.02411243 4.03331924 4.02395882
 4.03359846 4.03911522 4.03476246 4.03230154 4.02070102 4.02544859
 4.03043473 4.0293679  4.02372272 4.03318623 4.02819676 4.02403873
 4.02805661 4.03168601 4.02416955 4.02536998 4.0228933  4.03598199
 4.03425555 4.02780946 4.03460315 4.03006492 4.0355948  4.03570245
 4.03326578 4.025482   4.02695626 4.03360083 4.01976026 4.02597063
 4.03231643 4.03498486 4.03241878 4.03672958 4.03502657 4.03319804
 4.03340688 4.03221427 4.0323032  4.0201719 ]",381
TDP43W2A,,,,,,4.11,0.04,"['G', 'M', 'S', 'E', 'Y', 'I', 'R', 'V', 'T', 'E', 'D', 'E', 'N', 'D', 'E', 'P', 'I', 'E', 'I', 'P', 'S', 'E', 'D', 'D', 'G', 'T', 'V', 'L', 'L', 'S', 'T', 'V', 'T', 'A', 'Q', 'F', 'P', 'G', 'A', 'C', 'G', 'L', 'R', 'Y', 'R', 'N', 'P', 'V', 'S', 'Q', 'C', 'M', 'R', 'G', 'V', 'R', 'L', 'V', 'E', 'G', 'I', 'L', 'H', 'A', 'P', 'D', 'A', 'G', 'A', 'G', 'N', 'L', 'V', 'Y', 'V', 'V', 'N', 'Y', 'P', 'K', 'D', 'N', 'K', 'R', 'K', 'M', 'D', 'E', 'T', 'D', 'A', 'S', 'S', 'A', 'V', 'K', 'V', 'K', 'R', 'A', 'V', 'Q', 'K', 'T', 'S', 'D', 'L', 'I', 'V', 'L', 'G', 'L', 'P', 'A', 'K', 'T', 'T', 'E', 'Q', 'D', 'L', 'K', 'E', 'Y', 'F', 'S', 'T', 'F', 'G', 'E', 'V', 'L', 'M', 'V', 'Q', 'V', 'K', 'K', 'D', 'L', 'K', 'T', 'G', 'H', 'S', 'K', 'G', 'F', 'G', 'F', 'V', 'R', 'F', 'T', 'E', 'Y', 'E', 'T', 'Q', 'V', 'K', 'V', 'M', 'S', 'Q', 'R', 'H', 'M', 'I', 'D', 'G', 'R', 'A', 'C', 'D', 'C', 'K', 'L', 'P', 'N', 'S', 'K', 'Q', 'S', 'Q', 'D', 'E', 'P', 'L', 'R', 'S', 'R', 'K', 'V', 'F', 'V', 'G', 'R', 'C', 'T', 'E', 'D', 'M', 'T', 'E', 'D', 'E', 'L', 'R', 'E', 'F', 'F', 'S', 'Q', 'Y', 'G', 'D', 'V', 'M', 'D', 'V', 'F', 'I', 'P', 'K', 'P', 'F', 'R', 'A', 'F', 'A', 'F', 'V', 'T', 'F', 'A', 'D', 'D', 'Q', 'I', 'A', 'Q', 'S', 'L', 'C', 'G', 'E', 'D', 'L', 'I', 'I', 'K', 'G', 'I', 'S', 'V', 'H', 'I', 'S', 'N', 'A', 'E', 'P', 'K', 'H', 'N', 'S', 'N', 'R', 'Q', 'L', 'E', 'R', 'S', 'G', 'R', 'F', 'G', 'G', 'N', 'P', 'G', 'G', 'F', 'G', 'N', 'Q', 'G', 'G', 'F', 'G', 'N', 'S', 'R', 'G', 'G', 'G', 'A', 'G', 'L', 'G', 'N', 'N', 'Q', 'G', 'S', 'N', 'M', 'G', 'G', 'G', 'M', 'N', 'F', 'G', 'A', 'F', 'S', 'I', 'N', 'P', 'A', 'M', 'M', 'A', 'A', 'A', 'Q', 'A', 'A', 'L', 'Q', 'S', 'S', 'A', 'G', 'M', 'M', 'G', 'M', 'L', 'A', 'S', 'Q', 'Q', 'N', 'Q', 'S', 'G', 'P', 'S', 'G', 'N', 'N', 'Q', 'N', 'Q', 'G', 'N', 'M', 'Q', 'R', 'E', 'P', 'N', 'Q', 'A', 'F', 'G', 'S', 'G', 'N', 'N', 'S', 'Y', 'S', 'G', 'S', 'N', 'S', 'G', 'A', 'A', 'I', 'G', 'A', 'G', 'S', 'A', 'S', 'N', 'A', 'G', 'S', 'G', 'S', 'G', 'F', 'N', 'G', 'G', 'F', 'G', 'S', 'S', 'M', 'D', 'S', 'K', 'S', 'S', 'G', 'A', 'G', 'M']",,0.312,,,8.0,,,293.15,,,4.178454049227391,"[4.17617157 4.17190468 4.1754075  4.17351193 4.18856104 4.1771608
 4.18206876 4.17901187 4.17401    4.17371046 4.16946202 4.17888337
 4.18285508 4.17385641 4.18097144 4.17780566 4.1767226  4.1792375
 4.17223844 4.17204545 4.17851592 4.17918998 4.17610053 4.17513438
 4.17689486 4.18159657 4.17760669 4.17565612 4.18278093 4.18924843
 4.17852399 4.18014524 4.18398335 4.18317011 4.17538397 4.18253715
 4.181725   4.18839089 4.18029391 4.17695295 4.17859745 4.17643858
 4.18267259 4.17460349 4.18077303 4.17258476 4.1834939  4.1790161
 4.17699288 4.17175093 4.17892173 4.1731738  4.18362151 4.17978279
 4.17837267 4.17592506 4.17800875 4.17932071 4.17861422 4.18111185
 4.17488211 4.18043893 4.1799349  4.17782242 4.17943504 4.17560476
 4.18004433 4.17918171 4.18441822 4.18016703 4.1786168  4.17350314
 4.17600113 4.18380088 4.18231341 4.18460064 4.17705223 4.17389792
 4.18367886 4.18288342 4.18076333 4.17889353 4.17710298 4.18199948
 4.16939427 4.17852422 4.17389133 4.18635813 4.17805348 4.17134426
 4.18151311 4.18792626 4.17635629 4.1720657  4.18504288 4.18439514
 4.17723947 4.17814178 4.18515443 4.18161564 4.17067046 4.17517349
 4.18156127 4.17761083 4.17633121 4.17328714 4.17688781 4.18070233
 4.18085161 4.18210182 4.17489559 4.17944427 4.17976309 4.1808787
 4.17766909 4.17721546 4.17685615 4.17705834 4.17907566 4.17540534
 4.18161942 4.18639952 4.17554004 4.17810357 4.17825139 4.17925259
 4.17838018 4.18268814 4.17855458 4.18029182 4.18126075 4.1780156
 4.17827744 4.17866273 4.18210063 4.18011637 4.18046732 4.17610718
 4.17615412 4.17286011 4.18020996 4.17554396 4.18534362 4.17680823
 4.17435713 4.18835146 4.17668076 4.18346046 4.17366457 4.18462088
 4.17895162 4.17546955 4.17554306 4.17871183 4.1794437  4.18432266
 4.17640912 4.17388259 4.1786034  4.17753965 4.18174931 4.17924474
 4.17350164 4.17856148 4.17480375 4.17383182 4.17440505 4.18069009
 4.17821093 4.1741525  4.1795473  4.18337208 4.17402    4.18075639
 4.18321963 4.17674308 4.18306449 4.17417649 4.17480606 4.17672742
 4.18153387 4.17948286 4.17523306 4.18128015 4.18327708 4.18571198
 4.17957478 4.1751919  4.17391347 4.18438348 4.18067654 4.17442072
 4.17495432 4.17517668 4.18481497 4.17809681 4.18001038 4.18169331
 4.18300383 4.17094375 4.18158536 4.18274849 4.18575879 4.17361079
 4.17891534 4.17862569 4.17716528 4.18254157 4.1848881  4.17593366
 4.18257714 4.18129799 4.17883762 4.18461683 4.17807597 4.17691331
 4.18799857 4.17884123 4.17890524 4.18455683 4.18360293 4.16725927
 4.18127138 4.1877624  4.18908196 4.18038985 4.1799773  4.17761281
 4.17989597 4.17964986 4.18282567 4.1788111  4.17183733 4.17747981
 4.17239907 4.17673245 4.17856851 4.18522001 4.18523246 4.18521402
 4.1756547  4.18193757 4.18465284 4.17998156 4.18269583 4.17146818
 4.18372062 4.17474617 4.17616751 4.17519447 4.17538608 4.17011251
 4.18223487 4.17690511 4.17853931 4.18049449 4.17968982 4.1836475
 4.17575795 4.17960625 4.18483476 4.17603146 4.18196271 4.17526684
 4.18267161 4.18366356 4.17960155 4.16396727 4.18207923 4.17753636
 4.17998261 4.18445758 4.17204232 4.18266855 4.18292705 4.18024328
 4.18121966 4.18168152 4.17250579 4.17063066 4.18105593 4.17378945
 4.17471477 4.1768953  4.18499171 4.17896969 4.17955087 4.17503559
 4.18251246 4.17895886 4.18092991 4.17328197 4.18270684 4.17488332
 4.17513225 4.18111874 4.17528631 4.18312535 4.17543957 4.17682221
 4.18196162 4.17897525 4.1722496  4.17442752 4.17595891 4.18000833
 4.17976213 4.17517438 4.17798591 4.17905641 4.18050809 4.1834051
 4.17765439 4.18068201 4.18943736 4.17149762 4.18112907 4.18414366
 4.17830707 4.18217467 4.18070751 4.1766656  4.18162368 4.1797764
 4.17625052 4.17550882 4.17256744 4.17795971 4.17582921 4.17399959
 4.17521939 4.1811782  4.17873537 4.17191723 4.1750764  4.18119856
 4.17888103 4.18154816 4.17628946 4.17646101 4.17508559 4.17016396
 4.17849833 4.17922628 4.18296333 4.17532032 4.17554493 4.17865324
 4.18106555 4.17754049 4.18895239 4.18294611 4.17178007 4.17901658
 4.17396691 4.18009519 4.1808918  4.17625989 4.17171081 4.17649607
 4.1727531  4.17789534 4.18481432 4.178425   4.18035782 4.18321636
 4.18167787 4.17025786 4.17769153 4.17568085 4.17584588 4.17500824
 4.17951555 4.18153132 4.1837038  4.18060705 4.1776312  4.17533382
 4.1765421  4.17755954 4.17399287 4.17888747 4.17967329 4.17376035
 4.17619461 4.17605038 4.17317178 4.17341496 4.18024227 4.17362005
 4.18343265 4.17947712 4.17438063 4.18447724 4.18180987 4.17546103
 4.18281833 4.17516392 4.18715327 4.17838853 4.17399222 4.17628001
 4.18105698 4.18141143 4.17886603 4.17376237 4.1770312  4.18241683
 4.17585694 4.17689742 4.17958331 4.17948829 4.1765528  4.1848281
 4.176857   4.17527263 4.18193928 4.1741634  4.18266913 4.17676244
 4.1769854  4.17607153 4.17720905 4.17101163 4.17767254 4.17959066
 4.17738912 4.17974353 4.17465366 4.17620029 4.18226772 4.17762442
 4.17877591 4.18098881 4.17976105 4.18400665 4.17643685 4.17889096
 4.17902112 4.17384545 4.17908581 4.17633534 4.17554809 4.17821597
 4.18041552 4.17934064 4.18278045 4.17949757 4.17858881 4.17433209
 4.17697135 4.18156912 4.18396161 4.1857512  4.18236853 4.17460347
 4.17845021 4.17655409 4.18349682 4.18682469 4.18117801 4.172409
 4.17338451 4.17804447 4.17876562 4.17960159 4.17265948 4.17783958
 4.18296627 4.17298357 4.1820839  4.1768513  4.17455136 4.18537092
 4.17612761 4.17630869 4.18091998 4.18174772 4.17827697 4.179826
 4.17708198 4.18326345 4.17492729 4.18044065 4.17828591 4.17366943
 4.17469794 4.16933706 4.18778544 4.1852625  4.17541192 4.18316431
 4.18183791 4.17303654 4.17508746 4.17893223 4.18090964 4.17589887
 4.17907534 4.18525782 4.17761475 4.18019196 4.18455678 4.17687028
 4.17909062 4.17709695 4.18048791 4.17358603 4.18000857 4.17993948
 4.18505264 4.17651021 4.18027987 4.17485168 4.17816706 4.18215986
 4.17144645 4.17664092 4.17988351 4.18346341 4.17497933 4.18283876
 4.17921416 4.18201492 4.1769508  4.17740926 4.18638814 4.17163186
 4.18624938 4.17541019 4.18078495 4.1820608  4.18297504 4.18167885
 4.1781593  4.17301925 4.1783204  4.18147253 4.1805944  4.17680198
 4.18136089 4.17528046 4.17817345 4.18533987 4.17149731 4.18358341
 4.17754127 4.1786028  4.18172763 4.1793584  4.17367256 4.17541415
 4.18244911 4.17560527 4.18005117 4.1863268  4.18171129 4.17842133
 4.18554528 4.18136885 4.18294383 4.18061348 4.1800451  4.1777667
 4.17764128 4.18364686 4.17259239 4.1830738  4.17674387 4.18440672
 4.1718259  4.1828715  4.17629636 4.18054286 4.18617335 4.17527489
 4.17466557 4.17863781 4.18358997 4.17853559 4.17926589 4.17751417
 4.17462813 4.18862552 4.17951164 4.18227475 4.16949133 4.17618384
 4.17350222 4.17282182 4.17984399 4.17519363 4.17957891 4.17982931
 4.18104227 4.17561693 4.1774978  4.17483013 4.17236914 4.18160825
 4.18053128 4.18574453 4.18286314 4.17819258 4.17847823 4.17219
 4.18502591 4.1825308  4.17728963 4.17957965 4.17812881 4.17475897
 4.17086581 4.17735405 4.18652667 4.18227079 4.18088633 4.17990062
 4.17767153 4.1793816  4.17829448 4.1758616  4.17734439 4.18553333
 4.18573714 4.17528118 4.17314519 4.18056394 4.1727664  4.17562533
 4.17910245 4.1833776  4.17459643 4.18291695 4.17769878 4.18060593
 4.17895241 4.1857964  4.17989887 4.17219469 4.1760032  4.18058209
 4.17730035 4.17932085 4.17568077 4.17969429 4.18070543 4.17528159
 4.17736568 4.17868007 4.17880113 4.18019824 4.17899918 4.18108911
 4.18038609 4.18177757 4.18168363 4.17383036 4.18400211 4.17067899
 4.1709744  4.17820235 4.18147418 4.17844556 4.18307236 4.1812259
 4.17664938 4.17525344 4.17508484 4.17839412 4.17796329 4.18539337
 4.18010081 4.17767266 4.18265749 4.17926698 4.18261451 4.17803878
 4.17914896 4.17474326 4.17400302 4.18285003 4.16887181 4.188695
 4.18540466 4.18222932 4.17686505 4.17901    4.17609859 4.18715643
 4.17870101 4.1825161  4.1834926  4.17238037 4.16785212 4.17900789
 4.18216095 4.1761416  4.18198728 4.18545504 4.17539625 4.17702954
 4.17598966 4.18350008 4.1792474  4.17788105 4.1695492  4.17649948
 4.17882968 4.17850989 4.17836705 4.17530159 4.18079654 4.17499578
 4.1815293  4.17986677 4.18435327 4.17962546 4.17227614 4.17777287
 4.1834632  4.18019098 4.17123025 4.18416776 4.17415647 4.17714307
 4.17022472 4.17883306 4.18028585 4.17258027 4.18305881 4.17998175
 4.17438529 4.17463436 4.17818738 4.17525088 4.18090648 4.17641275
 4.18722925 4.17697957 4.1806001  4.17514287 4.18094055 4.18305958
 4.18010601 4.17794197 4.18158015 4.17820602 4.17396957 4.17823193
 4.17499666 4.17339523 4.17822623 4.17213003 4.17477483 4.18108096
 4.17249132 4.17093988 4.18119997 4.18542011 4.18443567 4.17306496
 4.17308318 4.17958562 4.18167438 4.18290419 4.1737205  4.18351808
 4.18102573 4.1779278  4.17970798 4.18051415 4.17622575 4.17317201
 4.18176237 4.18139555 4.17498001 4.17643052 4.18306545 4.17870419
 4.18256776 4.17631686 4.18086085 4.17450643 4.18458447 4.17599031
 4.1741397  4.16438282 4.17602645 4.17970588 4.17260718 4.16727808
 4.16579032 4.18039291 4.17904108 4.18485898 4.1760142  4.17602045
 4.1795857  4.18059005 4.17554647 4.18204197 4.17850735 4.17784642
 4.17364351 4.18135757 4.17360594 4.1764287  4.17892246 4.18095457
 4.1748363  4.18878193 4.18323175 4.18196924 4.18020215 4.18131146
 4.18271374 4.1828002  4.17938172 4.18146397 4.17600357 4.18012465
 4.1803351  4.18168271 4.17895503 4.18097525 4.17904959 4.18252142
 4.17535437 4.18520375 4.17670136 4.18237862 4.18291829 4.17496679
 4.17712091 4.18032867 4.1724675  4.17639527 4.17579371 4.17150413
 4.18277759 4.16980832 4.17504219 4.17925092 4.17579775 4.18070821
 4.17722183 4.1777934  4.18367533 4.17707994 4.18354002 4.18035342
 4.18243731 4.18058906 4.17088422 4.18268695 4.18267084 4.17659256
 4.18177895 4.1718038  4.17081899 4.17711591 4.17864796 4.17886676
 4.18228808 4.17869233 4.17510047 4.18224963 4.18730948 4.18118534
 4.18427501 4.17049789 4.17729882 4.17315566 4.17374999 4.17614252
 4.17833255 4.18281359 4.18064734 4.17754124 4.18444407 4.17925508
 4.17934625 4.18335017 4.17896695 4.17791683 4.17776887 4.177352
 4.1824517  4.17715763 4.17941449 4.17800282 4.17528954 4.17235814
 4.17867113 4.17405807 4.17945192 4.18313819 4.17914353 4.18488565
 4.17471711 4.17513405 4.17930746 4.17596596 4.17715766 4.17612295
 4.17965145 4.17298722 4.18592552 4.17035156 4.17749813 4.18660436
 4.1818674  4.1800687  4.17217059 4.17888154 4.17392872 4.18368524
 4.1793369  4.17867784 4.18213    4.1708406  4.1826006  4.17891239
 4.18303807 4.17916303 4.18499771 4.1781656  4.17995205 4.18108742
 4.1697231  4.18102866 4.18551734 4.17283939 4.17544655 4.18120641
 4.1823213  4.17850487 4.17801352 4.17570311 4.18798034 4.17492139
 4.17869883 4.17843655 4.17636953 4.17633433 4.17556485 4.18034671
 4.17659722 4.18180992 4.17470509 4.1750729  4.18075492 4.17580363
 4.1732099  4.17904651 4.1712059  4.18261944 4.17033162 4.18723021
 4.17627203 4.17923009 4.1798999  4.17568815 4.17426121 4.18124168
 4.17920877 4.18118973 4.18171145 4.17924971 4.17422511 4.17680884
 4.17888167 4.17498059 4.18039031 4.18340587 4.16960918 4.18359053
 4.17961638 4.18078992 4.17958341 4.17704134 4.18064057 4.17634739
 4.18433849 4.17802817 4.17764525 4.17426837 4.17797534 4.1813028
 4.17334151 4.18069146 4.17508626 4.17767657 4.18158321 4.17683667
 4.17672425 4.17690559 4.17808173 4.17048995]",415
PCPE,,,,,,4.04,0.11,"['Q', 'T', 'P', 'N', 'Y', 'T', 'R', 'P', 'V', 'F', 'L', 'C', 'G', 'G', 'D', 'V', 'K', 'G', 'E', 'S', 'G', 'Y', 'V', 'A', 'S', 'E', 'G', 'F', 'P', 'N', 'L', 'Y', 'P', 'P', 'N', 'K', 'E', 'C', 'I', 'W', 'T', 'I', 'T', 'V', 'P', 'E', 'G', 'Q', 'T', 'V', 'S', 'L', 'S', 'F', 'R', 'V', 'F', 'D', 'L', 'E', 'L', 'H', 'P', 'A', 'C', 'R', 'Y', 'D', 'A', 'L', 'E', 'V', 'F', 'A', 'G', 'S', 'G', 'T', 'S', 'G', 'Q', 'R', 'L', 'G', 'R', 'F', 'C', 'G', 'T', 'F', 'R', 'P', 'A', 'P', 'L', 'V', 'A', 'P', 'G', 'N', 'Q', 'V', 'T', 'L', 'R', 'M', 'T', 'T', 'D', 'E', 'G', 'T', 'G', 'G', 'R', 'G', 'F', 'L', 'L', 'W', 'Y', 'S', 'G', 'R', 'A', 'T', 'S', 'G', 'T', 'E', 'H', 'Q', 'F', 'C', 'G', 'G', 'R', 'L', 'E', 'K', 'A', 'Q', 'G', 'T', 'L', 'T', 'T', 'P', 'N', 'W', 'P', 'E', 'S', 'D', 'Y', 'P', 'P', 'G', 'I', 'S', 'C', 'S', 'W', 'H', 'I', 'I', 'A', 'P', 'P', 'D', 'Q', 'V', 'I', 'A', 'L', 'T', 'F', 'E', 'K', 'F', 'D', 'L', 'E', 'P', 'D', 'T', 'Y', 'C', 'R', 'Y', 'D', 'S', 'V', 'S', 'V', 'F', 'N', 'G', 'A', 'V', 'S', 'D', 'D', 'S', 'R', 'R', 'L', 'G', 'K', 'F', 'C', 'G', 'D', 'A', 'V', 'P', 'G', 'S', 'I', 'S', 'S', 'E', 'G', 'N', 'E', 'L', 'L', 'V', 'Q', 'F', 'V', 'S', 'D', 'L', 'S', 'V', 'T', 'A', 'D', 'G', 'F', 'S', 'A', 'S', 'Y', 'K', 'T', 'L', 'P', 'R', 'G', 'T', 'A', 'K', 'E', 'G', 'Q', 'G', 'P', 'G', 'P', 'K', 'R', 'G', 'T', 'E', 'P', 'K', 'V', 'K', 'L', 'P', 'P', 'K', 'S', 'Q', 'P', 'P', 'E', 'K', 'T', 'E', 'E', 'S', 'P', 'S', 'A', 'P', 'D', 'A', 'P', 'T', 'C', 'P', 'K', 'Q', 'C', 'R', 'R', 'T', 'G', 'T', 'L', 'Q', 'S', 'N', 'F', 'C', 'A', 'S', 'S', 'L', 'V', 'V', 'T', 'A', 'T', 'V', 'K', 'S', 'M', 'V', 'R', 'E', 'P', 'G', 'E', 'G', 'L', 'A', 'V', 'T', 'V', 'S', 'L', 'I', 'G', 'A', 'Y', 'K', 'T', 'G', 'G', 'L', 'D', 'L', 'P', 'S', 'P', 'P', 'T', 'G', 'A', 'S', 'L', 'K', 'F', 'Y', 'V', 'P', 'C', 'K', 'Q', 'C', 'P', 'P', 'M', 'K', 'K', 'G', 'V', 'S', 'Y', 'L', 'L', 'M', 'G', 'Q', 'V', 'E', 'E', 'N', 'R', 'G', 'P', 'V', 'L', 'P', 'P', 'E', 'S', 'F', 'V', 'V', 'L', 'H', 'R', 'P', 'N', 'Q', 'D', 'Q', 'I', 'L', 'T', 'N', 'L', 'S', 'K', 'R', 'K', 'C', 'P', 'S', 'Q', 'P', 'V', 'R', 'A', 'A', 'A', 'S', 'Q', 'D']",,0.506,,,7.4,,,293.15,,,3.7684962403435747,"[3.76694836 3.76314856 3.7729626  3.77428049 3.76685058 3.76735613
 3.76611281 3.76730066 3.7675657  3.75771493 3.77042718 3.77143732
 3.77084253 3.76605623 3.76963634 3.76911103 3.77232942 3.76907132
 3.76331669 3.77072869 3.77067406 3.75895572 3.76450393 3.77402661
 3.77015765 3.76670361 3.7689793  3.76754832 3.76586539 3.76927253
 3.76305207 3.77392609 3.76641541 3.77028087 3.75898619 3.76848368
 3.77084466 3.77485215 3.78187203 3.76979289 3.77399912 3.76663153
 3.76692784 3.77094977 3.77291507 3.76815538 3.7687662  3.77088163
 3.77685433 3.77567909 3.77810511 3.76592785 3.76730833 3.77238248
 3.77422909 3.76762482 3.76508257 3.76958008 3.7597601  3.76581097
 3.77045101 3.77634876 3.77226487 3.76396321 3.76870881 3.77349098
 3.76218291 3.76172306 3.77121462 3.75996975 3.76627941 3.76512547
 3.7727532  3.76778988 3.77734441 3.77319236 3.77032686 3.77014212
 3.77019478 3.76371007 3.76839212 3.76273224 3.7701025  3.76071872
 3.76373071 3.7717816  3.76850479 3.76688082 3.7656683  3.77373458
 3.76316985 3.77341481 3.76630221 3.76894775 3.7657073  3.77061248
 3.76887067 3.77135581 3.76652699 3.76914962 3.7699963  3.77069705
 3.76571916 3.76112431 3.77112801 3.77137443 3.75991972 3.77286115
 3.76800793 3.76801465 3.76399253 3.76794688 3.76707522 3.76708768
 3.76409513 3.77209437 3.76919724 3.76957329 3.76582535 3.77202252
 3.76787687 3.77018575 3.77381454 3.76247612 3.77068762 3.77033849
 3.77601366 3.77125396 3.77511035 3.77443376 3.76086027 3.77011514
 3.76945352 3.76698024 3.76876818 3.76788049 3.76650431 3.76384637
 3.7687638  3.76665818 3.76838657 3.76794801 3.76586455 3.77585517
 3.76172639 3.76630074 3.76883227 3.76226934 3.77465031 3.7656324
 3.76892011 3.76891817 3.77208949 3.75945974 3.76905574 3.77420042
 3.77129773 3.76873148 3.76422934 3.76631148 3.76185154 3.76958862
 3.77050022 3.76774244 3.76854009 3.7629169  3.76767191 3.76505857
 3.77101513 3.77448238 3.77560049 3.77645319 3.77167453 3.77202183
 3.76825347 3.77630154 3.76391212 3.77308526 3.75997183 3.76630727
 3.76530375 3.76947176 3.77222095 3.76587865 3.76612023 3.76252195
 3.76934276 3.76324358 3.76964205 3.7686901  3.76013392 3.76806385
 3.76378893 3.76037026 3.76965537 3.76656948 3.76863689 3.7690509
 3.7631045  3.76545046 3.76758819 3.76686052 3.77406783 3.77088806
 3.76564231 3.76301507 3.76970643 3.77172533 3.77073695 3.7688599
 3.76681918 3.76704518 3.77502064 3.76689293 3.76432033 3.76934027
 3.76941992 3.77156412 3.76498935 3.75719067 3.76723098 3.7745507
 3.7733085  3.7673744  3.76609799 3.77001144 3.76666363 3.77429784
 3.77207864 3.77181976 3.76625778 3.76356591 3.7701312  3.77127725
 3.7685096  3.76770052 3.76984381 3.76601619 3.76558691 3.76851082
 3.76673286 3.76984653 3.77117677 3.76766046 3.77075678 3.76803859
 3.76420384 3.75996461 3.76656027 3.76905819 3.76973451 3.77194603
 3.75975391 3.77652939 3.76523078 3.77363243 3.76537761 3.76733701
 3.76280927 3.77092766 3.77200566 3.78100034 3.75866754 3.77036263
 3.76416554 3.76386664 3.77105524 3.76823571 3.76722095 3.76946815
 3.76540169 3.76500244 3.77038619 3.76090416 3.76920435 3.76731299
 3.77468182 3.76803671 3.76660438 3.77566217 3.76818533 3.77080486
 3.76336614 3.76062062 3.76519787 3.76700173 3.76159133 3.77255721
 3.76482452 3.77215601 3.76962696 3.77091194 3.77066293 3.76357614
 3.76674968 3.76469988 3.76903978 3.76946627 3.77117785 3.76477731
 3.76581483 3.76651027 3.76293202 3.76619379 3.77233345 3.76708828
 3.76302406 3.77033885 3.77159228 3.76678362 3.77166013 3.77158413
 3.7685604  3.77424985 3.76561151 3.76437129 3.76438738 3.76194015
 3.76856209 3.7670202  3.7663598  3.76651321 3.769399   3.76766314
 3.77013427 3.76884691 3.77270933 3.76679213 3.76810575 3.76444311
 3.76985387 3.7681201  3.76496504 3.76900879 3.76953812 3.77134388
 3.77739464 3.7702116  3.77629103 3.76664454 3.76396812 3.77058008
 3.76997605 3.77075132 3.77319381 3.76395657 3.76997139 3.77228998
 3.76472658 3.77554187 3.75789815 3.76754249 3.76757332 3.76348762
 3.76062113 3.77165702 3.77694903 3.76553254 3.7654216  3.76911483
 3.77006202 3.76953279 3.76954454 3.76888451 3.77386259 3.77222201
 3.7692608  3.76569762 3.76635846 3.76337423 3.76661299 3.76164136
 3.7628951  3.77595832 3.77187636 3.77535111 3.76379498 3.76787638
 3.78022183 3.76382056 3.76717875 3.77195508 3.76981286 3.77690261
 3.76930421 3.76801524 3.75767215 3.7723083  3.77036348 3.76850309
 3.77026187 3.77290919 3.76206089 3.76804402 3.76430794 3.76413041
 3.76750336 3.76658604 3.76970437 3.76627699 3.76452258 3.76866821
 3.76711595 3.76555095 3.76096834 3.7678543  3.76550629 3.7629847
 3.76971795 3.77192304 3.77475803 3.77413386 3.76400421 3.7720134
 3.77137875 3.77339608 3.76593842 3.76195693 3.76314708 3.77187175
 3.77203424 3.76666225 3.76536359 3.75917465 3.76999579 3.77068769
 3.77153575 3.76274308 3.7645845  3.77239768 3.76636085 3.75953207
 3.76772734 3.76829972 3.76297561 3.77548101 3.7716094  3.76643382
 3.76948895 3.76325049 3.77073455 3.76954335 3.76831281 3.76678454
 3.77072977 3.77010474 3.76888244 3.77230505 3.76831791 3.76186066
 3.76746513 3.76271524 3.77328625 3.76780394 3.76949782 3.77677083
 3.7721532  3.76294888 3.77295258 3.76500074 3.76713298 3.76791165
 3.76552961 3.76497937 3.76572548 3.77173797 3.77042562 3.76406504
 3.76569362 3.77187611 3.77130647 3.77275704 3.7721612  3.76798757
 3.7693894  3.76025837 3.77066672 3.77047209 3.76435743 3.77002582
 3.76980827 3.775155   3.76394039 3.76681452 3.77173916 3.77212646
 3.77040492 3.77350678 3.76485153 3.76176436 3.76793436 3.77953957
 3.77071217 3.76954511 3.77039683 3.76477054 3.7592713  3.76644717
 3.77316214 3.77442015 3.76825467 3.76724992 3.76458759 3.76061699
 3.77073819 3.768402   3.76933686 3.77593005 3.76836298 3.77068331
 3.76908103 3.76473145 3.76143403 3.76543565 3.77466511 3.77768524
 3.7686476  3.76855106 3.76753928 3.76766419 3.76698834 3.76475433
 3.76783395 3.77405941 3.76826836 3.76499896 3.77542021 3.76924491
 3.77537516 3.77096373 3.75959009 3.76052612 3.77386589 3.76545596
 3.77130854 3.76688353 3.76919401 3.76686357 3.77058261 3.75899738
 3.7703208  3.77003986 3.77158533 3.77105751 3.76971901 3.75761999
 3.77034252 3.77592865 3.76949973 3.77478972 3.77143828 3.7685999
 3.76737919 3.76346263 3.776599   3.76566667 3.77232717 3.77381382
 3.76894032 3.7700387  3.76837307 3.76108866 3.77124508 3.76248312
 3.77094004 3.7663156  3.76205712 3.77046145 3.77166246 3.76833906
 3.77436472 3.76627364 3.76879721 3.76641325 3.77082452 3.76809987
 3.76743564 3.76800082 3.76694872 3.76015616 3.77910496 3.76989441
 3.77089836 3.77257021 3.76956421 3.77306748 3.76854744 3.76357599
 3.76706784 3.77441829 3.77018987 3.76883321 3.77052284 3.76633402
 3.7693015  3.76827025 3.77006429 3.76428898 3.76722504 3.77151991
 3.76924485 3.76409726 3.77467741 3.7632536  3.75914497 3.76625662
 3.7703153  3.76708235 3.76818034 3.77022718 3.77324982 3.7663872
 3.77062855 3.77732805 3.76876588 3.76742281 3.76739878 3.76409817
 3.77064576 3.76544348 3.76681211 3.76301789 3.76740818 3.77272517
 3.77376013 3.77418553 3.76802599 3.76573627 3.76755618 3.77486998
 3.76449159 3.77170428 3.77396405 3.76857395 3.77086589 3.77718087
 3.76927106 3.76633389 3.76872183 3.76668644 3.76742919 3.76784703
 3.7591496  3.77025379 3.76815321 3.76801704 3.77044265 3.77293016
 3.76547399 3.75910745 3.76409203 3.76095117 3.7671373  3.77146574
 3.77117813 3.77054042 3.76942847 3.77521758 3.76738102 3.76569313
 3.76871897 3.7697315  3.76220664 3.77045898 3.76689407 3.7782622
 3.77547495 3.76814256 3.77535071 3.7702169  3.76385306 3.7712773
 3.77058122 3.76706044 3.76664317 3.76713044 3.76417077 3.76991739
 3.76311205 3.77387398 3.76793643 3.77370053 3.77182996 3.76441549
 3.77459928 3.7667489  3.77039487 3.78050371 3.7634454  3.76850762
 3.75909802 3.76937604 3.769257   3.76495835 3.76345069 3.77288085
 3.76495942 3.77066629 3.77657736 3.76568159 3.76712964 3.77432661
 3.77251479 3.77176022 3.76459358 3.76672554 3.76796231 3.76185045
 3.76856856 3.76673971 3.76617084 3.76894068 3.76159086 3.76830918
 3.76843439 3.7697986  3.77486566 3.7709479  3.77714444 3.76499998
 3.76374358 3.77054605 3.76928741 3.76100531 3.76736382 3.76908285
 3.77562932 3.7674204  3.76480055 3.76926636 3.76501465 3.76729972
 3.77021541 3.77471971 3.76657911 3.76974253 3.76808555 3.76516337
 3.77321177 3.77489909 3.77169382 3.76834953 3.76747631 3.76245708
 3.7752528  3.7679259  3.76992045 3.77029188 3.76044318 3.77205696
 3.76414664 3.771887   3.77163968 3.76808099 3.76874651 3.76598715
 3.7740683  3.77171446 3.77107115 3.76522936 3.76253518 3.76350794
 3.76744436 3.7695432  3.76803516 3.7652578  3.7720469  3.76730672
 3.76812914 3.76919283 3.76923073 3.76442076 3.7665291  3.76542012
 3.77284158 3.76653628 3.76600575 3.76480565 3.77177336 3.76869979
 3.77210157 3.76455454 3.76598029 3.77544689 3.77447416 3.77159692
 3.77490119 3.76528172 3.76620496 3.76869179 3.77370321 3.76371299
 3.7701399  3.76227678 3.76387224 3.77135866 3.76456888 3.75943316
 3.76587404 3.77136622 3.77106466 3.76302726 3.77143869 3.77354151
 3.77047084 3.76210181 3.76329013 3.76985058 3.7708886  3.76997387
 3.77170937 3.76724438 3.77793577 3.76226805 3.77001209 3.76764097
 3.76826342 3.77158192 3.7729918  3.76867349 3.76072251 3.76846187
 3.76689031 3.77449002 3.76825295 3.77682757 3.76735626 3.76695596
 3.76882541 3.76279024 3.77250133 3.77271454 3.76569804 3.77357549
 3.76989815 3.76790212 3.76054737 3.76923112 3.76253169 3.76204535
 3.77222905 3.77056525 3.76537018 3.77042275 3.76906005 3.76213817
 3.76334905 3.77184531 3.76342055 3.76962949 3.76361297 3.7704686
 3.76907516 3.76776718 3.77152361 3.7624152  3.76576369 3.77727141
 3.77489435 3.77297833 3.76883988 3.77706263 3.76648042 3.76824719
 3.77343567 3.77821793 3.77184948 3.76980625 3.77494821 3.76150621
 3.76706429 3.76207768 3.76290548 3.76859897 3.76216501 3.77333502
 3.76120549 3.76689289 3.76959314 3.76719993 3.77253591 3.76358362
 3.77317656 3.76948484 3.76868747 3.77035665 3.76426384 3.76745654
 3.77040575 3.77313005 3.76193301 3.76816752 3.76910855 3.77052243
 3.76767143 3.77247244 3.77205082 3.76615894 3.76840025 3.7765253
 3.77926196 3.7648069  3.76918111 3.77025717 3.76979209 3.76375211
 3.76280673 3.77584907 3.77485182 3.76915986 3.76942011 3.7676264
 3.76920905 3.76152444 3.76049906 3.77474307 3.77070492 3.77659014
 3.77769174 3.76719817 3.76495913 3.76967127 3.76713581 3.76725791
 3.76810316 3.77076987 3.76386156 3.76351233 3.76377881 3.77335213
 3.7661705  3.75940342 3.76914052 3.76652807 3.77284927 3.76177899
 3.77353229 3.77277921 3.77160737 3.76557178 3.7696494  3.77165222
 3.76326184 3.77452503 3.76742507 3.77254223 3.76383566 3.77219464
 3.77136525 3.76353489 3.76646132 3.76260864 3.76938967 3.77326739
 3.76551164 3.76777793 3.7778507  3.77035018 3.77278984 3.7668932
 3.77147168 3.77392064 3.76954342 3.77312767 3.76229374 3.76784892
 3.77226095 3.76565667 3.76893144 3.76987448 3.76781824 3.7636852
 3.76809371 3.76192704 3.76557198 3.77023092 3.76789645 3.76989763
 3.77242176 3.76736751 3.76223439 3.76997541 3.77663226 3.77233636
 3.77076118 3.76392569 3.76340061 3.77558885 3.76505565 3.75964701
 3.76767101 3.76806271 3.76910437 3.76487886 3.77355876 3.7758262
 3.76373028 3.77002967 3.76930684 3.7714747 ]",424
D14,,,,,,3.9,0.17,"['M', 'H', 'H', 'H', 'H', 'H', 'H', 'S', 'S', 'G', 'V', 'D', 'L', 'G', 'T', 'E', 'N', 'L', 'Y', 'F', 'Q', 'S', 'M', 'M', 'T', 'S', 'T', 'F', 'N', 'P', 'R', 'E', 'C', 'K', 'L', 'S', 'K', 'Q', 'E', 'G', 'Q', 'N', 'Y', 'G', 'F', 'F', 'L', 'R', 'I', 'E', 'K', 'D', 'T', 'E', 'G', 'H', 'L', 'V', 'R', 'V', 'V', 'E', 'K', 'C', 'S', 'P', 'A', 'E', 'K', 'A', 'G', 'L', 'Q', 'D', 'G', 'D', 'R', 'V', 'L', 'R', 'I', 'N', 'G', 'V', 'F', 'V', 'D', 'K', 'E', 'E', 'H', 'M', 'Q', 'V', 'V', 'D', 'L', 'V', 'R', 'K', 'S', 'G', 'N', 'S', 'V', 'T', 'L', 'L', 'V', 'L', 'D', 'G', 'D', 'S', 'Y', 'E', 'K', 'A', 'V', 'K', 'T', 'R', 'V', 'D', 'L', 'K', 'E', 'L', 'G', 'Q', 'S', 'Q', 'K', 'E', 'Q', 'G', 'L', 'S', 'D', 'N', 'I', 'L', 'S', 'P', 'V', 'M', 'N', 'G', 'G', 'V', 'Q', 'T', 'W', 'T', 'Q', 'P', 'R', 'L', 'C', 'Y', 'L', 'V', 'K', 'E', 'G', 'G', 'S', 'Y', 'G', 'F', 'S', 'L', 'K', 'T', 'V', 'Q', 'G', 'K', 'K', 'G', 'V', 'Y', 'M', 'T', 'D', 'I', 'T', 'P', 'Q', 'G', 'V', 'A', 'M', 'R', 'A', 'G', 'V', 'L', 'A', 'D', 'D', 'H', 'L', 'I', 'E', 'V', 'N', 'G', 'E', 'N', 'V', 'E', 'D', 'A', 'S', 'H', 'E', 'E', 'V', 'V', 'E', 'K', 'V', 'K', 'K', 'S', 'G', 'S', 'R', 'V', 'M', 'F', 'L', 'L', 'V', 'D', 'K', 'E', 'T', 'D', 'K', 'R', 'H', 'V', 'E', 'Q', 'K', 'I', 'Q', 'F', 'K', 'R', 'E', 'T', 'A', 'S', 'L', 'K', 'L', 'L', 'P', 'H', 'Q', 'P', 'R', 'I', 'V', 'E', 'M', 'K', 'K', 'G', 'S', 'N', 'G', 'Y', 'G', 'F', 'Y', 'L', 'R', 'A', 'G', 'S', 'E', 'Q', 'K', 'G', 'Q', 'I', 'I', 'K', 'D', 'I', 'D', 'S', 'G', 'S', 'P', 'A', 'E', 'E', 'A', 'G', 'L', 'K', 'N', 'N', 'D', 'L', 'V', 'V', 'A', 'V', 'N', 'G', 'E', 'S', 'V', 'E', 'T', 'L', 'D', 'H', 'D', 'S', 'V', 'V', 'E', 'M', 'I', 'R', 'K', 'G', 'G', 'D', 'Q', 'T', 'S', 'L', 'L', 'V', 'V', 'D', 'K', 'E', 'T', 'D', 'N', 'M', 'Y', 'R', 'L', 'A', 'H', 'F', 'S', 'P', 'F', 'L', 'Y', 'Y', 'Q', 'S', 'Q', 'E', 'L', 'P', 'N', 'G', 'S', 'V', 'K', 'E', 'A', 'P', 'A', 'P', 'T', 'P', 'T', 'S', 'L', 'E', 'V', 'S', 'S', 'P', 'P', 'D', 'T', 'T', 'E', 'E', 'V', 'D', 'H', 'K', 'P', 'K', 'L', 'C', 'R', 'L', 'A', 'K', 'G', 'E', 'N', 'G', 'Y', 'G', 'F', 'H', 'L', 'N', 'A', 'I', 'R', 'G', 'L', 'P', 'G', 'S', 'F', 'I', 'K', 'E', 'V', 'Q', 'K', 'G', 'G', 'P', 'A', 'D', 'L', 'A', 'G', 'L', 'E', 'D', 'E', 'D', 'V', 'I', 'I', 'E', 'V', 'N', 'G', 'V', 'N', 'V', 'L', 'D', 'E', 'P', 'Y', 'E', 'K', 'V', 'V', 'D', 'R', 'I', 'Q', 'S', 'S', 'G', 'K', 'N', 'V', 'T', 'L', 'L', 'V', 'C', 'G', 'K', 'K', 'A', 'Y']",,0.156,,,7.5,,,283.15,,,4.43210573262884,"[4.44324697 4.42701569 4.43370038 4.42845797 4.42998397 4.43385929
 4.43220326 4.43405142 4.42469425 4.43552946 4.43529525 4.43743589
 4.44073377 4.43223981 4.43125157 4.43352953 4.43284889 4.42797545
 4.43997133 4.43131858 4.4361609  4.43704946 4.42443802 4.43278316
 4.42744127 4.43120523 4.4288062  4.42217423 4.43997102 4.43372558
 4.43542964 4.42106405 4.44232077 4.43081024 4.43692134 4.43484098
 4.42688943 4.43847782 4.43030762 4.43990361 4.43467155 4.42893048
 4.42926484 4.43720909 4.42239177 4.42872654 4.43271638 4.43252853
 4.4297473  4.43044649 4.42507642 4.42126923 4.43730206 4.42883388
 4.42631642 4.42874812 4.43107751 4.43199752 4.43355557 4.43122342
 4.43779928 4.43005397 4.43285459 4.43237687 4.42920361 4.43587355
 4.43635891 4.43565994 4.42883432 4.42860177 4.42012063 4.42851068
 4.43183348 4.43075616 4.43362707 4.43625768 4.43611985 4.43360165
 4.43115374 4.43009265 4.43672357 4.43320573 4.43311702 4.43616641
 4.43032268 4.43070424 4.43319    4.43145106 4.43796688 4.42541938
 4.43423524 4.43053936 4.43585591 4.43325324 4.43672494 4.43353005
 4.43268314 4.42827786 4.42942303 4.4263024  4.43049568 4.43544076
 4.43277527 4.42883797 4.43130429 4.43116407 4.43592401 4.42914612
 4.42326661 4.43372315 4.4307569  4.43763088 4.42869582 4.43057604
 4.43166138 4.43697327 4.43852047 4.42789103 4.42686237 4.43264997
 4.43007306 4.43020917 4.44086267 4.43421545 4.43245295 4.42710202
 4.43644499 4.4300782  4.43564531 4.43268275 4.42594239 4.43048819
 4.43875578 4.43087353 4.43023256 4.44251777 4.43176322 4.43262849
 4.43176838 4.43649849 4.42710242 4.43152854 4.43090867 4.42791042
 4.43122177 4.4372585  4.43110817 4.43720318 4.42823913 4.43342536
 4.42732915 4.43233672 4.42083542 4.42490533 4.43054329 4.43842844
 4.4275337  4.42842827 4.43780187 4.43626721 4.42908397 4.42612903
 4.4345011  4.43350185 4.43165772 4.43177604 4.43193913 4.43463522
 4.43879743 4.42919658 4.42896377 4.43489747 4.43396727 4.42788929
 4.43637336 4.42825677 4.42667996 4.43228133 4.4347429  4.43704912
 4.43293759 4.42999098 4.43744788 4.43170759 4.43584534 4.42545783
 4.43652365 4.42925483 4.42758033 4.43748245 4.43492204 4.43130501
 4.42637157 4.43370725 4.43424974 4.43586986 4.42991222 4.43294551
 4.43701488 4.42866553 4.42891553 4.43157034 4.42692542 4.42953655
 4.4326769  4.43744664 4.43630784 4.43692017 4.4280806  4.4377749
 4.42596687 4.44118087 4.43125635 4.43104822 4.42986971 4.42947718
 4.42899071 4.43178368 4.4360148  4.43241757 4.433335   4.43551227
 4.43292096 4.43340376 4.43427302 4.4432176  4.43701704 4.43129116
 4.42333833 4.43677602 4.43392606 4.43669152 4.43400605 4.42408443
 4.42999361 4.43171315 4.42954591 4.43367363 4.42982824 4.4432121
 4.43221534 4.42929265 4.4405204  4.43762493 4.43064295 4.43217292
 4.42771186 4.43187229 4.43343662 4.43519498 4.42974234 4.43275979
 4.43715182 4.43345847 4.43554755 4.4252799  4.42392459 4.43166345
 4.43127085 4.43697509 4.42947779 4.43207839 4.43641008 4.43348872
 4.43916266 4.43422427 4.43652273 4.42810983 4.44199061 4.43788655
 4.42785576 4.43256179 4.43199988 4.42416684 4.43316399 4.43215622
 4.41990665 4.42715851 4.4290777  4.43550203 4.43389598 4.43151578
 4.42543713 4.43534808 4.43471165 4.43431048 4.42781076 4.42545671
 4.43662654 4.43653554 4.44082907 4.42874723 4.43031298 4.43117588
 4.42692478 4.44128639 4.4330211  4.42979463 4.43749991 4.4254145
 4.42887533 4.43540663 4.43685271 4.43227956 4.43283724 4.43701734
 4.42415692 4.42808368 4.42710161 4.43887171 4.43065725 4.43353081
 4.43544177 4.42572975 4.43576197 4.42388693 4.43206847 4.43137201
 4.43552739 4.43271494 4.43503889 4.436646   4.4350742  4.43268579
 4.43177806 4.42635848 4.43105387 4.4328245  4.43464645 4.43471739
 4.43347447 4.43463217 4.42780192 4.43507339 4.42782136 4.43489414
 4.42491374 4.43438566 4.43433853 4.42761085 4.43182593 4.43111497
 4.43109804 4.43325475 4.43206299 4.43027841 4.43376225 4.4282253
 4.43597884 4.4318256  4.43579947 4.43981945 4.43173512 4.42312475
 4.43210264 4.42692642 4.43051095 4.42773752 4.42657608 4.43238019
 4.4356469  4.43542745 4.43647099 4.43066262 4.42850473 4.43341577
 4.43298505 4.43122767 4.42876494 4.42918198 4.4249919  4.43234278
 4.43130415 4.43404075 4.42860071 4.42731913 4.42853769 4.42793116
 4.43115344 4.43325352 4.43582062 4.43149481 4.43648766 4.43050805
 4.42945    4.42919261 4.43944897 4.43610502 4.42916707 4.43847765
 4.43814313 4.43226809 4.43615176 4.43363066 4.42646252 4.43393647
 4.43139739 4.43465004 4.43069694 4.43961779 4.43218406 4.4404097
 4.42235013 4.4369601  4.43110625 4.42338971 4.42887908 4.42588841
 4.42507759 4.4334728  4.43090384 4.43172564 4.42943202 4.43188481
 4.42319598 4.43331571 4.43104192 4.43277137 4.42909658 4.42428427
 4.43410907 4.43295246 4.43385336 4.42976631 4.42736441 4.4362146
 4.42891771 4.43539857 4.43453642 4.43638686 4.43200958 4.43243885
 4.43549831 4.4322237  4.43726345 4.43187391 4.43319286 4.43088227
 4.42459303 4.42711073 4.42980052 4.43360021 4.42916582 4.42848545
 4.43443645 4.42775447 4.43208566 4.43327413 4.43696013 4.43454634
 4.43768151 4.42720083 4.43027414 4.42758247 4.42127526 4.42370693
 4.43397536 4.43238647 4.42455161 4.43793136 4.43997947 4.44074046
 4.43189955 4.42598325 4.43479539 4.43837291 4.43861994 4.42797749
 4.42836482 4.43482335 4.43088416 4.42700048 4.42378415 4.43333958
 4.42950617 4.43627506 4.42936535 4.43504453 4.43354768 4.43222873
 4.43270914 4.4213974  4.42719143 4.43171416 4.43513009 4.43383808
 4.44088292 4.42615554 4.42888649 4.4350078  4.43173652 4.43601713
 4.42776391 4.43544969 4.42917724 4.43170206 4.43555474 4.43295023
 4.43480299 4.43126088 4.43385266 4.42573869 4.42554419 4.42461839
 4.42557665 4.43016947 4.4350186  4.42941467 4.43023491 4.42773429
 4.43023308 4.43380509 4.43693343 4.42343765 4.43201299 4.43078679
 4.42899027 4.43524723 4.43256192 4.43972364 4.43171909 4.43351028
 4.43034673 4.43460078 4.43054544 4.42954187 4.43273676 4.42893879
 4.43576584 4.42570582 4.43543329 4.43943574 4.43240611 4.43111988
 4.43055949 4.43377935 4.43364072 4.43198674 4.43233077 4.43811102
 4.42947844 4.43451538 4.43220678 4.43141353 4.4354277  4.43003658
 4.43417986 4.43124237 4.42941306 4.43274269 4.43616714 4.44107154
 4.42820593 4.43303305 4.42616917 4.43134374 4.42886886 4.43791132
 4.43428394 4.43527366 4.43020241 4.44318386 4.42951654 4.43403705
 4.42860073 4.43033044 4.43079802 4.42229179 4.43268657 4.43252531
 4.43293536 4.43635073 4.43577015 4.43124658 4.43583715 4.43778143
 4.42897322 4.43466393 4.43492828 4.43021263 4.43152395 4.43982886
 4.4313151  4.43240626 4.43041519 4.42686521 4.4385148  4.42886471
 4.44047408 4.42795578 4.42018428 4.43663809 4.43058478 4.43550575
 4.43476842 4.43338999 4.43784605 4.43054753 4.43506591 4.43410102
 4.43522185 4.43529297 4.43136504 4.4253551  4.42114893 4.43198333
 4.42317191 4.42489954 4.43634144 4.43080338 4.43445212 4.43342413
 4.43279445 4.43334499 4.43254756 4.43410479 4.42919255 4.4287386
 4.43274824 4.43323683 4.44147666 4.42329583 4.43507802 4.42779416
 4.43630018 4.43019218 4.42785126 4.43759809 4.42406822 4.42879369
 4.43064283 4.42747918 4.42706607 4.43936658 4.43270026 4.43352835
 4.43070133 4.43598993 4.43299766 4.42728782 4.4299877  4.42617698
 4.43429501 4.44230922 4.42872862 4.4337193  4.43476376 4.43308893
 4.43095991 4.43788385 4.43793628 4.43403558 4.42706091 4.43019614
 4.43871175 4.43087937 4.43045674 4.43412079 4.42877448 4.43462841
 4.4394601  4.43072716 4.43114017 4.43361833 4.42838819 4.43760492
 4.42676726 4.42305518 4.43683652 4.43034656 4.43481384 4.42586653
 4.42076911 4.43102238 4.43401584 4.43446993 4.42711195 4.42191053
 4.42371275 4.43178277 4.42919519 4.42966944 4.42502733 4.43130455
 4.42465587 4.43375952 4.4332546  4.43048367 4.43369504 4.43461422
 4.4283185  4.43573007 4.43096586 4.43644125 4.43660853 4.43156689
 4.43561716 4.43066658 4.43327546 4.43764468 4.43652973 4.42713818
 4.42762295 4.42872858 4.43298231 4.43271338 4.42936469 4.4266357
 4.4311184  4.43718064 4.43275101 4.42018581 4.43916836 4.44254511
 4.42989731 4.43436804 4.43033502 4.43161599 4.42796822 4.42792146
 4.43265934 4.44032491 4.43270095 4.43417517 4.43046208 4.43316384
 4.43134071 4.43380023 4.43129356 4.43101473 4.42798139 4.43398591
 4.43206594 4.42640156 4.43040647 4.4282924  4.42497686 4.43396892
 4.43369786 4.43361003 4.43320267 4.43746035 4.43487131 4.42652591
 4.43126853 4.43004176 4.42568951 4.4352836  4.42854975 4.4298573
 4.43029716 4.4271654  4.43303938 4.43150314 4.42572327 4.4348437
 4.43293462 4.43510491 4.43475171 4.43415409 4.44056298 4.43176165
 4.43541445 4.43110613 4.43459288 4.43260505 4.43128604 4.43307231
 4.4232547  4.43698177 4.43421521 4.43172508 4.42973097 4.43547926
 4.43784655 4.42389725 4.42772458 4.43822904 4.43086906 4.43263944
 4.43177208 4.42674048 4.43095642 4.43560004 4.43411365 4.43168422
 4.42995789 4.43486634 4.43570717 4.4320128  4.43684303 4.42901063
 4.43023431 4.42637717 4.42859479 4.42819333 4.43636563 4.43555611
 4.43585047 4.43488758 4.43044342 4.43104248 4.43057729 4.42835351
 4.4256441  4.44209836 4.43067295 4.43432856 4.43258429 4.43490345
 4.43532334 4.4331553  4.42541618 4.42836445 4.42572365 4.43208408
 4.43361021 4.43287203 4.42512693 4.42562152 4.43371267 4.43217171
 4.44331737 4.42063139 4.43639696 4.42720298 4.43550731 4.43810948
 4.44136354 4.43388406 4.43215197 4.43934767 4.42583151 4.42851729
 4.43014155 4.43605181 4.43904497 4.42294427 4.4299027  4.42994267
 4.43756424 4.43237872 4.43544351 4.43415383 4.43191323 4.43733872
 4.42918499 4.42596993 4.42442055 4.43494114 4.42935855 4.43327298
 4.43369266 4.43741847 4.42850465 4.42641675 4.42666453 4.4337936
 4.43342532 4.42525281 4.44221527 4.43034968 4.43214881 4.43112836
 4.44042823 4.43437548 4.43288343 4.43397752 4.43562174 4.43161293
 4.43886705 4.42857561 4.43079267 4.43382199 4.43495007 4.43171319
 4.43106823 4.43345635 4.43127548 4.43892927 4.43272728 4.42689977
 4.43396664 4.43374635 4.4329888  4.43412997 4.4362482  4.43701372
 4.43598937 4.43430545 4.42212322 4.43777566 4.44111203 4.43420449
 4.44002148 4.43306361 4.4328211  4.43066313 4.43029167 4.4349003
 4.43207981 4.42892911 4.44310828 4.43657756 4.43371334 4.4289537
 4.43192386 4.42876939 4.43085471 4.43267479 4.43777603 4.43749286
 4.42807302 4.43342492 4.42978214 4.42635496 4.43317926 4.42600613
 4.43251915 4.42547748 4.42435761 4.44422166 4.42488924 4.43111784
 4.43176024 4.43301894 4.4293459  4.4325894  4.4299128  4.43010477
 4.43241867 4.43899585 4.42486097 4.43094125 4.44134456 4.43835444
 4.43231829 4.42981817 4.43129771 4.43599646 4.42381218 4.42928014
 4.42950867 4.44309098 4.42632397 4.4370302  4.43188045 4.43776323
 4.43127878 4.42295072 4.4395248  4.43536419 4.43025675 4.43590788
 4.43245774 4.43485223 4.429348   4.42603469 4.43323667 4.43178
 4.42678639 4.43324606 4.42678859 4.4377218  4.43124937 4.4289593
 4.43044461 4.43438483 4.43108494 4.42941857 4.4282267  4.43875445
 4.42885841 4.43056254 4.43283837 4.43743318 4.44083326 4.43214411
 4.44084836 4.42849308 4.43259224 4.42957489 4.42545053 4.43652662
 4.43579622 4.43464107 4.43180152 4.42767915 4.43577382 4.42849251
 4.43790104 4.43847431 4.43068179 4.43838008 4.43485435 4.42989515
 4.43388308 4.4230304  4.4296123  4.43205862]",483
S4FL,,,,,,4.7,0.1,"['M', 'D', 'N', 'M', 'S', 'I', 'T', 'N', 'T', 'P', 'T', 'S', 'N', 'D', 'A', 'C', 'L', 'S', 'I', 'V', 'H', 'S', 'L', 'M', 'C', 'H', 'R', 'Q', 'G', 'G', 'E', 'S', 'E', 'T', 'F', 'A', 'K', 'R', 'A', 'I', 'E', 'S', 'L', 'V', 'K', 'K', 'L', 'K', 'E', 'K', 'K', 'D', 'E', 'L', 'D', 'S', 'L', 'I', 'T', 'A', 'I', 'T', 'T', 'N', 'G', 'A', 'H', 'P', 'S', 'K', 'C', 'V', 'T', 'I', 'Q', 'R', 'T', 'L', 'D', 'G', 'R', 'L', 'Q', 'V', 'A', 'G', 'R', 'K', 'G', 'F', 'P', 'H', 'V', 'I', 'Y', 'A', 'R', 'L', 'W', 'R', 'W', 'P', 'D', 'L', 'H', 'K', 'N', 'E', 'L', 'K', 'H', 'V', 'K', 'Y', 'C', 'Q', 'Y', 'A', 'F', 'D', 'L', 'K', 'C', 'D', 'S', 'V', 'C', 'V', 'N', 'P', 'Y', 'H', 'Y', 'E', 'R', 'V', 'V', 'S', 'P', 'G', 'I', 'D', 'L', 'S', 'G', 'L', 'T', 'L', 'Q', 'S', 'N', 'A', 'P', 'S', 'S', 'M', 'M', 'V', 'K', 'D', 'E', 'Y', 'V', 'H', 'D', 'F', 'E', 'G', 'Q', 'P', 'S', 'L', 'S', 'T', 'E', 'G', 'H', 'S', 'I', 'Q', 'T', 'I', 'Q', 'H', 'P', 'P', 'S', 'N', 'R', 'A', 'S', 'T', 'E', 'T', 'Y', 'S', 'T', 'P', 'A', 'L', 'L', 'A', 'P', 'S', 'E', 'S', 'N', 'A', 'T', 'S', 'T', 'A', 'N', 'F', 'P', 'N', 'I', 'P', 'V', 'A', 'S', 'T', 'S', 'Q', 'P', 'A', 'S', 'I', 'L', 'G', 'G', 'S', 'H', 'S', 'E', 'G', 'L', 'L', 'Q', 'I', 'A', 'S', 'G', 'P', 'Q', 'P', 'G', 'Q', 'Q', 'Q', 'N', 'G', 'F', 'T', 'G', 'Q', 'P', 'A', 'T', 'Y', 'H', 'H', 'N', 'S', 'T', 'T', 'T', 'W', 'T', 'G', 'S', 'R', 'T', 'A', 'P', 'Y', 'T', 'P', 'N', 'L', 'P', 'H', 'H', 'Q', 'N', 'G', 'H', 'L', 'Q', 'H', 'H', 'P', 'P', 'M', 'P', 'P', 'H', 'P', 'G', 'H', 'Y', 'W', 'P', 'V', 'H', 'N', 'E', 'L', 'A', 'F', 'Q', 'P', 'P', 'I', 'S', 'N', 'H', 'P', 'A', 'P', 'E', 'Y', 'W', 'C', 'S', 'I', 'A', 'Y', 'F', 'E', 'M', 'D', 'V', 'Q', 'V', 'G', 'E', 'T', 'F', 'K', 'V', 'P', 'S', 'S', 'C', 'P', 'I', 'V', 'T', 'V', 'D', 'G', 'Y', 'V', 'D', 'P', 'S', 'G', 'G', 'D', 'R', 'F', 'C', 'L', 'G', 'Q', 'L', 'S', 'N', 'V', 'H', 'R', 'T', 'E', 'A', 'I', 'E', 'R', 'A', 'R', 'L', 'H', 'I', 'G', 'K', 'G', 'V', 'Q', 'L', 'E', 'C', 'K', 'G', 'E', 'G', 'D', 'V', 'W', 'V', 'R', 'C', 'L', 'S', 'D', 'H', 'A', 'V', 'F', 'V', 'Q', 'S', 'Y', 'Y', 'L', 'D', 'R', 'E', 'A', 'G', 'R', 'A', 'P', 'G', 'D', 'A', 'V', 'H', 'K', 'I', 'Y', 'P', 'S', 'A', 'Y', 'I', 'K', 'V', 'F', 'D', 'L', 'R', 'Q', 'C', 'H', 'R', 'Q', 'M', 'Q', 'Q', 'Q', 'A', 'A', 'T', 'A', 'Q', 'A', 'A', 'A', 'A', 'A', 'Q', 'A', 'A', 'A', 'V', 'A', 'G', 'N', 'I', 'P', 'G', 'P', 'G', 'S', 'V', 'G', 'G', 'I', 'A', 'P', 'A', 'I', 'S', 'L', 'S', 'A', 'A', 'A', 'G', 'I', 'G', 'V', 'D', 'D', 'L', 'R', 'R', 'L', 'C', 'I', 'L', 'R', 'M', 'S', 'F', 'V', 'K', 'G', 'W', 'G', 'P', 'D', 'Y', 'P', 'R', 'Q', 'S', 'I', 'K', 'E', 'T', 'P', 'C', 'W', 'I', 'E', 'I', 'H', 'L', 'H', 'R', 'A', 'L', 'Q', 'L', 'L', 'D', 'E', 'V', 'L', 'H', 'T', 'M', 'P', 'I', 'A', 'D', 'P', 'Q', 'P', 'L', 'D']",,0.169,,,7.2,,,283.15,,,4.945048051497443,"[4.94505651 4.9383649  4.93967071 4.94474402 4.94457588 4.95877347
 4.94776392 4.95204925 4.94051032 4.94244786 4.93817397 4.94676798
 4.95115811 4.95019506 4.95099939 4.93958282 4.94373912 4.94794979
 4.95048306 4.95127182 4.93176443 4.93651085 4.94599239 4.93427181
 4.94211805 4.93034631 4.94520089 4.94626847 4.94673615 4.94039101
 4.94267971 4.94012683 4.9599111  4.95323053 4.94101373 4.93489041
 4.94914023 4.95807822 4.940991   4.95563223 4.95128799 4.95631831
 4.94280388 4.93603257 4.95331286 4.94467549 4.95000108 4.94892421
 4.95560257 4.94297859 4.93867822 4.94122304 4.94578948 4.94774293
 4.9495856  4.95386522 4.95015561 4.93977208 4.94771659 4.93841408
 4.95743439 4.93321341 4.94544204 4.95958954 4.93737592 4.93982298
 4.94906913 4.93680911 4.93494481 4.9424085  4.94001832 4.94973452
 4.9450956  4.94650764 4.95157589 4.94377067 4.94852474 4.94902056
 4.94418974 4.94507769 4.94835527 4.95494351 4.95785435 4.95098416
 4.94946779 4.94644869 4.94599481 4.95112758 4.95812057 4.94013371
 4.94719618 4.95021168 4.95131068 4.94791859 4.94471555 4.93912947
 4.94855017 4.93375913 4.94872999 4.95462323 4.94961063 4.94284219
 4.92902686 4.9402256  4.94299055 4.94331557 4.93865079 4.94717594
 4.94944407 4.95131154 4.93694272 4.94827977 4.93906786 4.93748999
 4.95198906 4.94743779 4.95664163 4.94636342 4.94220978 4.9289579
 4.94257432 4.941203   4.94694034 4.94217885 4.94531683 4.93117195
 4.94728574 4.93720028 4.94213768 4.94154222 4.9348182  4.95589877
 4.94013012 4.93146673 4.93431456 4.94571783 4.93894282 4.95133682
 4.94334384 4.94407507 4.94428988 4.94993631 4.95635741 4.9409776
 4.94242968 4.94326831 4.95863735 4.93907604 4.94867553 4.94763307
 4.93380151 4.94771346 4.95234045 4.94193216 4.94740839 4.93205424
 4.93882981 4.9431391  4.94784192 4.94735809 4.9414797  4.93539372
 4.94203302 4.94567447 4.94721123 4.93941805 4.95439876 4.93926859
 4.95783021 4.94524101 4.94789601 4.94357388 4.9415766  4.94788958
 4.94646564 4.94168301 4.94792805 4.93418134 4.95449958 4.94264052
 4.94201218 4.94158656 4.94228548 4.94230232 4.94243344 4.94610004
 4.95295222 4.94321374 4.94632006 4.95354851 4.95831584 4.94719377
 4.94545758 4.93992676 4.94330565 4.95092596 4.95016412 4.94548404
 4.93707974 4.94300213 4.95307183 4.94847023 4.94858101 4.95347217
 4.94924155 4.94406391 4.95148542 4.95263266 4.94617902 4.95172727
 4.94848637 4.95155688 4.94216891 4.95035168 4.94035406 4.93216725
 4.94598288 4.94690613 4.93914797 4.94048503 4.9426874  4.94605136
 4.94122044 4.9487719  4.94179346 4.94786797 4.95368998 4.93546878
 4.94505379 4.93761883 4.94812698 4.94574984 4.94702919 4.94258507
 4.94888786 4.9400168  4.95007394 4.94525326 4.9513945  4.93922107
 4.94501619 4.94627596 4.95311122 4.94172863 4.94547542 4.95140198
 4.93223632 4.95102011 4.9421876  4.94837698 4.95322422 4.94369913
 4.93618457 4.94662451 4.94829667 4.9478982  4.94903911 4.93650887
 4.93278544 4.94490008 4.93518622 4.94044819 4.9634043  4.95521277
 4.94694971 4.95960026 4.94316652 4.95607906 4.94307525 4.93975351
 4.94300057 4.93682425 4.93155689 4.94087313 4.95357588 4.94896819
 4.94656934 4.94317326 4.93656955 4.94159771 4.93028793 4.95143883
 4.9443856  4.93598569 4.96043928 4.92617185 4.95117689 4.95387075
 4.94429836 4.94696401 4.94251056 4.94475016 4.93130155 4.93657475
 4.94364038 4.9452542  4.95206641 4.94823745 4.94832739 4.94114202
 4.94769113 4.94194248 4.94343756 4.94398807 4.95710836 4.95426455
 4.94642858 4.94851316 4.94700499 4.9628365  4.94671863 4.94270755
 4.9494542  4.93705041 4.94077919 4.93677489 4.94126378 4.94974836
 4.9607596  4.94589    4.93608594 4.94312469 4.93936999 4.93908708
 4.94592184 4.94791347 4.94077698 4.94250839 4.94856344 4.94621294
 4.94361286 4.94365398 4.94208799 4.95434138 4.94416026 4.9494277
 4.93871481 4.93395848 4.94333022 4.94733645 4.95150257 4.94847725
 4.95466367 4.94198987 4.94738188 4.95376689 4.95235262 4.94911549
 4.95123979 4.95565215 4.93384862 4.94376232 4.94228815 4.93990113
 4.94685088 4.95371878 4.9586729  4.94198834 4.95711979 4.96121659
 4.9395123  4.93804976 4.93447965 4.94000352 4.9531719  4.95100138
 4.94348128 4.94385962 4.92389944 4.93895301 4.94929125 4.94141708
 4.94676749 4.94316581 4.94459817 4.94479319 4.94471811 4.94944278
 4.9425474  4.93722991 4.94815528 4.94769366 4.94341455 4.93749263
 4.93900499 4.95033933 4.95522077 4.94160018 4.95630524 4.95304685
 4.94951161 4.95398046 4.93525037 4.93917475 4.94082457 4.94611167
 4.94365123 4.9514473  4.94066318 4.95319949 4.95170231 4.93259212
 4.95564963 4.94933743 4.94351809 4.94439676 4.95175593 4.94553529
 4.93890009 4.95898599 4.95024783 4.9397345  4.94120212 4.94611338
 4.95519344 4.93865502 4.94655626 4.94405571 4.94755927 4.95033166
 4.9442645  4.93886511 4.9345519  4.93445458 4.96030806 4.94129686
 4.95463506 4.94487844 4.93341037 4.94490333 4.95695608 4.95043177
 4.95826012 4.94734126 4.94554206 4.93778488 4.94291384 4.94447225
 4.93940132 4.94913396 4.94708916 4.93509937 4.94458543 4.93884184
 4.93984254 4.93853111 4.94326092 4.94434447 4.94646219 4.95564401
 4.94032001 4.94780991 4.95703249 4.94539899 4.9386885  4.94952038
 4.94562553 4.95226084 4.95234652 4.94773521 4.93490988 4.94929616
 4.94528311 4.94736337 4.94462263 4.93856195 4.94321109 4.92862386
 4.94631724 4.95425044 4.93486621 4.94343722 4.94198088 4.94430289
 4.95425972 4.95525756 4.93776574 4.9341758  4.9441891  4.93986824
 4.92851094 4.95100302 4.93501147 4.93498812 4.94732209 4.94594898
 4.94283144 4.94117589 4.9413949  4.94793698 4.94909662 4.94242839
 4.95316503 4.93680724 4.94989436 4.94523202 4.93855206 4.94062047
 4.93884675 4.95140425 4.93545043 4.94357365 4.95394496 4.95109932
 4.95077462 4.94878935 4.94687472 4.95585542 4.94664997 4.94735081
 4.95255164 4.9440892  4.94383413 4.93215691 4.94905525 4.94697562
 4.94399388 4.95295734 4.95412472 4.95290306 4.93277955 4.93622004
 4.93881393 4.94084006 4.9513937  4.94164433 4.94430814 4.94352149
 4.94399289 4.93842869 4.94343995 4.94936161 4.93767996 4.93867878
 4.94140097 4.94133316 4.94034378 4.94139818 4.93475606 4.9474238
 4.93091599 4.93721662 4.94194153 4.93754545 4.9394665  4.95332249
 4.93564675 4.9432457  4.93525911 4.94075538 4.94532451 4.94111466
 4.94176438 4.95068204 4.93889396 4.94325426 4.95016838 4.95659272
 4.94801378 4.94182197 4.94131377 4.93574549 4.94646977 4.93705315
 4.94685335 4.93286277 4.95822438 4.95273839 4.95217613 4.94827687
 4.96008335 4.93470936 4.94429767 4.9559517  4.95285119 4.94823112
 4.93477947 4.93718945 4.94870082 4.94751764 4.94828956 4.94496944
 4.94900452 4.94671285 4.94148952 4.9459322  4.93642021 4.9369641
 4.9390554  4.93979319 4.93544518 4.93824073 4.95260559 4.94144801
 4.94298227 4.95277191 4.93663093 4.9494045  4.94080182 4.94329876
 4.94824533 4.93587412 4.94181047 4.95380983 4.94053733 4.95668815
 4.94559345 4.94128331 4.94732118 4.9385044  4.9449247  4.94608839
 4.9495405  4.94408186 4.93714711 4.95525517 4.93036605 4.93378471
 4.94370705 4.94410143 4.95065395 4.94965185 4.9485268  4.94361731
 4.93601527 4.94973075 4.94210561 4.94117791 4.94306951 4.94247257
 4.94448512 4.9489989  4.94537895 4.94436179 4.95005143 4.93823017
 4.94092356 4.94093794 4.95532469 4.9380823  4.94214998 4.95721134
 4.94535801 4.9358115  4.93682838 4.93575117 4.94696453 4.92793892
 4.94468562 4.93274165 4.94895927 4.94964438 4.93822615 4.93540884
 4.95360539 4.93809083 4.94614119 4.95888944 4.94616031 4.94836147
 4.95345298 4.9464005  4.95202789 4.93044276 4.946962   4.94185841
 4.94081175 4.93878102 4.94691824 4.9413861  4.95360746 4.94765931
 4.94731592 4.95006749 4.9448564  4.95526512 4.94297342 4.94660019
 4.94703907 4.95443441 4.94667178 4.94782186 4.94275227 4.93306849
 4.93530106 4.93530822 4.94455565 4.94342775 4.94709571 4.93247404
 4.94900918 4.93748192 4.94563313 4.95344479 4.93384202 4.95035831
 4.9549418  4.94680789 4.95038384 4.95170735 4.93584185 4.94299174
 4.94573107 4.94665825 4.93807339 4.93955635 4.9430802  4.95432253
 4.95184952 4.94840727 4.94834984 4.94125516 4.94246843 4.94989384
 4.96316082 4.94489451 4.94042651 4.94705017 4.94630964 4.94698087
 4.92999097 4.93773134 4.95963431 4.94130558 4.94752081 4.94758914
 4.9398766  4.92247115 4.94593775 4.95311843 4.9404382  4.94759454
 4.93918643 4.94431246 4.94817518 4.93888459 4.93308111 4.95198193
 4.94502534 4.95046803 4.93876464 4.95934379 4.93897916 4.93965897
 4.94767983 4.94892037 4.95380096 4.93918204 4.94091502 4.95000223
 4.9396721  4.94638926 4.93824968 4.95379759 4.93958875 4.94317698
 4.94088834 4.94984453 4.94337601 4.94151856 4.94268587 4.93908291
 4.94278586 4.93335623 4.93827647 4.94013229 4.95297144 4.93806772
 4.95179921 4.95003083 4.94477579 4.94423934 4.94526771 4.94684222
 4.93445194 4.9462467  4.94828604 4.93232268 4.94541062 4.94564339
 4.94999112 4.93536512 4.92837052 4.9445511  4.95307144 4.95402376
 4.94352135 4.94539261 4.95233388 4.95089364 4.94771343 4.95700179
 4.93941127 4.94929937 4.95032764 4.94874477 4.94580507 4.95157482
 4.94236979 4.93655518 4.95453134 4.9537852  4.93364208 4.94288451
 4.9501356  4.94452672 4.94901297 4.94610976 4.94198228 4.94131069
 4.94286439 4.94222851 4.95488185 4.94861223 4.94131827 4.95600416
 4.9439886  4.94430609 4.95144915 4.95126582 4.94289574 4.95270004
 4.93942321 4.94304887 4.95364832 4.95294023 4.93861205 4.93398704
 4.94625525 4.95844821 4.94459932 4.94091915 4.93712758 4.94829817
 4.94636071 4.9407085  4.95022425 4.93881633 4.94685115 4.9571325
 4.95629267 4.93626029 4.94923035 4.93573822 4.94554783 4.94838615
 4.94821286 4.94163519 4.94111866 4.93870646 4.93950823 4.94891081
 4.94456193 4.93366842 4.94175851 4.93140958 4.94682973 4.94262183
 4.94246381 4.94569442 4.94431353 4.95059596 4.93241685 4.94179766
 4.95563635 4.9306387  4.94080872 4.94139953 4.92926412 4.94373185
 4.93920237 4.95294662 4.92797289 4.95076682 4.94362938 4.94810994
 4.93199142 4.94781981 4.93895769 4.9499952  4.95505582 4.9454602
 4.96150205 4.93843445 4.9580123  4.9381994  4.93713711 4.94482153
 4.94528706 4.95237588 4.94859242 4.92769073 4.9416775  4.95463044
 4.94371134 4.94472838 4.9425464  4.95167292 4.94411036 4.94345318
 4.95272753 4.94052581 4.94754805 4.93478356 4.94275841 4.9399549
 4.94728097 4.93683351 4.94989909 4.95257125 4.9407296  4.94119306
 4.94764021 4.92905332 4.94063049 4.94688239 4.94587027 4.94548155
 4.94413995 4.96219805 4.94308888 4.9602753  4.94928516 4.94232839
 4.9429112  4.95532491 4.94075475 4.9404672  4.94894246 4.95068324
 4.95029663 4.93988308 4.94763562 4.94624867 4.94179259 4.94940242
 4.94454741 4.93918634 4.94343028 4.94565963 4.94468836 4.94552311
 4.93701853 4.95274008 4.95310293 4.94375084 4.94704234 4.94988624
 4.94866402 4.95249488 4.94245171 4.95557751 4.94263072 4.96066595
 4.95023016 4.94850068 4.95322669 4.95322611 4.95544765 4.94732053
 4.94727447 4.94113819 4.94798568 4.9517521  4.94480234 4.93273425
 4.93973887 4.93911679 4.94312902 4.9405119  4.95028535 4.95101105
 4.95569071 4.94923925 4.9586763  4.94655956 4.93772379 4.94887627
 4.94680871 4.93767516 4.94797895 4.94195718 4.93420855 4.95258155
 4.95349553 4.94143806 4.9542044  4.95730959 4.95400697 4.9410359
 4.95011185 4.93974044 4.95306592 4.95325193 4.9470168  4.94940808
 4.94190916 4.94021551 4.94977772 4.95590427]",552
ChiAM,,,,,,4.73,0.077,"['M', 'G', 'S', 'V', 'V', 'P', 'G', 'T', 'V', 'S', 'I', 'S', 'G', 'S', 'V', 'K', 'N', 'G', 'S', 'A', 'L', 'V', 'T', 'D', 'V', 'T', 'V', 'E', 'L', 'R', 'N', 'A', 'S', 'N', 'A', 'V', 'I', 'Q', 'T', 'V', 'V', 'S', 'A', 'N', 'G', 'N', 'F', 'A', 'F', 'N', 'N', 'L', 'T', 'S', 'G', 'Q', 'N', 'Y', 'S', 'L', 'T', 'A', 'L', 'K', 'A', 'T', 'Y', 'T', 'F', 'T', 'P', 'V', 'T', 'L', 'V', 'N', 'V', 'T', 'V', 'N', 'Q', 'T', 'A', 'V', 'V', 'I', 'N', 'G', 'T', 'Q', 'P', 'T', 'Y', 'T', 'V', 'S', 'G', 'T', 'V', 'L', 'D', 'G', 'S', 'T', 'P', 'V', 'S', 'G', 'V', 'T', 'V', 'T', 'A', 'V', 'S', 'G', 'S', 'T', 'T', 'L', 'T', 'A', 'V', 'S', 'N', 'A', 'S', 'G', 'V', 'Y', 'S', 'I', 'A', 'G', 'L', 'T', 'A', 'G', 'L', 'N', 'F', 'T', 'V', 'T', 'A', 'A', 'K', 'S', 'G', 'F', 'S', 'Y', 'A', 'P', 'A', 'S', 'T', 'V', 'Y', 'N', 'A', 'I', 'D', 'S', 'N', 'K', 'T', 'L', 'N', 'F', 'T', 'Q', 'G', 'A', 'P', 'V', 'V', 'N', 'Y', 'T', 'V', 'S', 'G', 'T', 'V', 'L', 'N', 'S', 'T', 'T', 'P', 'V', 'S', 'G', 'V', 'T', 'V', 'T', 'A', 'S', 'F', 'T', 'G', 'G', 'S', 'Y', 'A', 'A', 'V', 'T', 'N', 'A', 'S', 'G', 'T', 'Y', 'S', 'L', 'S', 'L', 'P', 'S', 'G', 'G', 'N', 'Y', 'T', 'V', 'T', 'A', 'A', 'L', 'T', 'G', 'Q', 'T', 'F', 'T', 'P', 'A', 'S', 'T', 'V', 'Y', 'S', 'N', 'L', 'N', 'A', 'N', 'K', 'T', 'L', 'N', 'F', 'T', 'Q', 'D', 'V', 'V', 'V', 'S', 'T', 'S', 'K', 'I', 'S', 'G', 'T', 'V', 'K', 'N', 'G', 'T', 'N', 'P', 'V', 'A', 'G', 'A', 'K', 'V', 'E', 'L', 'V', 'L', 'P', 'W', 'T', 'D', 'N', 'T', 'H', 'N', 'W', 'K', 'S', 'V', 'I', 'A', 'T', 'T', 'D', 'A', 'Q', 'G', 'K', 'Y', 'S', 'F', 'D', 'N', 'S', 'V', 'V', 'D', 'G', 'Y', 'T', 'Q', 'V', 'L', 'S', 'L', 'K', 'L', 'N', 'S', 'W', 'Q', 'N', 'G', 'E', 'V', 'A', 'Y', 'Y', 'P', 'N', 'N', 'L', 'A', 'N', 'F', 'A', 'V', 'P', 'A', 'N', 'P', 'T', 'V', 'Y', 'N', 'F', 'N', 'T', 'S', 'S', 'T', 'A', 'K', 'S', 'A', 'L', 'A', 'A', 'A', 'A', 'N', 'L', 'I', 'S', 'G', 'T', 'V', 'K', 'N', 'G', 'T', 'T', 'P', 'V', 'A', 'G', 'A', 'K', 'V', 'E', 'I', 'V', 'L', 'P', 'W', 'T', 'D', 'N', 'T', 'H', 'N', 'W', 'K', 'S', 'V', 'L', 'A', 'T', 'T', 'D', 'A', 'S', 'G', 'N', 'Y', 'S', 'F', 'D', 'N', 'S', 'V', 'V', 'A', 'G', 'Y', 'T', 'Q', 'I', 'L', 'S', 'L', 'K', 'L', 'N', 'G', 'W', 'E', 'N', 'G', 'D', 'V', 'T', 'Y', 'Y', 'P', 'N', 'N', 'L', 'A', 'N', 'F', 'A', 'V', 'P', 'T', 'T', 'P', 'T', 'I', 'Y', 'N', 'F', 'N', 'R', 'Q', 'A', 'V', 'V', 'A', 'T', 'K', 'P', 'V', 'V', 'T', 'I', 'T', 'A', 'P', 'T', 'A', 'S', 'A', 'I', 'A', 'I', 'N', 'L', 'G', 'S', 'A', 'I', 'N', 'F', 'V', 'A', 'S', 'V', 'G', 'L', 'S', 'A', 'V', 'D', 'A', 'T', 'T', 'I', 'S', 'S', 'V', 'V', 'F', 'S', 'L', 'D', 'G', 'Q', 'S', 'L', 'S', 'T', 'A', 'N', 'S', 'S', 'G', 'T', 'Y', 'T', 'A', 'A', 'W', 'T', 'P', 'A', 'A', 'N', 'Q', 'F', 'S', 'L', 'S', 'H', 'T', 'L', 'T', 'V', 'T', 'A', 'T', 'A', 'S', 'N', 'G', 'T', 'T', 'D', 'S', 'K', 'T', 'Y', 'S', 'F', 'T', 'L', 'T', 'C', 'S', 'G', 'A', 'N', 'C', 'P', 'N', 'A', 'L', 'P', 'V', 'I', 'T', 'W', 'N', 'S', 'P', 'S', 'N', 'T', 'T', 'V', 'Y', 'Q', 'N', 'T', 'F', 'Q', 'V', 'V', 'P', 'I', 'S', 'V', 'T', 'A', 'V', 'D', 'S', 'D', 'G', 'T', 'V', 'S', 'G', 'V', 'T', 'I', 'T', 'I', 'N', 'G', 'G', 'T', 'F', 'N', 'M', 'T', 'A', 'G', 'T', 'N', 'N', 'T', 'Y', 'T', 'Y', 'N', 'F', 'T', 'P', 'S', 'A', 'Y', 'Q', 'D', 'Y', 'P', 'V', 'V', 'I', 'K', 'A', 'T', 'D', 'N', 'K', 'S', 'G', 'V', 'T', 'T', 'L', 'N', 'N', 'T', 'I', 'K', 'I', 'A', 'T', 'V', 'S', 'T', 'N', 'R', 'F', 'I', 'A', 'H', 'H', 'H', 'H', 'H', 'H']",,0.282,,,8.0,,,293.15,,,4.365018832270515,"[4.36744254 4.36975089 4.36211154 4.36297237 4.36515814 4.36433393
 4.36466289 4.36526674 4.36823569 4.36681353 4.37036977 4.3700207
 4.36226837 4.36460058 4.360291   4.368411   4.36630281 4.36580937
 4.36308369 4.35611744 4.36344483 4.36433725 4.36334237 4.36501148
 4.36789678 4.3581505  4.36961458 4.3618709  4.35853082 4.36461187
 4.35669074 4.36112382 4.3719102  4.36885127 4.3696659  4.36668825
 4.36704918 4.36544303 4.36247172 4.36142319 4.3653833  4.36440782
 4.37190914 4.35921783 4.36786765 4.36141674 4.36428542 4.36402371
 4.36623318 4.36510285 4.37084589 4.36782647 4.3606018  4.36915926
 4.36914058 4.35852423 4.36178974 4.36255096 4.36849165 4.36103711
 4.36360716 4.36483834 4.36306976 4.36525429 4.36914938 4.37091319
 4.36014707 4.3597954  4.36530089 4.36899579 4.36096603 4.36857419
 4.36315706 4.35984019 4.36547117 4.36427573 4.36500479 4.36531429
 4.3658127  4.36615021 4.36628838 4.36702717 4.37024709 4.36140495
 4.36842052 4.36437729 4.36333564 4.36494516 4.36745893 4.37005443
 4.3685511  4.36696298 4.37498365 4.3701621  4.36551159 4.36161161
 4.36568665 4.37030857 4.36902419 4.36635452 4.3625372  4.36656402
 4.35695524 4.36302876 4.36495499 4.36864736 4.3671282  4.36309185
 4.3607159  4.3627687  4.36179407 4.37446434 4.3684642  4.36614303
 4.36662734 4.3796217  4.36967391 4.36701879 4.35867117 4.36144178
 4.36129765 4.36272277 4.36368463 4.36436676 4.36593506 4.36409036
 4.35906588 4.36054318 4.36771937 4.36237524 4.36477802 4.36905597
 4.36996398 4.36060681 4.36499395 4.35233582 4.3666598  4.36751324
 4.36808311 4.36913128 4.36883931 4.36020298 4.36952098 4.37266754
 4.36237288 4.36205815 4.36461064 4.36511936 4.3611149  4.3628813
 4.37007813 4.3652568  4.36124806 4.36854705 4.37116298 4.36145519
 4.36485897 4.37076371 4.36661941 4.36540912 4.3628603  4.35748071
 4.37134459 4.36449101 4.3693605  4.36223516 4.36740689 4.36749678
 4.36267511 4.36658267 4.35818971 4.37082483 4.36615924 4.3607691
 4.36326141 4.35679861 4.36150204 4.3617985  4.36316615 4.35851428
 4.36806047 4.36886088 4.36417707 4.3627538  4.36485243 4.37159652
 4.36817992 4.36982784 4.36318999 4.3694817  4.36599517 4.35920354
 4.36824711 4.36058659 4.36357057 4.36789623 4.36346599 4.36788263
 4.36571541 4.37284802 4.36695602 4.36468522 4.36369652 4.36561844
 4.35885673 4.36345737 4.35721192 4.3692276  4.36221724 4.36921808
 4.36187693 4.3579891  4.37141458 4.35436147 4.36808912 4.36593287
 4.36502062 4.36842604 4.36112161 4.37046216 4.36163389 4.36681297
 4.36202032 4.3609619  4.37337463 4.36824587 4.36620705 4.36373827
 4.37200311 4.37271762 4.3622683  4.36227859 4.36699558 4.3615512
 4.36286087 4.36548593 4.36689805 4.36880076 4.36668678 4.36326811
 4.37036032 4.36251362 4.36517435 4.36531898 4.36163161 4.36794567
 4.36613322 4.36455338 4.36836896 4.36715291 4.35940016 4.3609327
 4.36838069 4.35536966 4.36578076 4.36258834 4.36822311 4.36944656
 4.36437906 4.36213806 4.36632542 4.36485325 4.36373584 4.35822224
 4.36975362 4.36880145 4.36237251 4.36889478 4.36926121 4.36424204
 4.35607601 4.36772689 4.36252466 4.37042363 4.3644878  4.36248046
 4.37272117 4.36158545 4.37148372 4.36093881 4.36194983 4.36986032
 4.36479041 4.37161345 4.36735692 4.36242983 4.36816235 4.37281504
 4.36674353 4.3576113  4.36777353 4.36231331 4.35794231 4.36268781
 4.36953262 4.36142905 4.36589911 4.36783223 4.36584338 4.36388714
 4.36695853 4.36024519 4.36413192 4.36029764 4.36536603 4.36230462
 4.35795037 4.36782066 4.36869147 4.36671803 4.36659951 4.36959536
 4.3642123  4.36346797 4.36082664 4.36570808 4.36168288 4.36667357
 4.36531605 4.35909436 4.3660788  4.36199881 4.3652155  4.36746434
 4.35979829 4.36420989 4.3619687  4.35963768 4.36199691 4.3662145
 4.36570068 4.36859114 4.36854142 4.3667573  4.35960154 4.36006964
 4.36515112 4.36161904 4.36371497 4.36606338 4.36291027 4.36051697
 4.35967894 4.36263249 4.36995068 4.36343467 4.36893951 4.3695186
 4.36527959 4.36735512 4.36745679 4.3687133  4.36000991 4.36807317
 4.36841513 4.36268165 4.36279584 4.36515411 4.36421742 4.36438176
 4.36736002 4.35648834 4.37039957 4.36501564 4.37147915 4.36335103
 4.3579788  4.37079733 4.36486448 4.36340839 4.37196622 4.36286839
 4.36507952 4.35896394 4.36760988 4.37115198 4.36237444 4.36705472
 4.36736074 4.36764083 4.36497269 4.36222815 4.3709166  4.36388105
 4.36862498 4.36633171 4.35866815 4.37152887 4.36215535 4.36336838
 4.36610733 4.37127312 4.36533829 4.36517908 4.36270394 4.36847389
 4.35616965 4.36363476 4.36680511 4.35905041 4.35877671 4.36450022
 4.36994078 4.37014408 4.36010985 4.36937115 4.3665379  4.35788881
 4.36797624 4.36517485 4.36078475 4.36805251 4.37100524 4.36566742
 4.36689403 4.36654656 4.36720159 4.36443213 4.35977284 4.37168944
 4.36535413 4.36123832 4.36220163 4.37466883 4.3578648  4.3610938
 4.36409374 4.36758279 4.3641345  4.35988289 4.37183892 4.36822514
 4.37083584 4.36252173 4.36622125 4.36722085 4.36793045 4.36619649
 4.36914383 4.36717849 4.36238003 4.36240863 4.36518572 4.3649531
 4.36625805 4.35981706 4.37750137 4.36130122 4.36602313 4.3642655
 4.36433602 4.36591749 4.3676111  4.36621732 4.36640389 4.36974098
 4.36621571 4.36045089 4.37087008 4.36119858 4.35930943 4.36836513
 4.36206634 4.36352758 4.36709675 4.36540628 4.36024289 4.36581009
 4.36822181 4.36016194 4.36845128 4.366137   4.366819   4.36439547
 4.36021596 4.36803743 4.36529506 4.36402257 4.36115792 4.3582733
 4.35990843 4.3695584  4.36134703 4.37156763 4.36111157 4.362681
 4.36529121 4.36625052 4.36354628 4.36723065 4.36974698 4.36250858
 4.35824094 4.36816054 4.36831773 4.35709938 4.36825595 4.3619217
 4.35674849 4.35989175 4.36868647 4.36484179 4.36748788 4.36139414
 4.36275009 4.36907094 4.37027838 4.36499833 4.3666385  4.36671206
 4.36290426 4.36195345 4.36295129 4.37138992 4.36332728 4.36859916
 4.36808654 4.37412422 4.36653659 4.36278693 4.36347735 4.36223297
 4.36662804 4.36291118 4.3702761  4.35987439 4.36680444 4.36962948
 4.37475972 4.37017679 4.37365723 4.36436131 4.36252997 4.3654012
 4.36523761 4.36378511 4.36733382 4.36541152 4.36508135 4.36897256
 4.36731994 4.36217499 4.37051536 4.36965886 4.35974093 4.35738435
 4.36349884 4.36216241 4.36877405 4.36933722 4.35992017 4.37029929
 4.36910523 4.3607841  4.36756479 4.36789146 4.36515575 4.36724534
 4.37050935 4.36752201 4.36811065 4.36686104 4.3587794  4.35922238
 4.37106501 4.36561888 4.36245539 4.36664371 4.36205879 4.3701474
 4.37028718 4.36387833 4.36423356 4.35902722 4.37166222 4.36250366
 4.36603209 4.36260951 4.35925037 4.36772001 4.36576895 4.36699097
 4.36734272 4.36617508 4.36318164 4.35944181 4.36719855 4.36715051
 4.36520379 4.36114281 4.35952155 4.3675696  4.371012   4.36595657
 4.36293674 4.36895473 4.36729492 4.36040614 4.36913719 4.36711582
 4.36548077 4.36205361 4.36619852 4.36374205 4.36555894 4.36723138
 4.36822293 4.36391542 4.36412371 4.36592541 4.36325707 4.36648681
 4.36415566 4.36605403 4.37131814 4.36231966 4.37052403 4.36776951
 4.37100859 4.37120876 4.36989797 4.35964761 4.37170912 4.36221224
 4.36636073 4.36496204 4.36678565 4.362808   4.36260516 4.36224861
 4.3658718  4.36175571 4.37201651 4.37209412 4.36549578 4.36631654
 4.37039507 4.36558793 4.36771653 4.36781922 4.3684521  4.37018831
 4.35982235 4.3631482  4.36671362 4.36140416 4.35796766 4.36671172
 4.36498102 4.36909736 4.36326746 4.36225218 4.36225568 4.3653322
 4.35924256 4.36742005 4.35834622 4.36186892 4.36504534 4.3739117
 4.36187269 4.35856363 4.36487588 4.36555013 4.37277448 4.35646839
 4.36708108 4.36417506 4.35908368 4.36375617 4.36090385 4.36875594
 4.3730919  4.36307158 4.3642072  4.36271521 4.36547624 4.37293767
 4.36829542 4.36358925 4.35960203 4.3697869  4.37166443 4.37019914
 4.36865787 4.36278007 4.37037192 4.36778744 4.36668272 4.36425345
 4.36702895 4.36724961 4.36690605 4.3670525  4.36525187 4.36864497
 4.36048827 4.36862254 4.36387322 4.36026503 4.36220998 4.36107128
 4.35918336 4.36442065 4.36874141 4.36794886 4.3663959  4.37074971
 4.36484005 4.36698073 4.3635695  4.37021202 4.36553814 4.36891632
 4.37077366 4.36665768 4.36654089 4.36930273 4.35856272 4.36197598
 4.36792154 4.36396041 4.36396091 4.36632925 4.36519532 4.37067927
 4.36940919 4.35770078 4.36237218 4.36553417 4.36851555 4.36201589
 4.37099829 4.36639404 4.35802148 4.36480023 4.36235532 4.36095727
 4.36663736 4.37299588 4.36530414 4.36402749 4.36519394 4.36590319
 4.36070973 4.35875719 4.35629644 4.35637542 4.35916138 4.36533409
 4.36520785 4.36237865 4.36624363 4.36606497 4.36018638 4.36677256
 4.36713262 4.36133103 4.36420562 4.36576299 4.36086993 4.36682145
 4.36485177 4.36668367 4.36750131 4.36463448 4.36539566 4.36297455
 4.37195175 4.36221746 4.36994114 4.36576043 4.35875807 4.36193238
 4.37201775 4.36153387 4.35795266 4.36300924 4.37097595 4.3690966
 4.3624773  4.36606771 4.36345359 4.3733311  4.35712289 4.36785021
 4.35772897 4.36193721 4.369537   4.36337941 4.36287779 4.3557007
 4.36279707 4.37027343 4.36266118 4.36140707 4.35907224 4.36498078
 4.36498098 4.36689761 4.36548942 4.36361262 4.37324955 4.36833998
 4.35625642 4.36735808 4.36964059 4.37126789 4.36463553 4.36559667
 4.36272348 4.36456543 4.36993775 4.37142602 4.37080242 4.36816554
 4.3635868  4.35804018 4.36782308 4.3606507  4.36623641 4.36554324
 4.36360943 4.35695032 4.35487622 4.37634493 4.36183452 4.37435375
 4.36160744 4.36443207 4.35846325 4.3660723  4.36473383 4.36662469
 4.3655835  4.36818838 4.36686747 4.36413746 4.3697392  4.36884425
 4.3693832  4.36352991 4.35229816 4.36305302 4.36590215 4.36417156
 4.36105137 4.36700321 4.36467621 4.35928108 4.36717965 4.36065241
 4.36148454 4.35946488 4.36464428 4.36603908 4.36199886 4.36706755
 4.36634941 4.36224934 4.36272244 4.36324832 4.37344709 4.36575054
 4.35716936 4.35982431 4.36458033 4.36364685 4.36315949 4.36970008
 4.3659652  4.36567283 4.36225538 4.36488059 4.37040232 4.36784858
 4.36940383 4.37052683 4.3694197  4.36803028 4.36420017 4.3614084
 4.36302009 4.36989243 4.36478853 4.36144184 4.37164827 4.36208328
 4.36796428 4.36329544 4.36833792 4.36200391 4.36152767 4.36920114
 4.35993953 4.36493874 4.36119688 4.36614951 4.36491149 4.36293359
 4.36385404 4.36326795 4.36565413 4.36296131 4.36573416 4.36074219
 4.36603728 4.36295726 4.37137198 4.36323992 4.36644588 4.35930162
 4.36607852 4.36520852 4.36502399 4.36077181 4.36320087 4.36064151
 4.36691994 4.36886124 4.3637199  4.36564085 4.3667166  4.36562297
 4.36813168 4.35798166 4.36176527 4.36499719 4.36556463 4.36005857
 4.3644218  4.36757674 4.3637921  4.36721913 4.36769836 4.37657429
 4.36517831 4.37066962 4.36566099 4.36826829 4.36934833 4.36190746
 4.36477602 4.36724845 4.36502246 4.37248139 4.36604949 4.3670384
 4.36309925 4.36632287 4.36054643 4.36989478 4.36814538 4.3665892
 4.37204531 4.36372806 4.3672138  4.35822607 4.36209739 4.36827437
 4.36692134 4.36409065 4.3683786  4.36420758 4.37018831 4.37326069
 4.36696536 4.3678866  4.36272488 4.36917073 4.36260511 4.36974092
 4.36397131 4.36793994 4.36654079 4.36861758 4.36985808 4.36702549
 4.36259552 4.35774656 4.36376986 4.3624027  4.36862229 4.36817637
 4.36369562 4.36346696 4.36021019 4.36759846 4.37069405 4.36284266
 4.36287962 4.37091414 4.36427191 4.36889769 4.36971049 4.36644358
 4.36431265 4.3677274  4.36419673 4.36115724]",682
SH4UD_SH3_SH2,,,,,,3.28,0.06,"['S', 'A', 'W', 'S', 'H', 'P', 'Q', 'F', 'E', 'K', 'G', 'S', 'N', 'K', 'S', 'K', 'P', 'K', 'D', 'A', 'S', 'Q', 'R', 'R', 'R', 'S', 'L', 'E', 'P', 'A', 'E', 'N', 'V', 'H', 'G', 'A', 'G', 'G', 'G', 'A', 'F', 'P', 'A', 'S', 'Q', 'T', 'P', 'S', 'K', 'P', 'A', 'S', 'A', 'D', 'G', 'H', 'R', 'G', 'P', 'S', 'A', 'A', 'F', 'A', 'P', 'A', 'A', 'A', 'E', 'P', 'K', 'L', 'F', 'G', 'G', 'F', 'N', 'S', 'S', 'D', 'T', 'V', 'T', 'S', 'P', 'Q', 'R', 'A', 'L', 'P', 'E', 'T', 'G', 'V', 'T', 'T', 'F', 'V', 'A', 'L', 'Y', 'D', 'Y', 'E', 'S', 'R', 'T', 'E', 'T', 'D', 'L', 'S', 'F', 'K', 'K', 'G', 'E', 'R', 'L', 'Q', 'I', 'V', 'N', 'N', 'T', 'E', 'G', 'D', 'W', 'W', 'L', 'A', 'H', 'S', 'L', 'S', 'T', 'G', 'Q', 'T', 'G', 'Y', 'I', 'P', 'S', 'N', 'Y', 'V', 'A', 'P', 'S', 'D', 'S', 'I', 'Q', 'A', 'E', 'E', 'W', 'Y', 'F', 'G', 'K', 'I', 'T', 'R', 'R', 'E', 'S', 'E', 'R', 'L', 'L', 'L', 'N', 'A', 'E', 'N', 'P', 'R', 'G', 'T', 'F', 'L', 'V', 'R', 'E', 'S', 'E', 'T', 'T', 'K', 'G', 'A', 'Y', 'C', 'L', 'S', 'V', 'S', 'D', 'F', 'D', 'N', 'A', 'K', 'G', 'L', 'N', 'V', 'K', 'H', 'Y', 'K', 'I', 'R', 'K', 'L', 'D', 'S', 'G', 'G', 'F', 'Y', 'I', 'T', 'S', 'R', 'T', 'Q', 'F', 'N', 'S', 'L', 'Q', 'Q', 'L', 'V', 'A', 'Y', 'Y', 'S', 'K', 'H', 'A', 'D', 'G', 'L', 'C', 'H', 'R', 'L', 'T', 'T', 'V', 'C', 'P', 'T', 'H', 'H', 'H', 'H', 'H', 'H']",,0.216,,,8.0,,,293.15,,,3.3502946535347906,"[3.34952737 3.34937393 3.35453296 3.35347036 3.34818084 3.35252916
 3.34955457 3.34893331 3.34093816 3.34874442 3.35191705 3.35706346
 3.34725944 3.35326676 3.35295468 3.34916853 3.34914002 3.35088157
 3.34861214 3.34565309 3.35177143 3.34669675 3.35354011 3.34759568
 3.35597526 3.34890768 3.35876443 3.34847268 3.35395319 3.35336491
 3.35218728 3.34800222 3.34942189 3.34978417 3.34822969 3.35126286
 3.34581394 3.34956186 3.35343596 3.34831072 3.35207135 3.35152619
 3.34950089 3.35186136 3.35191025 3.34796838 3.34950183 3.35387553
 3.34653061 3.34537533 3.35762362 3.34926071 3.35157445 3.34360133
 3.34778534 3.34681904 3.35053023 3.35035164 3.34747081 3.35012855
 3.34856747 3.35072444 3.35141233 3.34912763 3.35612875 3.34890727
 3.35153434 3.35181451 3.34885887 3.35311137 3.35020978 3.35178143
 3.35318279 3.34860422 3.3509368  3.34796913 3.34881824 3.3466909
 3.34793295 3.35504795 3.3500145  3.34899716 3.3488702  3.34954271
 3.3538948  3.34672155 3.34807494 3.35269506 3.35308852 3.35001383
 3.35193884 3.35177022 3.35554428 3.35195153 3.35139286 3.34993704
 3.35023508 3.35756488 3.34897898 3.34681922 3.3471766  3.35576281
 3.34824411 3.34355265 3.35234769 3.35363256 3.3485728  3.34691391
 3.34860354 3.35174218 3.34683471 3.35140033 3.35298445 3.35553599
 3.34836261 3.3545891  3.35459039 3.3507509  3.3573211  3.35564015
 3.34738151 3.34712732 3.34831928 3.34708239 3.35922497 3.35319227
 3.34766675 3.35096124 3.35219909 3.35215695 3.35059779 3.35372988
 3.35050926 3.3480919  3.34864142 3.35538619 3.3495883  3.35436955
 3.35077144 3.35056547 3.34993677 3.34923258 3.35067157 3.35043214
 3.35044787 3.34193107 3.34991992 3.34873724 3.3512819  3.34872373
 3.35186539 3.35323963 3.35323921 3.35173989 3.34806165 3.34977396
 3.34864606 3.34919069 3.34726124 3.35586394 3.35253431 3.35314026
 3.3475161  3.35489152 3.35236292 3.35046561 3.3541057  3.34899029
 3.34847704 3.35388678 3.35402148 3.34886631 3.35249436 3.35185914
 3.35870151 3.34683147 3.35240268 3.35288811 3.35290343 3.34416624
 3.35488712 3.34502337 3.35149001 3.34799457 3.34797308 3.34791937
 3.34628831 3.34777855 3.35426342 3.34886646 3.35233713 3.34525722
 3.35440905 3.347746   3.34970135 3.34341156 3.35211491 3.35453714
 3.34716859 3.3536441  3.34895973 3.35308385 3.34891604 3.35261692
 3.35308529 3.34806899 3.34741288 3.34637014 3.34890253 3.34878664
 3.35208171 3.34924895 3.34397095 3.35362583 3.34551816 3.35450554
 3.35489339 3.35437029 3.3517209  3.34376233 3.34859164 3.35277943
 3.34983051 3.35142051 3.35758967 3.3486905  3.35557926 3.34458266
 3.34640425 3.34498987 3.35347932 3.35168849 3.34676033 3.35210146
 3.35169318 3.35496532 3.34646087 3.3474445  3.35035912 3.34691443
 3.35543872 3.34882226 3.35602336 3.34802858 3.35293521 3.34730782
 3.356679   3.34428729 3.3470033  3.34774819 3.35667223 3.35099491
 3.35072136 3.35297803 3.34535019 3.34910404 3.35258973 3.352542
 3.35354796 3.35154886 3.34812583 3.34430071 3.34708747 3.34906086
 3.35054001 3.34658165 3.35493939 3.34927354 3.35091972 3.35043919
 3.34862233 3.34976694 3.34690009 3.34709693 3.35019728 3.35143435
 3.35101016 3.34801975 3.34853317 3.35160013 3.35024774 3.3505689
 3.34828537 3.35273568 3.35259671 3.35775633 3.35466472 3.35117173
 3.34115529 3.34631071 3.358546   3.35642002 3.34504316 3.35015118
 3.351876   3.35174869 3.34562091 3.34480816 3.35180959 3.34911714
 3.34503767 3.35259621 3.34988254 3.35032625 3.34734704 3.34622739
 3.35304654 3.35171472 3.35506236 3.34850104 3.34649534 3.35424048
 3.34996916 3.35279765 3.35087771 3.35092651 3.35011505 3.34844043
 3.35050842 3.34690723 3.34601192 3.34822932 3.34682306 3.34427685
 3.34694629 3.3511499  3.34831765 3.35137403 3.35167446 3.35509516
 3.35308337 3.35302525 3.35559995 3.35124803 3.34733691 3.34931018
 3.35448061 3.34707581 3.35591192 3.35230609 3.35081945 3.35086427
 3.35112072 3.35041225 3.35065396 3.34747201 3.35346956 3.35445255
 3.34764325 3.35017633 3.35747682 3.35287004 3.35185257 3.35127566
 3.35353033 3.34896525 3.34823493 3.35434816 3.34447564 3.34766289
 3.34800151 3.35232009 3.3458245  3.35030549 3.34935668 3.35929069
 3.34671775 3.34809491 3.34847017 3.3536593  3.34909592 3.34672006
 3.34762221 3.3501857  3.34918466 3.34837738 3.35089074 3.35331482
 3.35235674 3.35133635 3.35175545 3.35267784 3.35172776 3.34955642
 3.34830315 3.3491878  3.34957297 3.35014226 3.34888012 3.35186946
 3.35374561 3.34613471 3.35220123 3.34735517 3.35373055 3.35595765
 3.34759636 3.34816961 3.35109865 3.35161685 3.34945673 3.3521613
 3.35404812 3.34191961 3.34708873 3.35162432 3.34697546 3.35204137
 3.34401771 3.35278487 3.35063489 3.35170682 3.35569182 3.35028573
 3.34606884 3.35235459 3.3505569  3.3500084  3.34327032 3.34580554
 3.35051283 3.35120556 3.3482772  3.35220225 3.35340086 3.3417755
 3.35129307 3.35394632 3.35542926 3.34360733 3.35486068 3.35213543
 3.34451276 3.35540295 3.34529278 3.35056749 3.35014271 3.34881941
 3.35353251 3.34901384 3.35439476 3.34644793 3.35142901 3.34968366
 3.34220947 3.35139889 3.34462094 3.35104476 3.34574565 3.34641727
 3.34981534 3.34816715 3.35701912 3.34928514 3.35106423 3.34447599
 3.35360158 3.3522033  3.34833675 3.35751842 3.3509447  3.35669627
 3.34814904 3.34739171 3.35463862 3.3475876  3.35053958 3.34634867
 3.34959614 3.35510104 3.35100348 3.35107388 3.3515646  3.35420385
 3.35311485 3.34638094 3.35300194 3.34833223 3.34931124 3.34235118
 3.34802016 3.34693346 3.34945406 3.34788126 3.35058721 3.35076116
 3.34823962 3.3462736  3.34837917 3.35133215 3.35230184 3.35201091
 3.34851181 3.35037745 3.34739959 3.35318306 3.34756022 3.34399873
 3.3495818  3.34744707 3.34402336 3.34923197 3.35280883 3.35047543
 3.34828423 3.35287943 3.35488432 3.35225795 3.34824509 3.34936122
 3.34939331 3.34972877 3.35504074 3.34875845 3.35049432 3.34240242
 3.35403723 3.3500466  3.34630356 3.34719842 3.35500119 3.3527457
 3.35341155 3.35436055 3.35105906 3.34656388 3.34822919 3.35171277
 3.3515265  3.35460673 3.35269296 3.35032208 3.34685902 3.35181336
 3.34869132 3.35431123 3.34947315 3.35376362 3.34941477 3.35498721
 3.34003752 3.35480018 3.34916479 3.35666123 3.34790246 3.35169533
 3.34731653 3.34843132 3.3415578  3.34852151 3.34672418 3.34929324
 3.34796111 3.34771417 3.34814339 3.3512714  3.34635032 3.35219847
 3.35048796 3.35097216 3.34965598 3.35023326 3.35174713 3.34848483
 3.35368002 3.34648317 3.34648283 3.34876076 3.3548142  3.34972217
 3.35436002 3.35025479 3.34439823 3.34868509 3.35761441 3.3504388
 3.35457432 3.35578271 3.35777036 3.34919686 3.34487053 3.3515524
 3.34720628 3.34876479 3.35109399 3.34983299 3.35023331 3.35139397
 3.35140906 3.3463949  3.35137385 3.34733855 3.34989105 3.34917927
 3.35087483 3.34633584 3.34778396 3.35040922 3.3497869  3.34912489
 3.35138964 3.34919833 3.34975901 3.3494117  3.34621361 3.35105136
 3.35460832 3.34238831 3.34897881 3.34827061 3.34932155 3.35125482
 3.35495915 3.35271429 3.34678942 3.35322759 3.34289583 3.34915805
 3.35060297 3.34536103 3.35593363 3.34856509 3.34930785 3.34964985
 3.34924223 3.35027444 3.34927724 3.34680312 3.34901189 3.34648205
 3.35314789 3.34783857 3.34818326 3.3473784  3.34533643 3.35521037
 3.3550782  3.3498995  3.34967048 3.34928696 3.3523495  3.35590677
 3.34808812 3.34781234 3.35196108 3.34807445 3.34435736 3.351933
 3.34838742 3.34876603 3.34824362 3.35234477 3.34838132 3.34663278
 3.35187931 3.35239722 3.34439337 3.35306083 3.35179794 3.34668629
 3.35070835 3.35553608 3.3489701  3.34985388 3.3529294  3.35282445
 3.34972188 3.35323118 3.34714656 3.35434469 3.35167529 3.35527965
 3.35770358 3.34338799 3.35181458 3.35365941 3.34918053 3.35606808
 3.34716192 3.34961367 3.34866313 3.34996208 3.35471039 3.34758574
 3.34847103 3.3542707  3.35828558 3.34413564 3.34811217 3.35545
 3.34968067 3.35394981 3.35370024 3.34788147 3.34900012 3.3475524
 3.35258463 3.34987054 3.3554061  3.34983677 3.34632434 3.34943965
 3.35445446 3.35164073 3.34669263 3.35399486 3.34870732 3.34837111
 3.35180869 3.35364388 3.35112514 3.34607319 3.34496483 3.34777641
 3.35132269 3.35348154 3.34563876 3.34921459 3.35764531 3.34718989
 3.34807073 3.35464858 3.35332932 3.35449058 3.35852806 3.34627656
 3.35853461 3.34829831 3.35067856 3.34893438 3.34929289 3.35388996
 3.35174922 3.35050568 3.351429   3.34818658 3.35563966 3.34553585
 3.35262799 3.34548888 3.35095337 3.34756941 3.34832496 3.34696845
 3.35501238 3.35365591 3.34787913 3.34867239 3.34743538 3.34987698
 3.35448647 3.35252299 3.34834062 3.35166647 3.34964841 3.35522755
 3.35327116 3.34484224 3.35003333 3.35318877 3.3536954  3.35167562
 3.35075382 3.34971272 3.34521878 3.35556342 3.35605687 3.35578718
 3.35165637 3.35151609 3.35222594 3.3476071  3.346537   3.35118641
 3.3538649  3.35030571 3.34710839 3.35344806 3.34510994 3.34950477
 3.35175577 3.35052958 3.35345768 3.34729038 3.34658447 3.34951562
 3.35328231 3.3506414  3.3521665  3.35254071 3.34766367 3.34481412
 3.34948299 3.35012532 3.35147053 3.34735983 3.35241987 3.35130226
 3.3553641  3.35347791 3.3483349  3.35267886 3.34783314 3.35010957
 3.34741317 3.34976432 3.34680218 3.34979693 3.35105295 3.35076301
 3.34498931 3.34638575 3.35337209 3.35460936 3.34004196 3.35041996
 3.35643732 3.35301345 3.3495321  3.34841002 3.35157763 3.35534866
 3.35067394 3.351075   3.35279537 3.35202585 3.35040477 3.35119363
 3.34947833 3.35208729 3.34694471 3.35176399 3.34562858 3.35053688
 3.35158846 3.34886226 3.35178919 3.35474469 3.34735247 3.34802322
 3.34830904 3.35368388 3.34572476 3.34640375 3.35231386 3.34835633
 3.34854272 3.35441434 3.35428789 3.34800921 3.35339439 3.35439059
 3.35255121 3.35472669 3.3523365  3.34941255 3.3507143  3.3563964
 3.34219936 3.34227395 3.35708066 3.34574207 3.34510838 3.34992247
 3.35284766 3.36141827 3.34362817 3.34896626 3.34652615 3.35166368
 3.34423954 3.35238606 3.35197308 3.349561   3.35003461 3.35427263
 3.34655054 3.34975873 3.34926361 3.3476831  3.34636067 3.35278225
 3.35116679 3.34691467 3.35534552 3.35518858 3.35122933 3.34956638
 3.34284609 3.35407954 3.34833372 3.35012693 3.35109927 3.34738547
 3.3514079  3.3557189  3.3519238  3.35188695 3.34589521 3.34645879
 3.34629139 3.35015219 3.34687956 3.34989612 3.35071071 3.34950913
 3.35199204 3.35108677 3.35084505 3.35349033 3.35256473 3.3506328
 3.34996903 3.34972072 3.34498116 3.34975779 3.35333206 3.34749219
 3.35170849 3.35089067 3.34463918 3.34747836 3.35466745 3.3532089
 3.34742542 3.35050553 3.34422582 3.35048791 3.3494555  3.34944308
 3.35077841 3.35040707 3.34717945 3.34702823 3.35139692 3.35547603
 3.35127792 3.35510761 3.35231711 3.35087063 3.34324875 3.35001542
 3.3536094  3.35159991 3.35170423 3.34896333 3.35333251 3.34888746
 3.35398657 3.35042981 3.35165176 3.34949951 3.34817473 3.34243298
 3.35136117 3.34617666 3.35109528 3.35192422 3.34836451 3.3529044
 3.3472841  3.35485936 3.35503947 3.3447852  3.34459661 3.35243142
 3.35479555 3.34984215 3.34359676 3.34378928 3.35573949 3.35052428
 3.34538634 3.34943108 3.34854753 3.35645962 3.34852381 3.35036907
 3.35359147 3.3481446  3.34788248 3.35233907 3.35316902 3.35397978
 3.34721705 3.34834319 3.35107369 3.35061707 3.34268617 3.34722268
 3.34935573 3.35122745 3.3557892  3.34581933 3.34618789 3.35097221
 3.35158756 3.34472073 3.35489868 3.35063501]",264
NiV_V,,,,,,6.97,0.02,"['S', 'M', 'D', 'K', 'L', 'E', 'L', 'V', 'N', 'D', 'G', 'L', 'N', 'I', 'I', 'D', 'F', 'I', 'Q', 'K', 'N', 'Q', 'K', 'E', 'I', 'Q', 'K', 'T', 'Y', 'G', 'R', 'S', 'S', 'I', 'Q', 'Q', 'P', 'S', 'I', 'K', 'D', 'Q', 'T', 'K', 'A', 'W', 'E', 'D', 'F', 'L', 'Q', 'C', 'T', 'S', 'G', 'E', 'S', 'E', 'Q', 'V', 'E', 'G', 'G', 'M', 'S', 'K', 'D', 'D', 'G', 'D', 'V', 'E', 'R', 'R', 'N', 'L', 'E', 'D', 'L', 'S', 'S', 'T', 'S', 'P', 'T', 'D', 'G', 'T', 'I', 'G', 'K', 'R', 'V', 'S', 'N', 'T', 'R', 'D', 'W', 'A', 'E', 'G', 'S', 'D', 'D', 'I', 'Q', 'L', 'D', 'P', 'V', 'V', 'T', 'D', 'V', 'V', 'Y', 'H', 'D', 'H', 'G', 'G', 'E', 'C', 'T', 'G', 'Y', 'G', 'F', 'T', 'S', 'S', 'P', 'E', 'R', 'G', 'W', 'S', 'D', 'Y', 'T', 'S', 'G', 'A', 'N', 'N', 'G', 'N', 'V', 'C', 'L', 'V', 'S', 'D', 'A', 'K', 'M', 'L', 'S', 'Y', 'A', 'P', 'E', 'I', 'A', 'V', 'S', 'K', 'E', 'D', 'R', 'E', 'T', 'D', 'L', 'V', 'H', 'L', 'E', 'N', 'K', 'L', 'S', 'T', 'T', 'G', 'L', 'N', 'P', 'T', 'A', 'V', 'P', 'F', 'T', 'L', 'R', 'N', 'L', 'S', 'D', 'P', 'A', 'K', 'D', 'S', 'P', 'V', 'I', 'A', 'E', 'H', 'Y', 'Y', 'G', 'L', 'G', 'V', 'K', 'E', 'Q', 'N', 'V', 'G', 'P', 'Q', 'T', 'S', 'R', 'N', 'V', 'N', 'L', 'D', 'S', 'I', 'K', 'L', 'Y', 'T', 'S', 'D', 'D', 'E', 'E', 'A', 'D', 'Q', 'L', 'E', 'F', 'E', 'D', 'E', 'F', 'A', 'G', 'S', 'S', 'S', 'E', 'V', 'I', 'V', 'G', 'I', 'S', 'P', 'E', 'D', 'E', 'E', 'P', 'S', 'S', 'V', 'G', 'G', 'K', 'P', 'N', 'E', 'S', 'I', 'G', 'R', 'T', 'I', 'E', 'G', 'Q', 'S', 'I', 'R', 'D', 'N', 'L', 'Q', 'A', 'K', 'D', 'N', 'K', 'S', 'T', 'D', 'V', 'P', 'G', 'A', 'G', 'P', 'K', 'D', 'S', 'A', 'V', 'K', 'E', 'E', 'P', 'P', 'Q', 'K', 'R', 'L', 'P', 'M', 'L', 'A', 'E', 'E', 'F', 'E', 'C', 'S', 'G', 'S', 'E', 'D', 'P', 'I', 'I', 'R', 'E', 'L', 'L', 'K', 'E', 'N', 'S', 'L', 'I', 'N', 'C', 'Q', 'Q', 'G', 'K', 'D', 'A', 'Q', 'P', 'P', 'Y', 'H', 'W', 'S', 'I', 'E', 'R', 'S', 'I', 'S', 'P', 'D', 'K', 'T', 'E', 'I', 'V', 'N', 'G', 'A', 'V', 'Q', 'T', 'A', 'D', 'R', 'Q', 'R', 'P', 'G', 'T', 'P', 'M', 'P', 'K', 'S', 'R', 'G', 'I', 'P', 'I', 'K', 'K', 'G', 'H', 'R', 'R', 'E', 'I', 'S', 'I', 'C', 'W', 'D', 'G', 'K', 'R', 'A', 'W', 'V', 'E', 'E', 'W', 'C', 'N', 'P', 'A', 'C', 'S', 'R', 'I', 'T', 'P', 'L', 'P', 'R', 'R', 'Q', 'E', 'C', 'Q', 'C', 'G', 'E', 'C', 'P', 'T', 'E', 'C', 'F', 'H', 'C', 'G']",,0.232,,,8.0,,,293.15,,,6.8190405260609825,"[6.81200095 6.82117923 6.81671995 6.81511232 6.83536518 6.81948307
 6.82069368 6.82132602 6.83285799 6.82542105 6.83076079 6.80640863
 6.82455321 6.81234219 6.80984213 6.81235519 6.82020642 6.82355048
 6.81869756 6.82113618 6.81825064 6.81546685 6.81489684 6.80741501
 6.8239774  6.81445742 6.83591008 6.81609426 6.81244465 6.82920193
 6.81340898 6.82008783 6.80986218 6.81929156 6.80584735 6.81853505
 6.81393673 6.81810028 6.8174535  6.80432583 6.81172715 6.80697339
 6.8329835  6.83719643 6.82287181 6.80182375 6.82998603 6.81064455
 6.818495   6.82365196 6.8251172  6.81781264 6.8066635  6.80939052
 6.81324394 6.82612871 6.8133783  6.807918   6.82322442 6.81755419
 6.81143632 6.82210015 6.81829768 6.82098082 6.81197067 6.82206448
 6.80650433 6.81486872 6.8425852  6.81442072 6.8041219  6.83094536
 6.82227664 6.81700875 6.82048729 6.81906153 6.81778695 6.81828506
 6.81066451 6.82012043 6.80670035 6.8127329  6.83383904 6.82580433
 6.82202552 6.81912833 6.81187536 6.8096494  6.80750443 6.82673306
 6.81291419 6.81688539 6.81634355 6.8158242  6.80109385 6.83398128
 6.82803785 6.81227149 6.81683791 6.82458472 6.79736582 6.83055182
 6.81555361 6.80921651 6.82105035 6.82575361 6.82778835 6.81045127
 6.82353088 6.82295709 6.81872875 6.80191718 6.80629577 6.82331133
 6.81310586 6.81173714 6.82348333 6.8157319  6.82710186 6.82656183
 6.8014216  6.8116291  6.82461356 6.81780371 6.81809744 6.82393738
 6.8238089  6.80674642 6.82505911 6.79615654 6.82259664 6.81706593
 6.81503019 6.8231487  6.82808275 6.81413587 6.80710562 6.81235838
 6.80478095 6.8160156  6.82257046 6.84127076 6.81176395 6.82122998
 6.82300687 6.82556805 6.81312577 6.81950657 6.82477868 6.82900781
 6.80810964 6.82248326 6.81334511 6.81651467 6.8387594  6.81480734
 6.8184266  6.81553483 6.81746629 6.81163548 6.81532822 6.82767188
 6.82281259 6.8072791  6.82481687 6.81548727 6.82188207 6.82397355
 6.79713073 6.83126868 6.81296336 6.81916636 6.81098269 6.82552547
 6.81751239 6.82054471 6.82421028 6.81010783 6.81352734 6.8311071
 6.82052755 6.81721139 6.83102574 6.81548576 6.82023071 6.82436592
 6.80796319 6.81909971 6.82133863 6.82932034 6.81524246 6.80227721
 6.81449639 6.81796216 6.8089799  6.82390962 6.81219971 6.83373522
 6.81286501 6.7983194  6.82208786 6.81766247 6.81798101 6.81544316
 6.82155031 6.81274999 6.81843894 6.8254502  6.83330492 6.82004606
 6.81042955 6.80207858 6.82475396 6.82633105 6.80446012 6.80285243
 6.80858156 6.81331495 6.80959412 6.81682691 6.82320053 6.82291862
 6.83224608 6.8218792  6.82680605 6.82164706 6.81752665 6.80630919
 6.82760281 6.82051389 6.823405   6.82256001 6.82871874 6.83533266
 6.82078945 6.83609812 6.81855165 6.82202257 6.8150397  6.80268881
 6.81295805 6.81802469 6.81030122 6.8101232  6.8089513  6.82316768
 6.82461831 6.81538993 6.82115442 6.81955217 6.82270897 6.83574684
 6.82020411 6.83098584 6.81349267 6.81158143 6.82448588 6.81089021
 6.83525993 6.81370368 6.81594297 6.81761173 6.8202395  6.81774235
 6.80707698 6.82029411 6.82600236 6.80789954 6.82088649 6.81646089
 6.82530403 6.81669201 6.83190456 6.81317819 6.81790153 6.79920057
 6.81725245 6.82111732 6.82366474 6.83421581 6.82434614 6.8105105
 6.81703853 6.83231044 6.82528335 6.81868466 6.83327819 6.81475644
 6.81777105 6.81672505 6.81954277 6.81526949 6.81315827 6.81546897
 6.82394261 6.83339544 6.81845306 6.82009969 6.82001371 6.81964696
 6.81989211 6.82305187 6.81847122 6.82178775 6.80355318 6.81804157
 6.82770433 6.82179946 6.80904163 6.82270824 6.80924117 6.82511643
 6.81584419 6.81478416 6.83037537 6.81342718 6.81928481 6.81618102
 6.81162577 6.82773128 6.81890756 6.81697655 6.80545358 6.8249512
 6.82703119 6.81951638 6.81420286 6.82135856 6.82445501 6.83570459
 6.81857377 6.8212846  6.79694491 6.81902261 6.82433637 6.80882006
 6.80615741 6.82434483 6.82973031 6.81837565 6.82687117 6.81951536
 6.81253272 6.79591629 6.81247954 6.81506582 6.81745121 6.82402778
 6.81533128 6.814092   6.82278156 6.82515716 6.81043716 6.84052154
 6.82365643 6.81817683 6.82256485 6.79359923 6.82299501 6.80374537
 6.81156508 6.82464322 6.81979983 6.82043621 6.82334064 6.81699118
 6.82010031 6.82520578 6.82631359 6.82053677 6.82834086 6.82694493
 6.81111497 6.82013483 6.81373744 6.8179099  6.82926812 6.82409724
 6.81526437 6.8162097  6.83411303 6.82278935 6.81508313 6.8088925
 6.80915671 6.8169086  6.8260086  6.8090038  6.82620207 6.82736819
 6.8092535  6.82149294 6.82654833 6.82831815 6.823994   6.8216674
 6.81659899 6.80821101 6.81424874 6.8197517  6.81982442 6.82158125
 6.81635305 6.83269954 6.82334854 6.80223665 6.81999562 6.81807821
 6.80239734 6.82531016 6.81513234 6.80710305 6.83452523 6.82765536
 6.81006495 6.82079061 6.83473488 6.82341458 6.81322933 6.81427274
 6.8193964  6.81972407 6.82599755 6.82179343 6.83333618 6.80920136
 6.82443647 6.82978812 6.81141111 6.83230671 6.8186884  6.81043758
 6.81433411 6.80845011 6.82798059 6.83116911 6.82040204 6.821514
 6.80554775 6.81842642 6.82663835 6.83179565 6.81769692 6.81853556
 6.82564286 6.82585477 6.81624837 6.82506936 6.81971201 6.81098011
 6.81300804 6.82173054 6.8195147  6.80744054 6.82124107 6.82678701
 6.82565338 6.81540898 6.82100736 6.81291414 6.80291032 6.81997592
 6.79997499 6.83787016 6.83142384 6.8312377  6.81020908 6.81725246
 6.81487448 6.81172689 6.81084769 6.82556673 6.83060287 6.82541906
 6.81751459 6.82457898 6.81897742 6.80935356 6.80976493 6.81009393
 6.80788087 6.83041281 6.82528747 6.81089371 6.83134872 6.81642726
 6.82217349 6.82920822 6.82029054 6.82621487 6.82446016 6.82039316
 6.82621979 6.8121816  6.82567596 6.82031753 6.82942721 6.81876524
 6.83041464 6.82426496 6.8124513  6.82090716 6.81108712 6.82242816
 6.82591895 6.82264268 6.82471479 6.81993933 6.82460137 6.81661144
 6.82009497 6.80518714 6.8242351  6.82738607 6.80935894 6.82567653
 6.82333604 6.81159551 6.83212262 6.81278764 6.81219269 6.80202485
 6.82355856 6.81290879 6.83150443 6.82409497 6.81903531 6.83246393
 6.8389351  6.82669675 6.8156551  6.8199048  6.81146808 6.81436281
 6.82723154 6.81921568 6.82443358 6.80878399 6.82677243 6.82754887
 6.82281185 6.82262152 6.82022492 6.83073274 6.81015372 6.8266442
 6.81985035 6.82278066 6.81500697 6.82047464 6.81990356 6.81226731
 6.8175631  6.82713227 6.80171641 6.81840464 6.81064724 6.82372722
 6.8330055  6.81950475 6.8132615  6.8221668  6.81993348 6.80771898
 6.82385663 6.83314557 6.82422417 6.81051605 6.82551176 6.81901137
 6.8011019  6.79757911 6.82296737 6.82211088 6.82121075 6.82324214
 6.81462289 6.818168   6.81776232 6.82226553 6.82532124 6.81068244
 6.82425764 6.82041352 6.83047626 6.80213403 6.8324051  6.82244976
 6.80914022 6.82399757 6.81371431 6.81678635 6.82423911 6.83199797
 6.81232529 6.81879998 6.81923763 6.83574654 6.82526061 6.81836167
 6.82225821 6.81037703 6.81551387 6.80495484 6.81207792 6.81169684
 6.83091341 6.8181064  6.82059602 6.81706676 6.81788394 6.81351176
 6.81084715 6.82615482 6.81890396 6.80905833 6.82122786 6.83032075
 6.81520524 6.82903477 6.82659492 6.8251585  6.81679329 6.80916855
 6.81621721 6.84090457 6.8289515  6.81617607 6.80058131 6.81272429
 6.80353791 6.819644   6.80682192 6.81629176 6.81702453 6.82870095
 6.81204547 6.81582216 6.81361579 6.8267789  6.82312361 6.81650426
 6.82369455 6.80814386 6.81600217 6.8207757  6.82023913 6.81865106
 6.82949432 6.81930118 6.82054382 6.82095972 6.82432272 6.8289289
 6.80395014 6.82174149 6.81695301 6.81577165 6.8327671  6.81594757
 6.82050863 6.83157424 6.83123697 6.79814225 6.81196474 6.82453663
 6.8120272  6.80017524 6.8134125  6.83131809 6.81809447 6.82519285
 6.82795604 6.82740653 6.82380883 6.82087186 6.81573771 6.81337068
 6.8132209  6.82540004 6.82375321 6.81090877 6.81422886 6.80995593
 6.82448357 6.80828679 6.82741396 6.80992144 6.82200519 6.82877462
 6.80079828 6.82846806 6.8135434  6.8158354  6.82447872 6.80620423
 6.82842847 6.81937581 6.81805972 6.81685276 6.81361471 6.83465139
 6.82631974 6.81333784 6.81957106 6.82449933 6.81986682 6.82362638
 6.78843458 6.82793574 6.8288854  6.82066965 6.81366643 6.824636
 6.83124732 6.8173383  6.81377659 6.8271471  6.82622135 6.82482131
 6.82176031 6.82108087 6.81519595 6.81762744 6.82686569 6.81718256
 6.81182534 6.82201076 6.8127139  6.81377492 6.82000471 6.82321303
 6.83166713 6.83466888 6.81355285 6.8235619  6.80329088 6.81901507
 6.82244081 6.81568473 6.82266726 6.80826901 6.81023526 6.81393339
 6.81943238 6.81464249 6.81288347 6.8144801  6.81167546 6.7961748
 6.81272225 6.80756829 6.82470244 6.82197158 6.82739694 6.8215839
 6.82158358 6.83420168 6.8183588  6.82482001 6.82428697 6.81276389
 6.81307411 6.81471205 6.82293931 6.8245971  6.83234238 6.81614375
 6.8221818  6.82083837 6.81432768 6.8096267  6.82128247 6.82096181
 6.8199902  6.80444896 6.82326594 6.81243092 6.81435018 6.81855112
 6.81504863 6.81870075 6.83187316 6.82748148 6.80959494 6.81073298
 6.83015376 6.81563383 6.82443017 6.82775686 6.81567996 6.81399863
 6.81570349 6.80944545 6.81778494 6.82993079 6.82289293 6.82596518
 6.80523109 6.83258805 6.82431739 6.82104963 6.8355543  6.81959282
 6.81408779 6.82216691 6.80808194 6.82016396 6.8111518  6.81764344
 6.81774661 6.81362327 6.83294692 6.82014786 6.80966621 6.81045068
 6.83359716 6.83501705 6.81832057 6.8218592  6.81529794 6.81993596
 6.80964036 6.80442175 6.82325991 6.82704504 6.82549832 6.81437854
 6.82574028 6.82200859 6.82241616 6.82634695 6.81677748 6.83261038
 6.82846592 6.81309656 6.82159454 6.82691279 6.8238353  6.819854
 6.82020111 6.81532512 6.80368605 6.81539669 6.82380794 6.82268134
 6.82358202 6.82029851 6.82494717 6.81851276 6.80264069 6.8071238
 6.82136173 6.81991439 6.81705211 6.81529241 6.83430726 6.81172224
 6.80699082 6.81631916 6.81468209 6.82148714 6.82134011 6.82634774
 6.81848388 6.83049587 6.82138499 6.81543231 6.81999256 6.81092678
 6.82463844 6.83709853 6.80835987 6.82065698 6.81665375 6.81753836
 6.82692019 6.82654795 6.8215285  6.8271964  6.81449294 6.81671517
 6.8060842  6.80959468 6.80648926 6.80651807 6.80874781 6.81332802
 6.8304899  6.8163875  6.81186488 6.82765492 6.82140279 6.81110181
 6.82724693 6.81826168 6.80749387 6.83129132 6.812039   6.80586578
 6.8226199  6.80979765 6.80097702 6.82654371 6.81204328 6.82495621
 6.81316997 6.83031691 6.81642303 6.8268737  6.79956126 6.81462774
 6.8101413  6.8047427  6.81689064 6.82332856 6.82838541 6.83150269
 6.8189767  6.8132291  6.82028003 6.83946939 6.8070917  6.81937136
 6.81287784 6.81276773 6.82337486 6.82664171 6.8302625  6.81606876
 6.8112014  6.82604685 6.83091956 6.81876376 6.81669907 6.81947007
 6.82414631 6.81991168 6.83051729 6.81770755 6.81550193 6.81020727
 6.84572183 6.80431142 6.80378339 6.81520339 6.81880075 6.83418127
 6.82434676 6.82260324 6.81445365 6.82344302 6.82437174 6.81899232
 6.82139089 6.83575203 6.82458139 6.8180007  6.82356651 6.8250874
 6.8200512  6.80954777 6.83270844 6.82806697 6.83528834 6.81994247
 6.80326611 6.82812666 6.81782558 6.82722335 6.81697347 6.81818158
 6.81741525 6.82469365 6.80949022 6.81416964 6.8009583  6.80912985
 6.81640077 6.83255564 6.82181792 6.82257061 6.83457048 6.8304309
 6.81741608 6.82094111 6.81115097 6.83892948 6.83088994 6.8152636
 6.81989364 6.80107754 6.82495489 6.82089966 6.81639045 6.82084489
 6.81389083 6.81180681 6.8217408  6.80751338]",457
HeV_V,,,,,,6.86,0.03,"['S', 'G', 'D', 'K', 'L', 'D', 'L', 'V', 'N', 'D', 'G', 'L', 'D', 'I', 'I', 'D', 'F', 'I', 'Q', 'K', 'N', 'Q', 'K', 'E', 'I', 'Q', 'K', 'T', 'Y', 'G', 'R', 'S', 'S', 'I', 'Q', 'Q', 'P', 'S', 'T', 'K', 'D', 'R', 'T', 'R', 'A', 'W', 'E', 'D', 'F', 'L', 'Q', 'S', 'T', 'S', 'G', 'E', 'H', 'E', 'Q', 'A', 'E', 'G', 'G', 'M', 'P', 'K', 'N', 'D', 'G', 'G', 'T', 'E', 'G', 'R', 'N', 'V', 'E', 'D', 'L', 'S', 'S', 'V', 'T', 'S', 'S', 'D', 'G', 'T', 'I', 'G', 'Q', 'R', 'V', 'S', 'N', 'T', 'R', 'A', 'W', 'A', 'E', 'D', 'P', 'D', 'D', 'I', 'Q', 'L', 'D', 'P', 'M', 'V', 'T', 'D', 'V', 'V', 'Y', 'H', 'D', 'H', 'G', 'G', 'E', 'C', 'T', 'G', 'H', 'G', 'P', 'S', 'S', 'S', 'P', 'E', 'R', 'G', 'W', 'S', 'Y', 'H', 'M', 'S', 'G', 'T', 'H', 'D', 'G', 'N', 'V', 'R', 'A', 'V', 'P', 'D', 'T', 'K', 'V', 'L', 'P', 'N', 'A', 'P', 'K', 'T', 'T', 'V', 'P', 'E', 'E', 'V', 'R', 'E', 'I', 'D', 'L', 'I', 'G', 'L', 'E', 'D', 'K', 'F', 'A', 'S', 'A', 'G', 'L', 'N', 'P', 'A', 'A', 'V', 'P', 'F', 'V', 'P', 'K', 'N', 'Q', 'S', 'T', 'P', 'T', 'E', 'E', 'P', 'P', 'V', 'I', 'P', 'E', 'Y', 'Y', 'Y', 'G', 'S', 'G', 'R', 'R', 'G', 'D', 'L', 'S', 'K', 'S', 'P', 'P', 'R', 'G', 'N', 'V', 'N', 'L', 'D', 'S', 'I', 'K', 'I', 'Y', 'T', 'S', 'D', 'D', 'E', 'D', 'E', 'N', 'Q', 'L', 'E', 'Y', 'E', 'D', 'E', 'F', 'A', 'K', 'S', 'S', 'S', 'E', 'V', 'V', 'I', 'D', 'T', 'T', 'P', 'E', 'D', 'N', 'D', 'S', 'I', 'N', 'Q', 'E', 'E', 'V', 'V', 'G', 'D', 'P', 'S', 'D', 'Q', 'G', 'L', 'E', 'H', 'P', 'F', 'P', 'L', 'G', 'K', 'F', 'P', 'E', 'K', 'E', 'E', 'T', 'P', 'D', 'V', 'R', 'R', 'K', 'D', 'S', 'L', 'M', 'Q', 'D', 'S', 'C', 'K', 'R', 'G', 'G', 'V', 'P', 'K', 'R', 'L', 'P', 'M', 'L', 'S', 'E', 'E', 'F', 'E', 'C', 'S', 'G', 'S', 'D', 'D', 'P', 'I', 'I', 'Q', 'E', 'L', 'E', 'R', 'E', 'G', 'S', 'H', 'P', 'G', 'G', 'S', 'L', 'R', 'L', 'R', 'E', 'P', 'P', 'Q', 'S', 'S', 'G', 'N', 'S', 'R', 'N', 'Q', 'P', 'D', 'R', 'Q', 'L', 'K', 'T', 'G', 'D', 'A', 'A', 'S', 'P', 'G', 'G', 'V', 'Q', 'R', 'P', 'G', 'T', 'P', 'M', 'P', 'K', 'S', 'R', 'I', 'M', 'P', 'I', 'K', 'K', 'G', 'H', 'R', 'R', 'E', 'V', 'S', 'I', 'C', 'W', 'D', 'G', 'R', 'R', 'A', 'W', 'V', 'E', 'E', 'W', 'C', 'N', 'P', 'V', 'C', 'S', 'R', 'I', 'T', 'P', 'Q', 'P', 'R', 'K', 'Q', 'E', 'C', 'Y', 'C', 'G', 'E', 'C', 'P', 'T', 'E', 'C', 'S', 'Q', 'C', 'C', 'H', 'E', 'E']",,0.232,,,8.0,,,293.15,,,6.6037119043343155,"[6.59895941 6.6237896  6.59870069 6.60863666 6.60752389 6.6183173
 6.60340834 6.59680254 6.60374201 6.59510699 6.60226154 6.600201
 6.60094623 6.61359985 6.60219118 6.60899492 6.59456026 6.60757247
 6.61025897 6.60225542 6.59369912 6.60056246 6.59282589 6.61245962
 6.61595164 6.61309304 6.61581386 6.59761984 6.5968946  6.61505866
 6.59961031 6.59603562 6.60315618 6.61353993 6.59595824 6.60797794
 6.60204434 6.62223556 6.60777659 6.59778816 6.60024511 6.59567012
 6.60427151 6.60292035 6.60487999 6.59186422 6.60930173 6.61383181
 6.60792852 6.60162099 6.59942015 6.61125144 6.6069971  6.59326158
 6.60941963 6.60025985 6.61466387 6.59380677 6.59671955 6.59792401
 6.59644361 6.61682213 6.60691603 6.59413372 6.6007706  6.59860859
 6.6065689  6.61756316 6.61279766 6.60047391 6.59742086 6.6145308
 6.62166244 6.6097332  6.59314461 6.59618247 6.60901511 6.60303739
 6.59689368 6.59379559 6.60126905 6.61185843 6.60190424 6.60789971
 6.60206351 6.60790689 6.595499   6.59642892 6.59928768 6.60858386
 6.60995476 6.59400144 6.60914719 6.59964482 6.60055618 6.59650873
 6.59730434 6.59831339 6.61294668 6.60920003 6.59572831 6.60717965
 6.60380031 6.6054338  6.60613785 6.60818215 6.59261521 6.60450483
 6.60829012 6.61027273 6.6107709  6.60833571 6.60544805 6.605222
 6.61092691 6.60093122 6.61007037 6.5974902  6.60152118 6.60433767
 6.60461389 6.59647751 6.61500398 6.58545896 6.61450552 6.60026413
 6.60181946 6.59908526 6.60893411 6.60265027 6.60702407 6.60424587
 6.6103003  6.60231229 6.60325885 6.60302174 6.60927196 6.59759531
 6.60874092 6.60693177 6.60393362 6.6029116  6.63169547 6.60165339
 6.5964879  6.59981519 6.61419957 6.59541828 6.61735745 6.59853732
 6.61015688 6.59861768 6.612491   6.59914982 6.60570066 6.5939351
 6.60016292 6.59436206 6.60335761 6.59273491 6.60984052 6.61561857
 6.59691296 6.60868068 6.60627239 6.60854994 6.61198007 6.61365078
 6.59680601 6.62100126 6.61230052 6.60376803 6.60238067 6.60551247
 6.60756192 6.59972312 6.61343878 6.60725453 6.59917041 6.60550919
 6.60057034 6.5900268  6.60496884 6.61332703 6.59658397 6.61618457
 6.61067812 6.59374625 6.60771709 6.59889797 6.60374959 6.60730317
 6.60091906 6.59809518 6.60060127 6.59691792 6.59474078 6.61281566
 6.6129281  6.58684429 6.61165143 6.6003717  6.59681316 6.60605286
 6.59725365 6.59746812 6.60437796 6.58961687 6.6057894  6.60126042
 6.58730193 6.61065106 6.61136255 6.59802506 6.60692996 6.61163478
 6.60453816 6.60110187 6.59966619 6.61054012 6.59841503 6.60141895
 6.60730487 6.59881871 6.60496413 6.59771671 6.60653414 6.60526583
 6.61091696 6.60782601 6.60312562 6.60812391 6.61338283 6.60036772
 6.59746901 6.59309398 6.60382017 6.61870502 6.61960191 6.61052882
 6.60055024 6.60080358 6.59958089 6.60860866 6.5953021  6.60887678
 6.60533137 6.60238261 6.60024058 6.61275352 6.59186581 6.60042243
 6.59879941 6.60879295 6.5921629  6.59656513 6.61018085 6.6121669
 6.61322419 6.59878066 6.60130148 6.60035159 6.60966408 6.61700384
 6.60963164 6.60563777 6.60574281 6.61069876 6.63107235 6.58159256
 6.59778842 6.60976136 6.59000751 6.60735968 6.61207938 6.61716422
 6.59611193 6.59998812 6.59734119 6.58744355 6.60329337 6.62325536
 6.60400473 6.61947348 6.5935641  6.61622284 6.60580771 6.60301745
 6.60245643 6.5996525  6.61413628 6.60633302 6.59387067 6.58606614
 6.6054951  6.60259394 6.59141711 6.59129926 6.61495912 6.60290791
 6.59560431 6.59322864 6.61217643 6.59466971 6.59022233 6.62683781
 6.61232476 6.59500128 6.60137744 6.60516136 6.61332044 6.61210818
 6.59786234 6.60412602 6.61036173 6.59484564 6.59335395 6.61269134
 6.61740019 6.60368085 6.60195635 6.60318678 6.61065106 6.60529713
 6.61773072 6.60320102 6.60029771 6.59843022 6.6095675  6.60281404
 6.61153413 6.61242172 6.60374985 6.60350597 6.59142643 6.61855291
 6.61016817 6.60185521 6.62040588 6.60444408 6.60017967 6.60526856
 6.60457443 6.61619847 6.59567951 6.59503114 6.59978687 6.6034122
 6.59866066 6.6007216  6.61423721 6.60367468 6.60285083 6.59973759
 6.60998633 6.60264901 6.6123077  6.60865481 6.60224617 6.60978953
 6.60669149 6.59416702 6.60436829 6.60664377 6.6024086  6.6085576
 6.61570669 6.60682657 6.60878693 6.62053582 6.60100299 6.61129982
 6.60765586 6.60631818 6.60477157 6.60610032 6.57978361 6.60289052
 6.60261442 6.60856094 6.59988704 6.599011   6.60596551 6.61004658
 6.60610665 6.59746433 6.60260582 6.60154678 6.58961498 6.60749418
 6.61247589 6.6026181  6.60209653 6.60948018 6.61306695 6.61303488
 6.6075199  6.60127033 6.60393074 6.60617762 6.5960788  6.59740814
 6.60113675 6.60247791 6.60237951 6.59789085 6.59890503 6.5982259
 6.59696793 6.5915304  6.59974142 6.61734188 6.62032765 6.59837651
 6.60230633 6.61434284 6.63348324 6.60913281 6.59562108 6.59257331
 6.60720867 6.59479598 6.59982443 6.60221919 6.59619295 6.60684816
 6.59452775 6.61288945 6.60061116 6.6119219  6.60610907 6.60816316
 6.60066386 6.61995302 6.58854719 6.60341697 6.61854267 6.61034335
 6.60198056 6.62173723 6.60626032 6.59877791 6.60750347 6.61880679
 6.61331875 6.60419283 6.59594099 6.58745914 6.61536917 6.59695604
 6.61741605 6.61111001 6.61270226 6.60114727 6.61213204 6.59647021
 6.60529916 6.59888601 6.60471042 6.61033904 6.61546063 6.60656098
 6.61272395 6.60160567 6.61006786 6.59821737 6.60423477 6.60610329
 6.6050348  6.61242355 6.58257918 6.60581431 6.60167482 6.60154772
 6.61066328 6.59129321 6.60249033 6.60878162 6.5962521  6.60895531
 6.6115015  6.59746159 6.60246098 6.60690823 6.60198357 6.60412042
 6.60273406 6.60500887 6.59513691 6.59873382 6.59889279 6.59660703
 6.61212326 6.6104109  6.60269774 6.6096174  6.60046316 6.60882017
 6.61686936 6.60638497 6.6025455  6.59311004 6.5989106  6.60801973
 6.61194902 6.61076625 6.60520751 6.60016083 6.61949966 6.60107282
 6.59715553 6.58578022 6.61732185 6.59941151 6.59328523 6.61054706
 6.59784618 6.60236112 6.59955504 6.60836397 6.61705538 6.6006342
 6.60352376 6.60942418 6.60445461 6.60692905 6.60885739 6.59748721
 6.60133377 6.60260352 6.60135975 6.60366431 6.59891547 6.60287356
 6.60971359 6.59642044 6.59485927 6.60977374 6.59838249 6.60639675
 6.61914904 6.59924297 6.60152754 6.58542223 6.59437245 6.60130448
 6.59856283 6.60317793 6.60877794 6.59626792 6.60677561 6.61151302
 6.60767724 6.59469929 6.59135314 6.58529827 6.60366323 6.59006583
 6.60565283 6.5919357  6.60994808 6.59106052 6.59871037 6.61243945
 6.60619133 6.59505219 6.61057216 6.59712525 6.59906632 6.60697217
 6.60309112 6.60695073 6.59807452 6.61200653 6.59415935 6.60732022
 6.6110961  6.60906623 6.60327021 6.60185361 6.59889201 6.60642177
 6.59994309 6.61805584 6.60351216 6.60628853 6.59987997 6.60172304
 6.61767574 6.61118662 6.61345157 6.61840923 6.60165128 6.6029504
 6.6030764  6.59992203 6.60443157 6.60067474 6.5905831  6.5981882
 6.58146886 6.60109879 6.60705063 6.5960266  6.5947742  6.60196179
 6.60444395 6.605845   6.60955828 6.59969503 6.60618361 6.61249883
 6.61496355 6.60403711 6.61533847 6.59950579 6.60372431 6.60569881
 6.60212831 6.58402564 6.60013844 6.59889713 6.60611321 6.59361566
 6.59449221 6.60834844 6.59612192 6.5960091  6.58441044 6.60349412
 6.58349874 6.60581989 6.60449424 6.59903885 6.6099692  6.60273695
 6.59697    6.622503   6.59778735 6.59839911 6.60225971 6.60624563
 6.61197545 6.60679849 6.61235016 6.60122534 6.59727183 6.61359322
 6.62224567 6.60621362 6.59678376 6.61426544 6.60010798 6.60359704
 6.60163454 6.59699561 6.60889696 6.60613745 6.60187086 6.60078214
 6.59278882 6.59444127 6.60072957 6.59955213 6.60852638 6.60915288
 6.60988148 6.60645771 6.6040032  6.61137927 6.61178342 6.61459442
 6.60911297 6.61302569 6.60700649 6.60225845 6.61993067 6.60433637
 6.58993779 6.60464079 6.6078475  6.60007125 6.60583092 6.5941085
 6.60563977 6.59979899 6.61072981 6.6100662  6.59723332 6.60209649
 6.6064761  6.61463121 6.60223476 6.60164708 6.60647281 6.6032879
 6.60457303 6.61221606 6.60720502 6.59795424 6.59900153 6.60113865
 6.59652399 6.60899078 6.60546811 6.6069953  6.61031499 6.60704209
 6.59959597 6.60126728 6.61125558 6.60027301 6.59786415 6.62369561
 6.60465832 6.59628278 6.60452739 6.61432016 6.60099395 6.59894054
 6.59383958 6.6070259  6.59624845 6.60323131 6.58986786 6.60260105
 6.60082303 6.58701163 6.61205239 6.61568805 6.59476057 6.60162618
 6.59552077 6.60821072 6.61521383 6.59964899 6.59396433 6.60925304
 6.60943406 6.60292928 6.59209162 6.61866864 6.59792101 6.5929773
 6.5952125  6.60310503 6.59882256 6.59906298 6.60680439 6.61727858
 6.60723459 6.61760275 6.59870422 6.59270112 6.60984717 6.61020844
 6.60569715 6.61805732 6.61771026 6.60565159 6.60291232 6.60787933
 6.5931777  6.60192243 6.60588429 6.61035434 6.61265091 6.59954412
 6.59904153 6.6041839  6.60787812 6.6016741  6.61383033 6.59358019
 6.59377601 6.59760656 6.59767346 6.60439103 6.61870307 6.61331088
 6.61411865 6.61955663 6.62070903 6.60905064 6.60466221 6.59722931
 6.60128184 6.61288887 6.59678654 6.60921307 6.59945646 6.59670838
 6.61267721 6.60536    6.60417055 6.6024823  6.60123205 6.5919096
 6.59309375 6.59877246 6.60380202 6.61155261 6.61109208 6.60769517
 6.60497306 6.60362592 6.6006777  6.60044706 6.60697767 6.59265699
 6.60636001 6.61243138 6.59991349 6.60455243 6.59668078 6.60417859
 6.60104344 6.59200799 6.60842474 6.61208775 6.60390323 6.60359557
 6.61023365 6.61516928 6.60298417 6.59197296 6.59224961 6.62152233
 6.59642841 6.59349308 6.60757064 6.62000711 6.6195572  6.60068028
 6.61602235 6.59693353 6.60251323 6.60652728 6.60403391 6.59613557
 6.61219757 6.60213786 6.60803047 6.61019884 6.62028487 6.59024986
 6.59794442 6.57824966 6.60490422 6.59166557 6.62287607 6.60389949
 6.59204973 6.61058866 6.60125177 6.60407662 6.6154114  6.60466731
 6.60366061 6.60187668 6.59850228 6.59814391 6.6018583  6.62045613
 6.61121427 6.59925097 6.60161444 6.59476694 6.61087684 6.59050822
 6.60529385 6.60137858 6.59709313 6.59267711 6.60485199 6.59744509
 6.60788758 6.6114938  6.60912045 6.6061025  6.60890295 6.60942695
 6.60525625 6.60793018 6.5952692  6.58221796 6.58896645 6.60817595
 6.59772736 6.6126859  6.61077162 6.60180313 6.61537881 6.60291233
 6.59810805 6.61442108 6.62056482 6.60172701 6.60572798 6.60144199
 6.60658436 6.61243825 6.60552993 6.60712841 6.59161214 6.60362376
 6.58946308 6.61333735 6.61407518 6.60668612 6.60248599 6.60774573
 6.61246032 6.60905888 6.59753344 6.60089035 6.5970599  6.60138416
 6.61097785 6.62339003 6.5999762  6.59684038 6.59437958 6.61731999
 6.6211502  6.59223506 6.59767339 6.61381066 6.61079195 6.60923907
 6.59940362 6.60830898 6.60617854 6.59804712 6.60080676 6.61057651
 6.59758357 6.58780812 6.59931962 6.59793466 6.59670778 6.59619559
 6.59688853 6.60059787 6.60206471 6.6127473  6.61656954 6.5978451
 6.60996719 6.61231932 6.597143   6.59020351 6.6050457  6.583753
 6.59390758 6.59879629 6.60057075 6.59533698 6.60676917 6.60086938
 6.604862   6.6050815  6.60682754 6.60861897 6.60964745 6.60162659
 6.60946143 6.59485481 6.59721419 6.60022604 6.5979198  6.61163639
 6.60622154 6.60020647 6.61445165 6.59995752 6.61020837 6.5985271
 6.60604543 6.58936825 6.60923463 6.58205806 6.59561674 6.60505567
 6.60149714 6.61164626 6.61219334 6.6029899  6.60297961 6.59646068
 6.60556565 6.60394455 6.62735656 6.60144704 6.59079199 6.60339525
 6.59930941 6.61752279 6.58887951 6.60997165]",458
